Year,NPI,Taxonomy,Primary_Zip,Secondary_Zip
2020,1811994726,207VM0101X,85028,850134295
2020,1326046889,207VM0101X,452202475,410173403
2020,1639177199,207VM0101X,452202475,410173403
2020,1629076104,207VM0101X,452202475,410173403
2020,1215935796,207VM0101X,452202475,410173403
2020,1558369041,207VM0101X,452202475,410173403
2020,1033119698,207VM0101X,558051951,212870005
2020,1508850041,207V00000X,40202,785046104
2020,1497749907,207VF0040X,201905898,221013851
2020,1598750945,207VX0201X,314056087,299105023
2020,1245225424,207VX0201X,379323330,379341983
2020,1750370110,207VG0400X,080434501,080439612
2020,1710976899,207VM0101X,17101,83704
2020,1386627974,207VM0101X,857191454,857191454
2020,1427031061,207VE0102X,100062516,02920
2020,1639153018,207V00000X,92123,78234
2020,1508845231,207V00000X,543013528,541532004
2020,1386617785,207VM0101X,685102471,22903
2020,1164495925,207V00000X,21401,21401
2020,1801863659,207VM0101X,11554,331603635
2020,1306813167,207V00000X,93036,984055307
2020,1477520005,207V00000X,992042307,993523558
2020,1710954375,207V00000X,99352,993523524
2020,1417924770,207V00000X,554541437,55435
2020,1508828179,207VX0201X,92037,921343098
2020,1851354211,207VM0101X,852245298,495032560
2020,1487617981,207VE0102X,328061124,322569111
2020,1487611760,207V00000X,381202361,358015134
2020,1760432363,207VX0201X,374032106,708175128
2020,1194776658,207VM0101X,02115,021155724
2020,1477504579,207V00000X,606431723,606173984
2020,1417908393,207V00000X,292012930,29203
2020,1558312207,207V00000X,531428420,532263522
2020,1275574519,207V00000X,200373201,208142924
2020,1538100722,207VX0201X,06810,100296503
2020,1760427041,207VM0101X,50314,031106736
2020,1073559027,207VM0101X,46256,462601972
2020,1447282074,207VM0101X,32608,936368761
2020,1780615856,207V00000X,799052707,799025806
2020,1265465140,207VX0201X,30076,303443608
2020,1477574846,207VM0101X,94109,946091710
2020,1053332296,207VF0040X,481952487,481924650
2020,1588685507,207VM0101X,708175100,706057170
2020,1164532685,207VE0102X,366073514,480841744
2020,1326158502,207VM0101X,611033655,490075349
2020,1134239338,207VM0101X,972256603,405360293
2020,1720198880,207V00000X,708175128,544495703
2020,1285733139,207VF0040X,60076,60076
2020,1417042854,207VX0201X,981338414,546015429
2020,1962596551,207V00000X,94109,95128
2020,1043300114,207VF0040X,927084092,927084055
2020,1780766261,207Q00000X,465637830,465451468
2020,1568545713,207V00000X,27157,277100001
2020,1437237575,207VG0400X,024812109,016052726
2020,1437237674,207V00000X,941181636,949455055
2020,1316000698,207VG0400X,11355,103053401
2020,1982767810,207VX0201X,70112,921341098
2020,1356487854,207VM0101X,197132127,197134236
2020,1083751184,207V00000X,105322170,100323729
2020,1184757080,207V00000X,940631433,941090456
2020,1487779807,207VM0101X,48085,480255439
2020,1801912928,207VM0101X,958154320,208157101
2020,1326169699,207VX0201X,852595452,850544502
2020,1154442283,207V00000X,01915,021111552
2020,1881810224,207V00000X,85381,402074707
2020,1144421009,207VX0201X,465264810,802183671
2020,1346441144,207VX0201X,910073471,910103012
2020,1063612521,207VM0101X,66160,980555767
2020,1396905642,207V00000X,01107,325032673
2020,1164682373,207VE0102X,291694716,294641901
2020,1154581304,207VX0201X,100656007,041023134
2020,1073773073,207VX0201X,913559512,935344079
2020,1952561938,207V00000X,65201,731124418
2020,1417112764,207V00000X,648041639,631081402
2020,1396900569,207V00000X,11570,117463258
2020,1073751731,207V00000X,079606136,070521104
2020,1700020138,207VF0040X,44333,445125980
2020,1952545220,207V00000X,91105,91105
2020,1760619324,207VM0101X,20901,20060
2020,1578791190,207VM0101X,765445095,782344504
2020,1538397112,207V00000X,275144220,271574220
2020,1285963843,207V00000X,958194132,191064000
2020,1295053569,207V00000X,68198,405360001
2020,1902124001,207V00000X,78758,78130
2020,1871811919,207V00000X,770302608,841320100
2020,1821316902,207VM0101X,809095533,352491900
2020,1841518883,207V00000X,37232,37232
2020,1255659173,207VX0201X,752462092,352491900
2020,1588983266,207VF0040X,681144762,943052200
2020,1699086173,207VX0201X,606371447,606371447
2020,1174835136,207VX0201X,641321110,432101267
2020,1336431840,207VM0101X,11706,910062125
2020,1790077253,207V00000X,98372,481095000
2020,1861789554,207V00000X,288062343,200103017
2020,1861789315,207VX0201X,73104,436063834
2020,1942581616,207V00000X,191153212,189541527
2020,1770865305,207VF0040X,92868,943052200
2020,1487923991,176B00000X,571057702,572011558
2020,1831468347,207V00000X,571057702,511051431
2020,1568738102,207VE0102X,94085,30303
2020,1740556232,207VX0201X,44109,44109
2020,1376819854,207V00000X,70115,559050001
2020,1689940017,207V00000X,152242156,981950001
2020,1407122930,207V00000X,02114,02114
2020,1720354038,207VE0102X,75001,765046323
2020,1215203559,207VX0201X,462602053,731045418
2020,1750657078,207V00000X,27103,280252982
2020,1073889234,207VM0101X,981956110,021156110
2020,1720354905,207VM0101X,27705,100214742
2020,1720348998,207VM0101X,294255812,299105812
2020,1891055075,390200000X,928062020,92868
2020,1639434087,207V00000X,212011544,21061
2020,1023368370,207VX0201X,06030,104672401
2020,1407299357,207V00000X,275144220,191074420
2020,1538502489,207VX0201X,212870001,021142696
2020,1841633757,207VX0201X,300601132,352331900
2020,1710320627,207V00000X,731045018,731208300
2020,1598108243,207V00000X,55905,55905
2020,1396188611,207VX0201X,100654870,117948091
2020,1184064040,207V00000X,55905,309120004
2020,1306286158,207V00000X,85259,48912
2020,1477993160,207V00000X,029052401,027471280
2020,1801236401,207VM0101X,900952401,029052401
2020,1801213731,207VF0040X,85340,852584500
2020,1962820886,207VM0101X,800452545,606112909
2020,1871911685,207V00000X,731045418,70115
2020,1649685876,207VM0101X,17406,174035074
2020,1093120156,207VE0102X,20892,606123833
2020,1790181030,207VM0101X,14621,14626
2020,1366837247,207V00000X,35294,352496511
2020,1730574542,207VX0201X,731045418,336063475
2020,1912392770,207V00000X,841322209,197182200
2020,1588059257,207V00000X,352494699,352944699
2020,1992190516,207VM0101X,800452545,170332360
2020,1629459961,207VX0201X,559050001,452202475
2020,1881075034,207V00000X,841322209,631101003
2020,1134578594,207VM0101X,191044238,029052401
2020,1376992727,207V00000X,559050001,652016986
2020,1811346141,207V00000X,191045502,029052401
2020,1003330572,207V00000X,921039000,90033
2020,1982122453,207VM0101X,070552804,109414018
2020,1215430269,207VM0101X,853021360,852045251
2020,1992262703,207VM0101X,199013530,199046920
2020,1811994726,207VM0101X,85028,850134218
2020,1326046889,207VM0101X,452202475,452062504
2020,1508850041,207V00000X,40202,785046104
2020,1750370110,207VG0400X,080434501,080804006
2020,1427031061,207VE0102X,100062516,029053240
2020,1508845231,207V00000X,543013528,543114240
2020,1164495925,207V00000X,21401,224018451
2020,1306813167,207V00000X,93036,984055307
2020,1487617981,207VE0102X,328061124,322587420
2020,1760432363,207VX0201X,374032106,462270963
2020,1417908393,207V00000X,292012930,292036803
2020,1558312207,207V00000X,531428420,532263522
2020,1073559027,207VM0101X,46256,462601972
2020,1780615856,207V00000X,799052707,799113602
2020,1265465140,207VX0201X,30076,303443608
2020,1477574846,207VM0101X,94109,941095455
2020,1053332296,207VF0040X,481952487,480831603
2020,1588685507,207VM0101X,708175100,708154103
2020,1962596551,207V00000X,94109,95128
2020,1780766261,207Q00000X,465637830,465451464
2020,1568545713,207V00000X,27157,277100001
2020,1437237674,207V00000X,941181636,941096920
2020,1083751184,207V00000X,105322170,100323729
2020,1801912928,207VM0101X,958154320,208157101
2020,1326169699,207VX0201X,852595452,559050001
2020,1346441144,207VX0201X,910073471,935344079
2020,1164682373,207VE0102X,291694716,284017407
2020,1154581304,207VX0201X,100656007,041023134
2020,1073773073,207VX0201X,913559512,065103220
2020,1073751731,207V00000X,079606136,079013577
2020,1295053569,207V00000X,68198,405360001
2020,1699086173,207VX0201X,606371447,921039001
2020,1790077253,207V00000X,98372,481095000
2020,1487923991,176B00000X,571057702,510411836
2020,1831468347,207V00000X,571057702,562582626
2020,1750657078,207V00000X,27103,282071248
2020,1023368370,207VX0201X,06030,104672401
2020,1407299357,207V00000X,275144220,276077505
2020,1306286158,207V00000X,85259,48912
2020,1649685876,207VM0101X,17406,174035074
2020,1790181030,207VM0101X,14621,145131057
2020,1366837247,207V00000X,35294,322096511
2020,1982122453,207VM0101X,070552804,079302908
2020,1750370110,207VG0400X,080434501,080602099
2020,1508845231,207V00000X,543013528,541433834
2020,1164495925,207V00000X,21401,06520
2020,1558312207,207V00000X,531428420,531427884
2020,1780615856,207V00000X,799052707,328061014
2020,1780766261,207Q00000X,465637830,465451464
2020,1326169699,207VX0201X,852595452,850544502
2020,1073773073,207VX0201X,913559512,913451207
2020,1073751731,207V00000X,079606136,110404024
2020,1487923991,176B00000X,571057702,570495357
2020,1831468347,207V00000X,571057702,577015392
2020,1407299357,207V00000X,275144220,191075100
2020,1790181030,207VM0101X,14621,112202508
2020,1366837247,207V00000X,35294,322096511
2020,1558312207,207V00000X,531428420,531427884
2020,1487923991,176B00000X,571057702,577015392
2020,1366837247,207V00000X,35294,352337333
2020,1780681841,207VE0102X,284017407,
2020,1063419059,207VX0201X,15212,
2020,1699772624,207V00000X,120653763,
2020,1629075593,207VX0201X,070521000,
2020,1992703607,207VE0102X,286439416,
2020,1942207774,207VX0201X,01890,
2020,1588661318,207VX0201X,600451659,
2020,1912904756,207VX0201X,070521000,
2020,1356348056,207VX0201X,191063757,
2020,1902804693,207VX0201X,077199671,
2020,1689671539,207VE0102X,805243953,
2020,1619974318,207V00000X,805013128,
2020,1851399521,207VM0101X,100212651,
2020,1861490542,207V00000X,705262208,
2020,1417955980,207VM0101X,100212651,
2020,1053319681,207VX0201X,142630001,
2020,1184624918,207VM0101X,200600001,
2020,1104826767,207V00000X,891064004,
2020,1588664155,207VM0101X,152242156,
2020,1396745923,207V00000X,303421631,
2020,1306846845,207V00000X,303033031,
2020,1821098393,207VE0102X,700052843,
2020,1689674046,207VE0102X,704484664,
2020,1104826577,207VE0102X,704484664,
2020,1013917350,207VE0102X,704484664,
2020,1437159795,207VE0102X,015272677,
2020,1790785012,207VF0040X,19063,
2020,1801896295,174400000X,770302312,
2020,1245230390,207VM0101X,207851189,
2020,1851391981,207VE0102X,10019,
2020,1770583916,207VM0101X,152124769,
2020,1013917137,207VE0102X,161483278,
2020,1396739868,207VX0201X,379201632,
2020,1245224864,207V00000X,532264216,
2020,1679567101,207V00000X,122083835,
2020,1386639821,207VM0101X,672144923,
2020,1922093350,207VX0201X,300336131,
2020,1881688398,207VM0101X,278344300,
2020,1952396459,207VX0201X,330161897,
2020,1245225762,207VX0201X,330273661,
2020,1962497305,207VX0201X,794101301,
2020,1881689081,207VM0101X,782293931,
2020,1255326633,207VM0101X,841241228,
2020,1366437766,207VM0101X,100191147,
2020,1821083148,207PE0004X,77002,
2020,1194710467,207VM0101X,379201511,
2020,1174518401,207VF0040X,32250,
2020,1780679969,207VX0201X,061051770,
2020,1679568703,207VE0102X,336171126,
2020,1184619215,207VE0102X,336063603,
2020,1528053667,207VE0102X,336171126,
2020,1215922463,207VM0101X,77030,
2020,1386639565,207VF0040X,468251675,
2020,1982693404,207VF0040X,322241865,
2020,1740279272,207VM0101X,33486,
2020,1104815679,207VE0102X,142244658,
2020,1235128661,207V00000X,17043,
2020,1760471122,207VM0101X,077534488,
2020,1861481038,207V00000X,336124742,
2020,1043209224,207VM0101X,278344300,
2020,1528057734,207VM0101X,303421606,
2020,1710976048,207V00000X,301066810,
2020,1235128315,207VE0102X,945982419,
2020,1215926399,207VE0102X,432142300,
2020,1992794085,207VE0102X,01867,
2020,1093704231,207VE0102X,502661900,
2020,1811986987,207VE0102X,432142300,
2020,1538158613,207VM0101X,08103,
2020,1922098938,207VM0101X,265061200,
2020,1841289824,207VF0040X,27514,
2020,1124017157,207VE0102X,432142300,
2020,1750371795,207VX0201X,432141419,
2020,1144210121,207V00000X,782584791,
2020,1073596862,207VM0101X,940404103,
2020,1568445302,207V00000X,271031628,
2020,1851374656,207VM0101X,011042377,
2020,1881677680,207VE0102X,333241840,
2020,1689657355,207VM0101X,031106736,
2020,1740263425,207VX0201X,209025020,
2020,1386627081,207VE0102X,958172307,
2020,1881677508,207V00000X,191461613,
2020,1962485557,207VM0101X,972256772,
2020,1285617878,207VE0102X,080542267,
2020,1457334047,207V00000X,080533209,
2020,1568445005,207Q00000X,785399140,
2020,1942283403,207VM0101X,900485421,
2020,1710960216,207VX0201X,32504,
2020,1295718799,207V00000X,112032056,
2020,1467435982,207VX0201X,78539,
2020,1588647127,207VE0102X,06519,
2020,1134103658,207VM0101X,339083618,
2020,1346224797,207VM0101X,606112292,
2020,1255315602,207VE0102X,606123841,
2020,1639153943,207VX0201X,142252591,
2020,1053395384,207VM0101X,601901295,
2020,1891779369,207V00000X,958172307,
2020,1568446912,207VM0101X,606112292,
2020,1649254095,174400000X,606371447,
2020,1083698542,207VE0102X,923543450,
2020,1013991587,207VE0102X,322078334,
2020,1528042835,207VX0201X,142252594,
2020,1164406286,207V00000X,967341868,
2020,1750369864,207VX0201X,190013720,
2020,1750369757,207V00000X,483343275,
2020,1992784987,207VX0201X,753909032,
2020,1871572867,207VE0102X,602012455,
2020,1023097011,207VE0102X,606115935,
2020,1386623254,174400000X,462021261,
2020,1750360665,207VE0102X,926607721,
2020,1720067630,207V00000X,641242323,
2020,1417936139,207VX0201X,060521743,
2020,1477532240,207VX0201X,66160,
2020,1235118019,207VE0102X,303033031,
2020,1003895780,207V00000X,309120004,
2020,1437138914,207VG0400X,333081412,
2020,1447239959,207VX0201X,077641177,
2020,1639158165,207VM0101X,905022047,
2020,1649259227,207V00000X,571057702,
2020,1609849017,207VM0101X,85704,
2020,1326011735,207V00000X,905054826,
2020,1245203678,207V00000X,240132222,
2020,1861465015,207VX0201X,559050001,
2020,1386617603,207VM0101X,30122,
2020,1518930601,207V00000X,454311261,
2020,1053384149,207V00000X,271570001,
2020,1932172079,207V00000X,981950001,
2020,1174596241,207V00000X,11215,
2020,1174596167,207VX0201X,329408288,
2020,1942273958,207V00000X,329011973,
2020,1770556714,207VM0101X,295062773,
2020,1063485142,207VM0101X,20037,
2020,1215900212,207V00000X,631081402,
2020,1770556797,207VX0201X,200162633,
2020,1376516211,207VG0400X,441061716,
2020,1659344422,207V00000X,537920001,
2020,1265405096,207V00000X,931054305,
2020,1154398881,207V00000X,55435,
2020,1659348399,207V00000X,55435,
2020,1083681837,207RH0003X,331762148,
2020,1720055478,207V00000X,958172307,
2020,1265409916,174400000X,986839591,
2020,1891762571,207VM0101X,079606092,
2020,1326015025,207VM0101X,089011962,
2020,1013984616,207VM0101X,077405725,
2020,1992772594,207VM0101X,077405725,
2020,1730156373,207VX0201X,220036800,
2020,1164499703,207VE0102X,294641901,
2020,1477520054,207V00000X,235071627,
2020,1043287691,207V00000X,605256537,
2020,1124095443,207VM0101X,15801,
2020,1407823735,207VM0101X,936368761,
2020,1336116656,207VM0101X,077405725,
2020,1932176286,207V00000X,554352131,
2020,1013984236,207V00000X,482012007,
2020,1073580205,207VM0101X,21401,
2020,1417924614,207V00000X,55435,
2020,1568439768,207VX0201X,303182538,
2020,1366419418,207VX0201X,33607,
2020,1124095278,207VF0040X,488235353,
2020,1851353791,207V00000X,765080001,
2020,1841252756,207VM0101X,495032515,
2020,1265494041,207V00000X,60076,
2020,1609838481,207VM0101X,591017506,
2020,1265494827,207V00000X,787031448,
2020,1184686776,207VE0102X,705086949,
2020,1396707014,207VM0101X,112032057,
2020,1750344388,207VM0101X,100371802,
2020,1609839232,207VM0101X,89106,
2020,1497717045,207V00000X,722057101,
2020,1851353585,207V00000X,37604,
2020,1669434395,207VM0101X,972271683,
2020,1114989753,207VM0101X,741368327,
2020,1083677439,207VM0101X,490075341,
2020,1609839067,207V00000X,900953075,
2020,1972566347,207VE0102X,920082194,
2020,1265495642,207VX0201X,639012430,
2020,1063475317,207VX0201X,782344504,
2020,1235192584,207VX0201X,98332,
2020,1508829904,207V00000X,11418,
2020,1669435962,207V00000X,11355,
2020,1528021839,207VM0101X,89106,
2020,1962465278,207V00000X,113546533,
2020,1114984705,207VM0101X,661600001,
2020,1023075611,207SG0201X,381202382,
2020,1932166527,207V00000X,554151623,
2020,1164489704,207VE0102X,190013725,
2020,1073570610,207VE0102X,190013725,
2020,1851358360,207V00000X,080809340,
2020,1720045230,207VM0101X,381033409,
2020,1174580971,207VM0101X,19611,
2020,1639136310,207VM0101X,89106,
2020,1295792984,207V00000X,02115,
2020,1093772782,207VX0201X,02115,
2020,1780641431,207RX0202X,40503,
2020,1518924133,207VF0040X,334862344,
2020,1245297878,207VE0102X,02115,
2020,1407813025,207VX0201X,402074700,
2020,1881651305,207VM0101X,191182718,
2020,1467419788,207V00000X,90095,
2020,1508823071,207SG0201X,753907208,
2020,1043277510,207VE0102X,753907208,
2020,1568429934,207VX0201X,753907208,
2020,1578520821,207V00000X,284053685,
2020,1669439816,207VX0201X,928353618,
2020,1679530075,207V00000X,191021121,
2020,1518924778,207V00000X,180151155,
2020,1588621999,207V00000X,559050001,
2020,1568429975,207VE0102X,760226033,
2020,1811954225,207SG0201X,753907208,
2020,1750348017,207VG0400X,452192906,
2020,1669439923,207VX0201X,02114,
2020,1609833979,207VE0102X,62702,
2020,1568429926,207SG0201X,212870005,
2020,1225095433,207VM0101X,142264500,
2020,1588621791,207V00000X,109942215,
2020,1659338846,207VE0102X,554071544,
2020,1194782250,207VE0102X,802181216,
2020,1700844743,207VM0101X,681988102,
2020,1447201827,207VX0201X,196111428,
2020,1578514956,207VX0201X,681144108,
2020,1841240397,207VM0101X,602011718,
2020,1205886850,207VX0201X,105911077,
2020,1811948383,207VX0201X,240164962,
2020,1548210024,207VX0201X,19013,
2020,1689624199,207VM0101X,802181216,
2020,1609826262,207VM0101X,681988102,
2020,1568412088,207VE0102X,208502739,
2020,1003867391,207VM0101X,752302505,
2020,1720038276,207VE0102X,02115,
2020,1003867425,207VM0101X,52402,
2020,1528018082,207VX0201X,303091267,
2020,1154371623,207VM0101X,917903938,
2020,1851342976,207VE0102X,076313574,
2020,1063463131,207VX0201X,40202,
2020,1043261027,207VE0102X,954054819,
2020,1639120678,207VE0102X,741194044,
2020,1437100310,207VE0102X,02115,
2020,1679524581,207VM0101X,605151594,
2020,1225085715,207V00000X,33701,
2020,1659328201,207V00000X,537151911,
2020,1639126329,207VX0201X,029042609,
2020,1598712168,207V00000X,34741,
2020,1972550614,207V00000X,330295593,
2020,1821045584,207VX0201X,801222633,
2020,1831146356,207VX0201X,374032106,
2020,1316994841,207VE0102X,640865594,
2020,1811944101,207RH0003X,799151815,
2020,1013964436,207VM0101X,631418232,
2020,1902853336,207V00000X,02115,
2020,1932156379,207V00000X,708175100,
2020,1841247285,207VM0101X,152133108,
2020,1942257373,207VM0101X,926533633,
2020,1538116819,207VE0102X,852557819,
2020,1508813825,207VX0201X,395815301,
2020,1427095439,207VE0102X,921212121,
2020,1962459131,207VE0102X,02421,
2020,1487691481,207V00000X,11501,
2020,1184671307,207VM0101X,672144923,
2020,1316994544,207VX0201X,346524333,
2020,1679513352,207V00000X,981951646,
2020,1932140480,207VE0102X,532263522,
2020,1437190998,207RX0202X,462601902,
2020,1548201809,207VM0101X,212022102,
2020,1598706806,207VM0101X,232295253,
2020,1346281532,207VE0102X,212042600,
2020,1053352302,207V00000X,941432202,
2020,1053352427,207VX0201X,834047533,
2020,1669413035,207VX0201X,911053150,
2020,1518908995,207VG0400X,405360001,
2020,1457392763,207Q00000X,117972036,
2020,1063453470,207V00000X,405360001,
2020,1821039215,207VM0101X,405099087,
2020,1902847171,207VX0201X,328041360,
2020,1760423941,207V00000X,452192364,
2020,1679514855,207V00000X,452192364,
2020,1285675587,207VX0201X,992042307,
2020,1144265463,207VM0101X,975048179,
2020,1124063441,207V00000X,040747171,
2020,1700821014,207VF0040X,029052401,
2020,1053356279,207V00000X,100163037,
2020,1831134097,207V00000X,951282604,
2020,1275578635,207VM0101X,336063603,
2020,1124063383,207V00000X,029052401,
2020,1437195484,207VE0102X,452192906,
2020,1669417770,207V00000X,441950001,
2020,1679519730,207V00000X,857186516,
2020,1407892599,207VE0102X,685061225,
2020,1356387393,207VM0101X,117334047,
2020,1053357095,207V00000X,900950001,
2020,1922044940,207VG0400X,900899171,
2020,1851337851,207V00000X,170157027,
2020,1861437907,207P00000X,680223913,
2020,1629014311,207VM0101X,741368327,
2020,1124064811,207VM0101X,441091900,
2020,1750327466,207VM0101X,648041607,
2020,1487686200,207VX0201X,741466236,
2020,1447281381,207VE0102X,146234276,
2020,1285666842,207VM0101X,100323729,
2020,1063443836,207VM0101X,041023100,
2020,1245262989,207VM0101X,100323729,
2020,1447281605,207VX0201X,984055016,
2020,1215968474,207VM0101X,900950001,
2020,1083646749,207V00000X,054011473,
2020,1174555874,207VM0101X,100323729,
2020,1568494250,207VM0101X,100323729,
2020,1285666974,207VM0101X,100323729,
2020,1245262880,207VM0101X,089011962,
2020,1427080019,207V00000X,800452527,
2020,1235162116,207VM0101X,372320001,
2020,1871525337,207VM0101X,974778800,
2020,1962435859,207VE0102X,30041,
2020,1407889397,207VE0102X,841323006,
2020,1700818036,207VE0102X,94583,
2020,1407888647,207V00000X,532264216,
2020,1255363537,207VE0102X,366073520,
2020,1780616219,207VX0201X,037560001,
2020,1487686598,207VE0102X,376043799,
2020,1295767309,207SC0300X,191044238,
2020,1093731184,207V00000X,191075127,
2020,1265458137,207VG0400X,029052401,
2020,1811913585,207VF0040X,402203903,
2020,1083630750,207VX0201X,402023700,
2020,1518983287,207VE0102X,402025700,
2020,1174549968,207V00000X,235071914,
2020,1801812581,207VX0201X,031017121,
2020,1053337816,207V00000X,787173951,
2020,1568488260,207VE0102X,581044603,
2020,1659397677,207VM0101X,731208300,
2020,1548286511,207VG0400X,937105282,
2020,1659397438,207VM0101X,441061716,
2020,1639195944,207VX0201X,591010905,
2020,1285650242,207V00000X,104515504,
2020,1326064635,207VM0101X,631101032,
2020,1932125242,207VM0101X,622201915,
2020,1386660603,207VM0101X,631101032,
2020,1205852449,207VE0102X,631082212,
2020,1336165554,207VE0102X,631082212,
2020,1508882721,207VM0101X,631101010,
2020,1942226170,207VE0102X,631082212,
2020,1881610079,207RC0000X,837040107,
2020,1932125895,207VX0201X,146204155,
2020,1477579274,207VM0101X,77004,
2020,1992721799,207V00000X,18702,
2020,1861418410,207VX0201X,23601,
2020,1699796045,207SG0201X,941095455,
2020,1356362875,207VM0101X,844033195,
2020,1780605873,207V00000X,44710,
2020,1295756302,207VE0102X,604354912,
2020,1730100843,207VM0101X,068106099,
2020,1568483816,207V00000X,554550341,
2020,1831110105,207VG0400X,081031438,
2020,1871514042,207VX0201X,113651449,
2020,1811918097,207VM0101X,846043380,
2020,1033130299,207V00000X,972393011,
2020,1790706737,207VX0201X,232261934,
2020,1902827835,207VX0201X,928073028,
2020,1124040076,207VM0101X,913555634,
2020,1366463234,207VX0201X,117873204,
2020,1952322976,207V00000X,700062970,
2020,1952325623,207VM0101X,331016960,
2020,1023032794,207VM0101X,331016960,
2020,1518981067,207V00000X,191044206,
2020,1225052459,207VE0102X,914365227,
2020,1295749430,207VE0102X,103092622,
2020,1962426544,207V00000X,330161897,
2020,1548284847,207VE0102X,331361003,
2020,1770507378,207VM0101X,331016960,
2020,1528082120,207VE0102X,330161897,
2020,1386668507,207VE0102X,913611201,
2020,1912921149,207VX0201X,197132081,
2020,1639193907,207VX0201X,233204945,
2020,1255345203,207VM0101X,913451252,
2020,1821002478,207VM0101X,752314339,
2020,1063426054,207VM0101X,616360001,
2020,1336150168,207VM0101X,070521144,
2020,1689685406,207V00000X,981043592,
2020,1750392544,207VM0101X,802055503,
2020,1184635799,207VM0101X,799052707,
2020,1437160181,207VE0102X,46032,
2020,1063423721,207VE0102X,46060,
2020,1215948971,207VE0102X,46825,
2020,1942211503,207V00000X,631171818,
2020,1710998315,207VE0102X,606371447,
2020,1659382216,207V00000X,631171818,
2020,1568473122,207V00000X,631171818,
2020,1558372102,207VE0102X,672262182,
2020,1679584312,207VE0102X,12524,
2020,1518978253,207VE0102X,100160113,
2020,1063423408,207VM0101X,328031456,
2020,1811908023,207VX0201X,217426756,
2020,1245241546,207VM0101X,328031456,
2020,1033120282,207VE0102X,460323008,
2020,1831205277,207VG0400X,294250001,
2020,1326154741,207V00000X,190875220,
2020,1952417339,207VG0400X,926633637,
2020,1669588059,207VG0400X,294250001,
2020,1447366968,207V00000X,294250001,
2020,1235244708,207VE0102X,376046089,
2020,1033225370,207VX0201X,103143909,
2020,1710093000,207VM0101X,112202553,
2020,1376658856,207V00000X,294250001,
2020,1063527588,207V00000X,752310946,
2020,1811003353,207VE0102X,191076130,
2020,1700991296,207VM0101X,275990001,
2020,1366557860,207VG0400X,294250001,
2020,1871609206,207VG0400X,321142709,
2020,1336255777,207VG0400X,294250001,
2020,1538275086,207V00000X,100296501,
2020,1356457717,207V00000X,294250001,
2020,1528174984,207VM0101X,558051951,
2020,1477668978,207V00000X,770303004,
2020,1033224555,207VE0102X,606575105,
2020,1972619302,207VM0101X,631171818,
2020,1497861397,207V00000X,07306,
2020,1689780504,207V00000X,70115,
2020,1194835181,207VX0201X,658042206,
2020,1093825408,207VE0102X,571051503,
2020,1821108200,207V00000X,402025700,
2020,1245340223,207VX0201X,495032562,
2020,1760592950,207VM0101X,61104,
2020,1740390947,207VM0101X,680223913,
2020,1639289697,207V00000X,871064900,
2020,1053421024,207VX0201X,495032562,
2020,1922118041,207VM0101X,900171912,
2020,1376655266,207V00000X,441091998,
2020,1780788067,207V00000X,794101806,
2020,1790889095,207VE0102X,31405,
2020,1053415281,207VE0102X,928352626,
2020,1497859714,207VM0101X,19104,
2020,1053415398,207VE0102X,753907208,
2020,1811091853,207VM0101X,933013500,
2020,1144324336,207VX0201X,958256318,
2020,1437253630,207VE0102X,528073461,
2020,1033213608,207VM0101X,158012511,
2020,1588768162,207V00000X,288032868,
2020,1477657062,207VM0101X,980347467,
2020,1528162245,207VM0101X,945965318,
2020,1710085089,207VE0102X,781451188,
2020,1417055641,207V00000X,503143044,
2020,1528166733,207V00000X,489121800,
2020,1528166626,207VE0102X,60477,
2020,1003915968,207V00000X,61701,
2020,1972601821,207VM0101X,379201511,
2020,1033217930,207V00000X,372320001,
2020,1124126040,207VX0201X,60657,
2020,1568561397,207VX0201X,787314214,
2020,1851490502,207V00000X,462564692,
2020,1164521035,207V00000X,950322425,
2020,1548369424,207V00000X,756015573,
2020,1639278120,207VX0201X,100281844,
2020,1255430906,207V00000X,312101822,
2020,1801994793,207VF0040X,379201500,
2020,1689772584,207V00000X,307208379,
2020,1972602852,207V00000X,530663844,
2020,1720187347,207VE0102X,07604,
2020,1063511590,207VM0101X,700582302,
2020,1760581334,207V00000X,022153904,
2020,1326146341,207VX0201X,77030,
2020,1669570685,207VX0201X,770304009,
2020,1295829265,207VM0101X,982014168,
2020,1821182999,207VX0201X,770304009,
2020,1154415974,207VX0201X,21204,
2020,1740374586,207VM0101X,232980032,
2020,1801980065,207VX0201X,770304009,
2020,1821182882,207VE0102X,454291264,
2020,1972697530,207VX0201X,405360001,
2020,1801980784,207VE0102X,454291264,
2020,1528153137,207VX0201X,33701,
2020,1457445256,207VE0102X,018673218,
2020,1730273830,207VX0201X,91942,
2020,1477647154,207VF0040X,662092002,
2020,1346334489,207VM0101X,982014168,
2020,1790879799,207VE0102X,852584587,
2020,1649364746,207VX0201X,91942,
2020,1831283886,207VM0101X,982014168,
2020,1841384401,207V00000X,65201,
2020,1962591990,207VE0102X,911053045,
2020,1225126378,207VM0101X,081031461,
2020,1497843742,207V00000X,943012302,
2020,1568551414,207VE0102X,467611147,
2020,1568550937,207VM0101X,296054281,
2020,1235227547,207VE0102X,275990001,
2020,1992894695,207VE0102X,481971120,
2020,1447349048,207VX0201X,181036369,
2020,1376632984,207VE0102X,485035903,
2020,1679662068,207VM0101X,19104,
2020,1124117650,207VM0101X,117334079,
2020,1912096223,207VM0101X,917903937,
2020,1174612592,207VM0101X,113552200,
2020,1144319609,207SG0201X,900101120,
2020,1871675462,207V00000X,466011156,
2020,1144302720,207V00000X,46845,
2020,1316029036,207VG0400X,152133110,
2020,1346323805,207VM0101X,100297404,
2020,1760564629,207VE0102X,914362731,
2020,1578645263,207VX0201X,631418657,
2020,1811070279,207VM0101X,021111526,
2020,1043393564,207V00000X,191045127,
2020,1497838916,207VM0101X,928683217,
2020,1568545994,207VE0102X,190833509,
2020,1124106323,207V00000X,871091226,
2020,1306924469,207VE0102X,20814,
2020,1881772960,207VX0201X,945965318,
2020,1871671966,207VE0102X,945982419,
2020,1255419610,207V00000X,981956158,
2020,1992883011,207VE0102X,947052116,
2020,1457439531,207VM0101X,174035074,
2020,1932287034,207VM0101X,945965318,
2020,1053490094,207V00000X,941432202,
2020,1356420491,207VM0101X,950515173,
2020,1265511323,207VM0101X,477500001,
2020,1780763615,207VE0102X,968261001,
2020,1952473118,207VM0101X,641113220,
2020,1346312717,207Q00000X,028953207,
2020,1255403622,207V00000X,782344504,
2020,1174695647,207VF0040X,20902,
2020,1679645816,207V00000X,180177334,
2020,1669544763,207VX0201X,571051035,
2020,1710059290,207V00000X,208952138,
2020,1134291180,207VE0102X,941332110,
2020,1871666453,207VE0102X,10019,
2020,1417029109,207VE0102X,334724602,
2020,1821160672,207VM0101X,941153357,
2020,1447323092,207V00000X,940402833,
2020,1871665604,207VE0102X,950510000,
2020,1629146949,207VM0101X,926183734,
2020,1548338841,207VM0101X,974778800,
2020,1528136843,207VM0101X,282042963,
2020,1992873160,207VX0201X,00785,
2020,1578621611,207VF0040X,443041437,
2020,1801954904,207VM0101X,775555302,
2020,1972661874,207VX0201X,95630,
2020,1528126919,207VE0102X,352096899,
2020,1194888685,207VM0101X,546015429,
2020,1841353307,207VE0102X,379201505,
2020,1215090691,207VE0102X,328044049,
2020,1063575322,207V00000X,381043627,
2020,1992868988,207VM0101X,065103218,
2020,1639232770,207VE0102X,90211,
2020,1972666931,207VE0102X,100751842,
2020,1114074101,207VF0040X,326054381,
2020,1598812414,207VM0101X,611033655,
2020,1033266879,207VF0040X,92037,
2020,1740337328,207VM0101X,902622655,
2020,1760539381,207VM0101X,481971142,
2020,1356498893,207VX0201X,220036800,
2020,1235286709,207VX0201X,770304009,
2020,1407903917,207V00000X,00784,
2020,1750439014,207V00000X,104612301,
2020,1710034061,207VE0102X,100214208,
2020,1134276512,207VE0102X,782583917,
2020,1073666251,207VE0102X,600221551,
2020,1841343035,207VE0102X,22003,
2020,1245383561,207VM0101X,439522681,
2020,1447303433,207VM0101X,104612374,
2020,1174676001,207VE0102X,296153170,
2020,1427102110,207VE0102X,07604,
2020,1790839496,207VX0201X,906021048,
2020,1922152818,207VF0040X,984054265,
2020,1578617288,207VE0102X,080434501,
2020,1154467280,207VM0101X,070323802,
2020,1407992167,207V00000X,333083807,
2020,1053457978,207V00000X,66160,
2020,1023154408,207VE0102X,78731,
2020,1326185448,207V00000X,951282604,
2020,1124165493,207V00000X,972256652,
2020,1740326115,207VM0101X,857041139,
2020,1558407189,207R00000X,495032560,
2020,1437296761,207VM0101X,482362167,
2020,1073659306,207V00000X,765080001,
2020,1013057827,207VM0101X,185102025,
2020,1952442485,207VE0102X,105772574,
2020,1639206733,207VE0102X,943032289,
2020,1669509436,207V00000X,902111958,
2020,1578690962,207VE0102X,981093050,
2020,1750419156,207VM0101X,900153010,
2020,1841322880,207VE0102X,079606097,
2020,1720111537,207VE0102X,152059619,
2020,1558494450,207VX0201X,104672836,
2020,1104959782,207V00000X,891092305,
2020,1881727881,207V00000X,275144220,
2020,1700919503,207VE0102X,460323008,
2020,1962535997,207V00000X,535620000,
2020,1689707606,207VX0201X,100654870,
2020,1306979067,207VM0101X,100323720,
2020,1295868883,207V00000X,78412,
2020,1801912076,207VE0102X,334587100,
2020,1366568560,207V00000X,191076130,
2020,1255456760,207VE0102X,907062246,
2020,1417073602,207V00000X,191044238,
2020,1649396821,207V00000X,941582350,
2020,1538285838,207VX0201X,473622918,
2020,1265558266,207RE0101X,921221013,
2020,1356467575,207V00000X,481095000,
2020,1336265511,207V00000X,981094405,
2020,1508987041,207VM0101X,089011962,
2020,1659492122,207VE0102X,191075701,
2020,1386765857,207V00000X,191075109,
2020,1295856771,207VM0101X,191044206,
2020,1083735294,207VE0102X,481090999,
2020,1811018880,207VM0101X,722074750,
2020,1427179845,207VX0201X,711014443,
2020,1649391954,207V00000X,908061740,
2020,1033230354,207V00000X,454291262,
2020,1679695050,207VM0101X,972256689,
2020,1124244223,207V00000X,940872315,
2020,1669697249,207VM0101X,454594041,
2020,1487870614,174400000X,201903219,
2020,1538385703,207VM0101X,352096845,
2020,1114143492,207VM0101X,770704311,
2020,1487879987,207VF0040X,871064374,
2020,1306062625,207VX0201X,711033950,
2020,1104042464,207V00000X,750346008,
2020,1396966537,207VM0101X,85014,
2020,1043432123,207VX0000X,061025037,
2020,1518189349,207VX0201X,040749692,
2020,1801018643,207V00000X,374032724,
2020,1316169261,207VE0102X,191075127,
2020,1700091709,207VM0101X,631171858,
2020,1407061450,207V00000X,334265876,
2020,1104031822,207VM0101X,631081402,
2020,1033324793,207V00000X,722057101,
2020,1306047519,207V00000X,235071627,
2020,1497956536,207VE0102X,681312137,
2020,1770784795,207V00000X,432141419,
2020,1891996823,207V00000X,72205,
2020,1184825986,207V00000X,913562838,
2020,1801097662,207VX0201X,92663,
2020,1124229802,207V00000X,11797,
2020,1598966061,207V00000X,328044651,
2020,1437350147,207V00000X,481094276,
2020,1659572329,207VM0101X,488679201,
2020,1932300357,207V00000X,618012500,
2020,1780889618,207VE0102X,535625512,
2020,1851596696,207VE0102X,070411946,
2020,1538364369,207V00000X,078711777,
2020,1841495595,207VM0101X,921202507,
2020,1841495538,207R00000X,906021005,
2020,1679779292,207VE0102X,926771219,
2020,1770788481,207VE0102X,071032757,
2020,1013113760,207VX0201X,366086705,
2020,1154527828,207VM0101X,224014467,
2020,1831394568,207V00000X,981950001,
2020,1346446648,207V00000X,294258908,
2020,1306042619,207V00000X,65807,
2020,1114123429,207VM0101X,77380,
2020,1437359007,207V00000X,752314354,
2020,1619177250,207VM0101X,330295593,
2020,1932309416,207VE0102X,460323008,
2020,1518167030,207VE0102X,460323008,
2020,1649470162,207VE0102X,100222130,
2020,1730389057,207VX0201X,981094405,
2020,1831389097,207V00000X,943041805,
2020,1932399193,207V00000X,537920001,
2020,1023203239,207VM0101X,468054638,
2020,1467647537,207V00000X,902913404,
2020,1285829101,207VG0400X,454594094,
2020,1073708848,207VX0201X,802055437,
2020,1013102904,207VE0102X,78745,
2020,1801081625,207VE0102X,483022079,
2020,1154500064,207VM0101X,658075293,
2020,1902085822,207V00000X,871244740,
2020,1447439245,174400000X,342393132,
2020,1386823243,207V00000X,33431,
2020,1255510913,207VE0102X,10577,
2020,1003095506,174400000X,840967015,
2020,1437338050,207VM0101X,280542189,
2020,1821272162,207VM0101X,601691063,
2020,1275717431,207V00000X,770541951,
2020,1326222589,207VX0201X,08873,
2020,1306020565,207VG0400X,891357864,
2020,1255515466,207V00000X,958154320,
2020,1982888111,207V00000X,021142621,
2020,1740464882,207VM0101X,070247016,
2020,1548444383,207VE0102X,352051200,
2020,1518137165,207VM0101X,852245941,
2020,1043481468,207V00000X,476308940,
2020,1154592459,207VE0102X,083617874,
2020,1356517122,207VE0102X,530510538,
2020,1386810240,207VE0102X,652018144,
2020,1134395007,207V00000X,641082640,
2020,1467628263,207V00000X,841320002,
2020,1265608806,207VX0201X,339057809,
2020,1427224054,207Q00000X,489122106,
2020,1578739090,207VX0201X,532263522,
2020,1285800854,207VX0201X,190963450,
2020,1114187556,207VF0040X,902773416,
2020,1780844050,207V00000X,112046079,
2020,1124288329,207VX0201X,100296528,
2020,1174783427,207V00000X,981224328,
2020,1396905501,207VX0201X,110303816,
2020,1144480427,207VG0400X,104631409,
2020,1700046943,207VX0201X,212870005,
2020,1477713741,207V00000X,322096511,
2020,1790945905,207VE0102X,611075189,
2020,1295995322,207VM0101X,946101124,
2020,1255591277,207VE0102X,176012644,
2020,1477713477,207VX0201X,104633406,
2020,1184884140,207VM0101X,089011962,
2020,1902066020,390200000X,402025700,
2020,1083874069,207VG0400X,081031438,
2020,1073773032,207VE0102X,100221009,
2020,1992965842,207VM0101X,441061716,
2020,1386804144,207V00000X,212183938,
2020,1306006218,207V00000X,462378601,
2020,1992965834,207VX0201X,701212429,
2020,1942460910,207VE0102X,661607220,
2020,1376703918,207V00000X,200373201,
2020,1578723136,207VE0102X,152382145,
2020,1861652570,207VG0400X,701156902,
2020,1760647028,207V00000X,037561000,
2020,1215192521,207V00000X,191021121,
2020,1609032762,207V00000X,402023700,
2020,1588813125,207VM0101X,115304893,
2020,1083863625,207VX0201X,330218256,
2020,1821248428,207Q00000X,992054038,
2020,1275783797,207VE0102X,100222410,
2020,1184874778,207VM0101X,229081147,
2020,1134379423,207V00000X,336063603,
2020,1265682413,207VE0102X,462802301,
2020,1215182035,207VM0101X,972393011,
2020,1679728273,207VM0101X,222062550,
2020,1407094600,207VM0101X,481971051,
2020,1467690446,207VX0201X,070596792,
2020,1205074085,207SG0201X,132101688,
2020,1437397262,207VM0101X,333232843,
2020,1194969949,207V00000X,372325100,
2020,1396989281,207VX0201X,19380,
2020,1497999197,207VF0040X,797015856,
2020,1053555706,207V00000X,275144220,
2020,1891939567,207VX0201X,336129416,
2020,1942444526,207VX0201X,32164,
2020,1467696963,207V00000X,984310001,
2020,1801030218,207VE0102X,483045130,
2020,1700020062,207V00000X,061051208,
2020,1275777682,207V00000X,441950001,
2020,1124262522,207V00000X,466011168,
2020,1598909889,390200000X,336063603,
2020,1043447659,207VE0102X,146234284,
2020,1497982086,207VM0101X,680223913,
2020,1497982003,207V00000X,372094035,
2020,1659509206,207VE0102X,900335320,
2020,1053549634,207V00000X,481094276,
2020,1003044553,207VE0102X,949042017,
2020,1619105202,207V00000X,631101032,
2020,1316175904,207V00000X,089011962,
2020,1134357593,207V00000X,782344504,
2020,1750519039,207V00000X,112374807,
2020,1740418029,207VM0101X,981952401,
2020,1700014990,207QG0300X,070476217,
2020,1245468354,207V00000X,87109,
2020,1700014982,207V00000X,29303,
2020,1790913820,207VM0101X,532263522,
2020,1437381829,207VM0101X,169158161,
2020,1437381589,207VM0101X,913601935,
2020,1851524979,207VX0201X,486025303,
2020,1710110622,207V00000X,322096511,
2020,1215265004,207VE0102X,852584424,
2020,1699004366,207VF0040X,009682645,
2020,1861721474,207R00000X,085361913,
2020,1316276769,207VM0101X,303082208,
2020,1063741544,207VM0101X,331334741,
2020,1457680738,207V00000X,958172307,
2020,1023347499,207V00000X,445152366,
2020,1437472537,207VE0102X,605234643,
2020,1063735058,207VE0102X,480341332,
2020,1467775304,207VM0101X,152381831,
2020,1124341649,207RR0500X,452192906,
2020,1083932032,207VE0102X,606112927,
2020,1265750228,207V00000X,016052726,
2020,1780902866,207V00000X,221822710,
2020,1699093740,207VE0102X,535625512,
2020,1245558220,207V00000X,191044238,
2020,1366760282,207VX0201X,12208,
2020,1275851198,207V00000X,796028140,
2020,1235457151,207VX0201X,379201545,
2020,1447578364,207VM0101X,774014122,
2020,1245558162,207V00000X,701156914,
2020,1841519790,207V00000X,450692505,
2020,1689993503,207VM0101X,33486,
2020,1053630962,207VE0102X,701156227,
2020,1437478146,207V00000X,294253108,
2020,1477872166,207VM0101X,296177002,
2020,1295046654,207V00000X,021184001,
2020,1528379054,207V00000X,296075265,
2020,1689985046,207VM0101X,891064007,
2020,1326359688,207V00000X,240164962,
2020,1952613283,207V00000X,731045018,
2020,1235440520,207V00000X,191021101,
2020,1669784815,207V00000X,392021687,
2020,1407168602,207VX0201X,537920001,
2020,1326350430,207VX0201X,379201527,
2020,1609183474,207V00000X,080439612,
2020,1700193364,207VM0101X,325146050,
2020,1528375052,207RH0003X,278344300,
2020,1467769737,207VE0102X,118034316,
2020,1801198528,207VM0101X,706057170,
2020,1164724860,207VE0102X,841081223,
2020,1902109481,207VE0102X,322164230,
2020,1811290208,207VM0101X,00674,
2020,1053614354,207VM0101X,284036011,
2020,1245537778,207VE0102X,631416857,
2020,1104123678,207V00000X,900453818,
2020,1619274677,207VM0101X,352491900,
2020,1447557426,207V00000X,110303816,
2020,1962793604,390200000X,200373201,
2020,1467743096,207V00000X,303221059,
2020,1467743906,207VM0101X,15224,
2020,1821380387,207VE0102X,209104003,
2020,1649562877,207VE0102X,770542949,
2020,1770875056,207VX0201X,452203027,
2020,1114219300,207VE0102X,10022,
2020,1215224159,207VE0102X,604631477,
2020,1497042147,207VX0201X,60611,
2020,1497042931,207VM0101X,731044637,
2020,1396032843,207VX0201X,452203035,
2020,1144517699,207VX0201X,15224,
2020,1023305455,207VX0201X,064574759,
2020,1477834398,390200000X,104672401,
2020,1649557695,207VE0102X,100103794,
2020,1154608115,207VM0101X,490859159,
2020,1770860694,207VM0101X,496018111,
2020,1497032106,207VX0201X,112291902,
2020,1104196641,207V00000X,627025303,
2020,1568732071,207VM0101X,19104,
2020,1346510559,207VX0201X,392164643,
2020,1104196245,207VE0102X,100221009,
2020,1376819938,207VE0102X,077244244,
2020,1891061206,207VE0102X,275990001,
2020,1265708655,207VF0040X,900890121,
2020,1396011763,207VM0101X,606115966,
2020,1245506534,207VF0040X,152133108,
2020,1003182270,207VF0040X,410173416,
2020,1639445836,207VM0101X,936368761,
2020,1184990384,207VX0201X,109565350,
2020,1780940973,207VF0040X,321621762,
2020,1568728715,207VM0101X,100296501,
2020,1992061113,207VX0201X,946115642,
2020,1346506482,390200000X,770302351,
2020,1881954238,207V00000X,941090456,
2020,1700146826,207VF0040X,606112955,
2020,1487914552,207VX0201X,432141419,
2020,1740540806,207VM0101X,071122027,
2020,1528328556,207VF0040X,312018314,
2020,1144580150,207Q00000X,465451468,
2020,1821358839,207V00000X,349862222,
2020,1558621516,207V00000X,100222412,
2020,1376803148,207VX0201X,011071112,
2020,1003176892,207VE0102X,921012580,
2020,1679838296,207VM0101X,089011962,
2020,1083969299,207VM0101X,75230,
2020,1578828703,207VX0201X,770301501,
2020,1437409752,207VM0101X,549113454,
2020,1528303336,207VX0201X,984317075,
2020,1780923490,207VF0040X,631282184,
2020,1730428244,207VE0102X,852554507,
2020,1891034492,207VM0101X,024457224,
2020,1386087062,207VM0101X,100166058,
2020,1346683034,207V00000X,02905,
2020,1811330376,207VM0101X,537151507,
2020,1619310984,207VX0000X,300764916,
2020,1245674571,207VX0201X,275997572,
2020,1043650930,207VM0101X,80045,
2020,1679913206,207V00000X,333162510,
2020,1457791154,207V00000X,972393011,
2020,1912347519,207VX0201X,011071112,
2020,1205265972,207VX0201X,187110027,
2020,1588093918,207VX0201X,170369791,
2020,1285063461,207VM0101X,224051455,
2020,1619399938,207VX0201X,485035993,
2020,1487076485,207VE0102X,630051364,
2020,1427470525,363L00000X,402025700,
2020,1679995773,207V00000X,402025700,
2020,1013339183,207VM0101X,905054826,
2020,1871915835,207VM0101X,402025700,
2020,1588086540,207VX0201X,402025700,
2020,1881011120,207VM0101X,283748710,
2020,1952728131,207VM0101X,334106294,
2020,1467879403,101YM0800X,941152047,
2020,1669899522,207VM0101X,029052401,
2020,1982022877,207VF0040X,152133108,
2020,1295153062,207VF0040X,496842369,
2020,1548688310,207VG0400X,391106833,
2020,1518385244,207VX0201X,537922909,
2020,1689085094,207VE0102X,782152039,
2020,1568874899,207VX0201X,80045,
2020,1063824027,390200000X,60201,
2020,1902218894,207VX0201X,405360001,
2020,1811302995,207VM0101X,394017206,
2020,1437564663,207V00000X,770571535,
2020,1568877538,207VM0101X,33837,
2020,1659772986,207VX0201X,730697883,
2020,1588060875,207VE0102X,852584480,
2020,1619373768,207V00000X,759651874,
2020,1750771705,207VM0101X,294145733,
2020,1922498708,207VM0101X,088402292,
2020,1124413026,207VM0101X,921039000,
2020,1578958229,207VE0102X,559050001,
2020,1508251182,207VF0040X,276077510,
2020,1467833756,207VX0201X,207216214,
2020,1639550767,207VM0101X,626773748,
2020,1881063618,207VE0102X,303091476,
2020,1144690546,207VE0102X,450423678,
2020,1215397823,207VE0102X,775984052,
2020,1982059275,207VE0102X,606222015,
2020,1275982720,207V00000X,981953233,
2020,1629427554,207VM0101X,850487600,
2020,1528511318,207VF0040X,113751021,
2020,1962951749,207VE0102X,940631433,
2020,1134678733,207VE0102X,233204985,
2020,1285177212,207VE0102X,111041784,
2020,1487168233,207VX0201X,33021,
2020,1689182859,207VE0102X,532261443,
2020,1356844732,207VF0040X,146174123,
2020,1013410497,207VE0102X,336093804,
2020,1417450644,207VE0102X,068306877,
2020,1124521331,207VM0101X,912064092,
2020,1518451681,207VM0101X,191413018,
2020,1164901237,207VE0102X,921211069,
2020,1477022663,207VM0101X,333083807,
2020,1376016287,207VE0102X,105493036,
2020,1942767678,207VE0102X,920371208,
2020,1881151454,207VE0102X,273028022,
2020,1245798800,207VE0102X,331434806,
2020,1538728357,207VX0201X,190471224,
2020,1801443197,207VX0201X,809232604,
2020,1225669674,207VM0101X,94040,
2020,1568094910,207V00000X,277054597,
2020,1811513591,207VF0040X,076211742,
2020,1396361689,207VE0102X,891181896,
2020,1083225882,207VX0201X,801245536,
2020,1336754449,207VX0201X,10065,
2020,1285249268,207VM0101X,121800806,
2020,1114533171,207RE0101X,960011240,
2020,1689276818,207VE0102X,993528683,
2020,1902408032,207VE0102X,282071109,
2020,1770578551,207V00000X,76508,35233
2020,1689665846,207VG0400X,782294404,782481347
2020,1669457321,207VX0201X,775984219,770303209
2020,1730164666,207V00000X,27514,021156110
2020,1265417075,207VX0201X,852595452,850544502
2020,1447236906,207V00000X,236013102,299026148
2020,1477533115,207VM0101X,282108413,280252982
2020,1811964745,207VE0102X,60540,60540
2020,1659347672,207VX0201X,53792,537151911
2020,1164498218,207V00000X,06830,64111
2020,1306806773,207V00000X,770302722,765080001
2020,1609831478,207V00000X,606115966,208890001
2020,1104880087,207VM0101X,79606,761042733
2020,1942265517,207VX0201X,328063910,328044648
2020,1962467241,207V00000X,191141436,191363533
2020,1285685503,207VM0101X,481243057,483365970
2020,1013962026,207V00000X,015815408,016081216
2020,1184664278,207V00000X,21201,76104
2020,1477596708,207V00000X,200601734,212011734
2020,1700809035,207VE0102X,282071109,282071109
2020,1720001894,207V00000X,606124795,943052200
2020,1730196098,207VX0201X,282042990,282072134
2020,1063429322,207VX0201X,282042990,282072134
2020,1861409146,207VM0101X,174035074,207851189
2020,1942217815,207VM0101X,73120,727588956
2020,1831101641,174400000X,37232,372320005
2020,1043312457,207VG0400X,313265744,313293021
2020,1730282690,207V00000X,802620001,424202938
2020,1700984408,207VF0040X,60076,60076
2020,1255438636,207VE0102X,32258,336063603
2020,1073695045,207VM0101X,174035074,170427493
2020,1972685105,207VX0201X,282042990,280787135
2020,1922175322,207VE0102X,352092647,352096823
2020,1568522134,207VM0101X,17403,543114240
2020,1528129624,207VM0101X,070552804,109414018
2020,1770644783,207VE0102X,089011962,100191412
2020,1760543664,207VE0102X,100280418,100191412
2020,1326197997,207VM0101X,658061131,654012937
2020,1851441208,207VE0102X,900641527,079202976
2020,1538213111,207V00000X,314056015,314056015
2020,1770611907,207VM0101X,076011915,070476217
2020,1841314424,207V00000X,94109,940103226
2020,1558569830,207VX0201X,917864952,928791770
2020,1487846507,207V00000X,29485,294641901
2020,1639361603,207V00000X,799023554,799123531
2020,1225226079,207VM0101X,282042963,282108413
2020,1457532046,207VF0040X,730348864,730348864
2020,1306012620,207V00000X,77054,943052200
2020,1194991463,207VE0102X,282042515,271032930
2020,1588830822,207VE0102X,282071606,277100001
2020,1881855641,207V00000X,78758,78130
2020,1073774782,207VX0201X,232985054,232351900
2020,1952562753,207VM0101X,972256772,972132981
2020,1881856474,207V00000X,203070001,294145733
2020,1346406345,207VF0040X,32806,328011026
2020,1285890855,207V00000X,60134,60190
2020,1144486507,207V00000X,97227,029052401
2020,1962653279,207V00000X,770704348,765080001
2020,1710127907,207VE0102X,220333310,221924163
2020,1689814501,207V00000X,482022608,492011753
2020,1780819128,207VM0101X,94109,940104506
2020,1316173289,207VE0102X,107072948,068306074
2020,1225268535,207V00000X,43081,432101267
2020,1790001360,207V00000X,761044148,760494194
2020,1093031676,207VX0201X,336129416,336063571
2020,1457677627,207VM0101X,986862719,974778800
2020,1154647220,207V00000X,462020001,462561714
2020,1649596693,207V00000X,841241300,972393011
2020,1639490337,207V00000X,232351962,232351900
2020,1295056711,207V00000X,760513580,760513580
2020,1366763880,207V00000X,775844194,559050001
2020,1932404605,163W00000X,405092124,405099087
2020,1356640031,207V00000X,551253046,212242735
2020,1386943918,207V00000X,21201,065208063
2020,1922307123,390200000X,90015,071032757
2020,1043502677,390200000X,95926,068106099
2020,1114210572,207V00000X,220463570,235071914
2020,1982982286,207VM0101X,90242,90242
2020,1396024600,207VX0201X,90027,937203347
2020,1174802250,207VM0101X,84132,829015863
2020,1518249317,207V00000X,334633462,334364540
2020,1588922488,207VX0201X,55426,554554800
2020,1164780979,207VM0101X,199046920,199634366
2020,1255693149,207V00000X,35249,631171811
2020,1154684728,207V00000X,606371443,857240001
2020,1477816049,207VF0040X,970158970,191044206
2020,1790048387,207V00000X,37203,37203
2020,1508129081,207VX0201X,061051208,029052401
2020,1467715938,207V00000X,606124795,606371447
2020,1497003917,207V00000X,78539,78539
2020,1760730758,207V00000X,92123,928683201
2020,1295087914,207V00000X,01608,021763149
2020,1427300938,207V00000X,84132,829015863
2020,1760725592,390200000X,277054699,232351979
2020,1245573039,207VF0040X,928685900,950515173
2020,1366785065,207V00000X,530510538,532263522
2020,1194068601,207V00000X,317941644,549148273
2020,1518378488,207V00000X,452202475,522421009
2020,1568873156,207VX0201X,19104,065103220
2020,1023425899,207VE0102X,44126,235071627
2020,1083011795,207VM0101X,554151623,114321121
2020,1700278223,207VX0201X,11219,112384266
2020,1508253436,207V00000X,841322209,537920001
2020,1932596681,390200000X,73104,741352536
2020,1154701530,207VX0201X,352331900,27599
2020,1841675287,207VG0400X,115811233,102792704
2020,1386094464,207V00000X,480341753,482362197
2020,1710491477,207V00000X,211576664,112203213
2020,1336616549,163WP1700X,115705125,117463258
2020,1386206951,207VX0201X,276077505,275180002
2020,1689665846,207VG0400X,782294404,782344504
2020,1669457321,207VX0201X,775984219,770304517
2020,1477533115,207VM0101X,282108413,282072134
2020,1164498218,207V00000X,06830,200102927
2020,1306806773,207V00000X,770302722,765080001
2020,1104880087,207VM0101X,79606,796065249
2020,1962467241,207V00000X,191141436,190471832
2020,1285685503,207VM0101X,481243057,48124
2020,1013962026,207V00000X,015815408,017571101
2020,1730196098,207VX0201X,282042990,282072134
2020,1942217815,207VM0101X,73120,730696665
2020,1730282690,207V00000X,802620001,424376515
2020,1073695045,207VM0101X,174035074,174032862
2020,1972685105,207VX0201X,282042990,280252948
2020,1568522134,207VM0101X,17403,543114240
2020,1528129624,207VM0101X,070552804,079302908
2020,1841314424,207V00000X,94109,949455055
2020,1487846507,207V00000X,29485,294643793
2020,1639361603,207V00000X,799023554,799113601
2020,1225226079,207VM0101X,282042963,280252982
2020,1194991463,207VE0102X,282042515,314056012
2020,1073774782,207VX0201X,232985054,232985051
2020,1285890855,207V00000X,60134,522421009
2020,1144486507,207V00000X,97227,029052401
2020,1710127907,207VE0102X,220333310,443213149
2020,1689814501,207V00000X,482022608,142082102
2020,1780819128,207VM0101X,94109,949042011
2020,1639490337,207V00000X,232351962,232351979
2020,1396024600,207VX0201X,90027,900153075
2020,1588922488,207VX0201X,55426,537920001
2020,1427300938,207V00000X,84132,871091292
2020,1245573039,207VF0040X,928685900,950515173
2020,1710491477,207V00000X,211576664,113754010
2020,1336616549,163WP1700X,115705125,117954411
2020,1477533115,207VM0101X,282108413,282042963
2020,1104880087,207VM0101X,79606,796065249
2020,1730196098,207VX0201X,282042990,280252948
2020,1942217815,207VM0101X,73120,731124414
2020,1730282690,207V00000X,802620001,424202783
2020,1073695045,207VM0101X,174035074,174033676
2020,1972685105,207VX0201X,282042990,282072134
2020,1841314424,207V00000X,94109,452483116
2020,1487846507,207V00000X,29485,294643793
2020,1225226079,207VM0101X,282042963,282114369
2020,1194991463,207VE0102X,282042515,314056012
2020,1285890855,207V00000X,60134,522421009
2020,1780819128,207VM0101X,94109,946091710
2020,1639490337,207V00000X,232351962,232985051
2020,1396024600,207VX0201X,90027,937202950
2020,1588922488,207VX0201X,55426,554554800
2020,1336616549,163WP1700X,115705125,117401624
2020,1104880087,207VM0101X,79606,761042158
2020,1942217815,207VM0101X,73120,741045649
2020,1730282690,207V00000X,802620001,476307906
2020,1073695045,207VM0101X,174035074,173252500
2020,1487846507,207V00000X,29485,294643793
2020,1225226079,207VM0101X,282042963,282072134
2020,1194991463,207VE0102X,282042515,274088447
2020,1780819128,207VM0101X,94109,941104422
2020,1639490337,207V00000X,232351962,232191901
2020,1336616549,163WP1700X,115705125,117292727
2020,1073695045,207VM0101X,174035074,175221761
2020,1487846507,207V00000X,29485,482012153
2020,1780819128,207VM0101X,94109,954044813
2020,1073695045,207VM0101X,174035074,172011036
2020,1780819128,207VM0101X,94109,941181618
2020,1073695045,207VM0101X,174035074,22401
2020,1780819128,207VM0101X,94109,940103226
2020,1780819128,207VM0101X,94109,940103226
2020,1720084130,207VX0201X,432191531,
2020,1881690196,207V00000X,112016004,
2020,1629074901,207V00000X,142244658,
2020,1659377851,207VG0400X,294074835,
2020,1710983994,207VE0102X,782293717,
2020,1679579783,207VX0201X,327257128,
2020,1285630137,207VE0102X,454291264,
2020,1326044231,207VM0101X,352096899,
2020,1821094798,207VE0102X,782293717,
2020,1093711954,207VX0201X,061051719,
2020,1295731016,174400000X,754015644,
2020,1457357279,207V00000X,750938103,
2020,1891791620,207V00000X,35233,
2020,1366448102,207V00000X,760512101,
2020,1174529929,207VX0201X,571051503,
2020,1720084403,207VM0101X,850134224,
2020,1023014719,207VE0102X,571051503,
2020,1770589509,207V00000X,753907201,
2020,1275539025,207V00000X,752512126,
2020,1770589459,207VE0102X,190103121,
2020,1487650214,207VE0102X,190103121,
2020,1194721944,207V00000X,760513580,
2020,1841296696,207VM0101X,571051503,
2020,1851397509,207VM0101X,58122,
2020,1740286426,207VE0102X,190103121,
2020,1255337069,207VE0102X,282263364,
2020,1417953225,207VE0102X,178222920,
2020,1326049891,207V00000X,770542934,
2020,1043211626,207VX0201X,100164750,
2020,1184625667,207V00000X,770542934,
2020,1104827583,207VF0040X,100191104,
2020,1649271057,207VM0101X,100191147,
2020,1275534687,207VM0101X,100191147,
2020,1679574115,207V00000X,770542934,
2020,1588665020,207VX0201X,641321100,
2020,1407857881,207VX0201X,641321100,
2020,1790786119,207V00000X,770542934,
2020,1093716201,207V00000X,191074420,
2020,1598767568,207VM0101X,190468004,
2020,1437151404,207VE0102X,70448,
2020,1255333225,207V00000X,190013800,
2020,1639171754,207VX0201X,852584560,
2020,1871595991,207V00000X,190013800,
2020,1528060639,207VX0201X,100164750,
2020,1306848270,207VX0201X,233204945,
2020,1609878586,207VX0201X,372052005,
2020,1821090630,207VM0101X,218048502,
2020,1154323004,207VG0400X,201104700,
2020,1972598001,207VE0102X,336171126,
2020,1003801135,207VE0102X,336171126,
2020,1437144433,207VM0101X,146420001,
2020,1073508073,207VM0101X,100166402,
2020,1376538355,207VM0101X,021352907,
2020,1518952563,207V00000X,532264216,
2020,1053306126,207V00000X,532264216,
2020,1104811165,207VM0101X,33316,
2020,1588659403,207VM0101X,376046062,
2020,1396730255,207VM0101X,482362167,
2020,1255326013,207VE0102X,482362167,
2020,1306831243,207VX0201X,358015134,
2020,1225023039,207VM0101X,59804,
2020,1295720001,207V00000X,482362167,
2020,1235124066,207VX0201X,532201935,
2020,1952396780,207VM0101X,482362167,
2020,1649265307,207VE0102X,077244244,
2020,1831184555,207VM0101X,122083835,
2020,1467448035,207VM0101X,374032724,
2020,1104812726,207VX0201X,112032056,
2020,1730175357,207V00000X,112192916,
2020,1205822814,207VM0101X,317011943,
2020,1699760223,207V00000X,50023,
2020,1013903665,207V00000X,631418232,
2020,1164418760,207V00000X,288032868,
2020,1720074362,207VM0101X,077534862,
2020,1295726958,207V00000X,142630001,
2020,1134110844,207VE0102X,750104635,
2020,1891786489,207VX0201X,100164750,
2020,1659362218,207VE0102X,782365300,
2020,1144211715,207V00000X,021142621,
2020,1538150057,207VM0101X,106012214,
2020,1609867100,207VG0400X,077534488,
2020,1508857962,207VX0201X,283880749,
2020,1063403574,207V00000X,021142621,
2020,1922099449,207V00000X,385012495,
2020,1447241807,207V00000X,229080001,
2020,1669463915,207VM0101X,704582004,
2020,1265423560,207VM0101X,753909131,
2020,1831180140,207VX0201X,496842320,
2020,1467443770,207V00000X,024812102,
2020,1407847643,207VE0102X,016052903,
2020,1184615452,207VX0201X,782070903,
2020,1215928593,207VX0201X,016052903,
2020,1629069919,207VG0400X,604532362,
2020,1407847700,207V00000X,021142621,
2020,1336130509,207VX0201X,016052903,
2020,1619968872,207V00000X,480844717,
2020,1093706202,207V00000X,016052903,
2020,1184609083,207VE0102X,968595001,
2020,1497730444,207VX0201X,328062134,
2020,1588649495,207VM0101X,770301501,
2020,1043295728,207VX0201X,773803256,
2020,1689659435,207VX0201X,100216007,
2020,1538144308,207V00000X,021156110,
2020,1164407938,207V00000X,021156110,
2020,1710962543,207V00000X,01801,
2020,1588649321,207VM0101X,392164500,
2020,1194700831,207V00000X,100216007,
2020,1851376594,207VX0201X,770303209,
2020,1811973514,207VE0102X,900950001,
2020,1386620003,207VM0101X,799257652,
2020,1548246184,207VM0101X,968595000,
2020,1568448116,207VM0101X,921341098,
2020,1427034925,207VX0201X,770242527,
2020,1932185451,174400000X,58104,
2020,1164408688,207V00000X,352096899,
2020,1154301984,207VX0201X,330734356,
2020,1063492809,207VX0201X,330281023,
2020,1649250655,207VX0201X,187113753,
2020,1144200064,207VM0101X,379201511,
2020,1750361614,207VE0102X,19090,
2020,1821078692,207VM0101X,934051883,
2020,1730169509,207VM0101X,809232614,
2020,1649250424,207VM0101X,934051883,
2020,1639159411,207VM0101X,934051883,
2020,1285614727,207VM0101X,197132137,
2020,1629058201,207VX0201X,197132055,
2020,1174503866,207V00000X,466011073,
2020,1770563397,207VM0101X,984310001,
2020,1558341024,174400000X,232261934,
2020,1407836018,207VM0101X,984311000,
2020,1245210996,207VM0101X,271570001,
2020,1558341230,207VM0101X,110215502,
2020,1528048006,207VE0102X,852064676,
2020,1134109630,207V00000X,559050001,
2020,1639159312,207VE0102X,190043212,
2020,1396725859,207V00000X,376046056,
2020,1730169186,207VM0101X,222022872,
2020,1477533727,207VX0201X,930032909,
2020,1023098571,207VX0201X,35805,
2020,1750361200,207VM0101X,96367,
2020,1669452025,207V00000X,080802237,
2020,1174503569,207VM0101X,705086949,
2020,1497735757,207V00000X,291694837,
2020,1669452983,207VX0201X,330215419,
2020,1609842764,207VM0101X,53715,
2020,1285600635,207VX0201X,850164872,
2020,1811963176,207V00000X,112053704,
2020,1275509515,207VX0201X,303421626,
2020,1609842954,207V00000X,240164418,
2020,1952377152,207V00000X,152133108,
2020,1396711529,207VG0400X,984051702,
2020,1578539920,207V00000X,235071627,
2020,1407822745,207VX0201X,300464317,
2020,1033185228,207V00000X,722057101,
2020,1013983279,207VM0101X,237082111,
2020,1689640674,207VM0101X,021111526,
2020,1356317218,207VM0101X,44124,
2020,1265408314,207VM0101X,905034504,
2020,1457327421,207V00000X,33837,
2020,1487620530,207V00000X,322096511,
2020,1104892157,207VX0201X,309120004,
2020,1730155797,207V00000X,322096511,
2020,1689640708,207VX0201X,53792,
2020,1447226337,208800000X,443021709,
2020,1174599005,207VE0102X,150909282,
2020,1073589909,207VX0201X,312012100,
2020,1174599294,207VM0101X,53715,
2020,1932175908,207VE0102X,600073392,
2020,1699741686,207VE0102X,065116100,
2020,1205803111,207V00000X,34208,
2020,1295702082,207VE0102X,200373201,
2020,1164482824,207VM0101X,480736710,
2020,1992765481,207VM0101X,024582714,
2020,1679533186,207V00000X,945871507,
2020,1497715916,207VE0102X,672262182,
2020,1407816994,207V00000X,554044514,
2020,1477514826,207VM0101X,77401,
2020,1295796662,207VE0102X,402053372,
2020,1407816804,207V00000X,146093173,
2020,1669433082,207VX0201X,200162633,
2020,1588625883,207VM0101X,895034548,
2020,1093776486,207V00000X,895034548,
2020,1467413823,207VE0102X,190875614,
2020,1124089305,207VE0102X,480736710,
2020,1871554998,207VG0400X,660442215,
2020,1316908494,207VF0040X,770028233,
2020,1811951882,207VM0101X,104672410,
2020,1053375915,207V00000X,062601871,
2020,1457316283,207VX0201X,70433,
2020,1114982972,207VE0102X,197132072,
2020,1942264791,207V00000X,133261301,
2020,1497710172,207VX0201X,346524333,
2020,1245295880,207VX0201X,156689449,
2020,1053376764,207V00000X,437012806,
2020,1033174644,207VG0400X,331434860,
2020,1861457483,207V00000X,334149325,
2020,1164487716,207VM0101X,495032515,
2020,1609831262,207VM0101X,432213502,
2020,1427013085,207VM0101X,432213502,
2020,1811952617,207VM0101X,84770,
2020,1720043417,207V00000X,941432202,
2020,1730144353,207VM0101X,029052401,
2020,1770548299,207V00000X,196111410,
2020,1932164217,207VE0102X,441061716,
2020,1376593301,207VX0201X,105772574,
2020,1013967736,1223X0400X,462601902,
2020,1235189069,207VX0201X,727034424,
2020,1164472213,207VE0102X,750937939,
2020,1639129786,207VM0101X,370438946,
2020,1619927639,207VX0201X,11418,
2020,1619927571,207VM0101X,99204,
2020,1669422440,207VM0101X,701212429,
2020,1174573935,207VM0101X,601941018,
2020,1265482921,207VX0201X,35233,
2020,1427008184,207VX0201X,358015134,
2020,1205887627,207VM0101X,605213829,
2020,1902857352,207T00000X,325032601,
2020,1205887668,207VM0101X,701212429,
2020,1952356586,207VM0101X,785398278,
2020,1629023296,207VM0101X,908061531,
2020,1114972783,207VM0101X,857122805,
2020,1851346183,207VE0102X,366041512,
2020,1982659967,207VM0101X,633012844,
2020,1144275132,207VX0201X,662042207,
2020,1982659231,207VX0201X,326054381,
2020,1902851264,207VX0201X,326054384,
2020,1417902602,207VX0201X,35233,
2020,1245285469,207VE0102X,331434806,
2020,1437104668,207VM0101X,701156914,
2020,1477508620,207VX0201X,331361005,
2020,1851346910,207VE0102X,35233,
2020,1376598680,207VM0101X,465451464,
2020,1790730026,207VX0201X,113651449,
2020,1528013620,207VF0040X,234353763,
2020,1609821016,207VX0201X,852841812,
2020,1407801558,207VX0201X,26505,
2020,1043266091,207VX0201X,662042207,
2020,1013963040,207VM0101X,94589,
2020,1609822691,207V00000X,296054247,
2020,1538115324,207VX0201X,926633525,
2020,1043266794,207VX0201X,801132736,
2020,1801836366,207VX0201X,328032948,
2020,1689613267,207SG0201X,208503348,
2020,1497794168,207VM0101X,076011914,
2020,1720027535,207VM0101X,366043307,
2020,1942249701,207VM0101X,185102369,
2020,1174562649,207RH0003X,489121811,
2020,1598704348,207V00000X,06610,
2020,1013956713,207VM0101X,296054281,
2020,1780623215,207VM0101X,022155400,
2020,1063451508,207VM0101X,208503348,
2020,1902846454,207VE0102X,480843522,
2020,1245270792,207V00000X,481842405,
2020,1487694949,207VM0101X,48201,
2020,1336189463,207VE0102X,100163214,
2020,1558301440,207VX0201X,441950001,
2020,1508806670,207VE0102X,07652,
2020,1770523771,207VM0101X,946093424,
2020,1437199411,207V00000X,495032515,
2020,1598705576,207V00000X,296054247,
2020,1639119118,207VE0102X,926068226,
2020,1194765339,207VX0201X,191182718,
2020,1184664336,207VE0102X,100163214,
2020,1922048123,207V00000X,631171858,
2020,1316987407,207VX0201X,537920001,
2020,1043250566,207VX0201X,922703221,
2020,1407899438,207V00000X,968132434,
2020,1558305490,207VX0201X,787051165,
2020,1578506820,207VX0201X,029042609,
2020,1548203615,207VM0101X,60194,
2020,1457394520,207VM0101X,605406550,
2020,1093758179,207VX0201X,455042687,
2020,1275576670,207V00000X,20850,
2020,1710920954,207VM0101X,35233,
2020,1942243076,207VE0102X,02459,
2020,1316981194,207VX0201X,339057809,
2020,1679517452,207VX0201X,331462008,
2020,1467496240,207VM0101X,89106,
2020,1003850975,207VM0101X,105301843,
2020,1518901339,207VE0102X,23451,
2020,1326082157,207V00000X,381033409,
2020,1245274737,207VE0102X,275990001,
2020,1548204043,207VM0101X,371675688,
2020,1366486870,207VX0201X,336063603,
2020,1740224286,173000000X,044012115,
2020,1134163926,207VX0201X,088652748,
2020,1629005152,207VM0101X,191021121,
2020,1467489906,207VE0102X,079202976,
2020,1588692933,207VM0101X,837026100,
2020,1912934472,174400000X,376046056,
2020,1861429334,207V00000X,551185113,
2020,1275561409,207VX0201X,606371447,
2020,1568499044,207VM0101X,600681186,
2020,1497782981,207V00000X,752461713,
2020,1558398040,207VM0101X,152242156,
2020,1285661777,207V00000X,891022352,
2020,1497783815,207VX0201X,232985051,
2020,1043248305,207V00000X,170157027,
2020,1467480723,207VM0101X,917903938,
2020,1720016553,207VE0102X,441950001,
2020,1184652174,207VE0102X,20037,
2020,1093743098,207V00000X,761044611,
2020,1396773156,207VM0101X,441091900,
2020,1821026725,207VM0101X,029052401,
2020,1912935826,207VE0102X,923356720,
2020,1275561193,207V00000X,602011718,
2020,1841228525,207VX0201X,841241228,
2020,1346278041,207VX0201X,627025303,
2020,1285662007,207VX0201X,432141419,
2020,1922036698,207V00000X,462025149,
2020,1780612804,207V00000X,191076130,
2020,1568490696,207VE0102X,00725,
2020,1891728309,207VX0201X,441950001,
2020,1629001144,207VE0102X,441221710,
2020,1508899311,207V00000X,606575188,
2020,1417980962,207VM0101X,92103,
2020,1669405478,207VF0040X,92103,
2020,1659304103,207VM0101X,441061716,
2020,1326071887,207V00000X,627024968,
2020,1043243504,207VM0101X,071032425,
2020,1750314407,207VM0101X,902622655,
2020,1265465827,207V00000X,78258,
2020,1346273034,207V00000X,75204,
2020,1932132511,207VM0101X,441091900,
2020,1407889520,207V00000X,770302608,
2020,1902839335,207VM0101X,921039000,
2020,1295768638,207VM0101X,921039000,
2020,1376576710,207VM0101X,800452545,
2020,1497788657,207V00000X,029052401,
2020,1598798779,207VM0101X,466011171,
2020,1366475568,207V00000X,402025700,
2020,1619900073,207V00000X,871310001,
2020,1235162512,207V00000X,01605,
2020,1437182722,207VX0201X,441228400,
2020,1700819760,207VM0101X,126011300,
2020,1891712477,207VF0040X,974771118,
2020,1073531554,207VE0102X,972235442,
2020,1609894187,207VX0201X,631101032,
2020,1730107152,207VE0102X,631101032,
2020,1609893205,207VM0101X,770303000,
2020,1568489169,207V00000X,794309410,
2020,1366460560,207V00000X,27514,
2020,1184642274,207V00000X,750346049,
2020,1487672663,207VM0101X,402025700,
2020,1073531083,207VX0201X,277042121,
2020,1548288673,207VX0201X,100296503,
2020,1063430171,207VX0201X,402023229,
2020,1780602813,207VE0102X,940245602,
2020,1477571537,207VM0101X,100296501,
2020,1154349181,207VX0201X,277102000,
2020,1649298498,207VX0201X,17604,
2020,1871511659,207V00000X,750344198,
2020,1235157025,207VM0101X,037561000,
2020,1619995354,207VM0101X,631171811,
2020,1518985217,207VX0201X,631101032,
2020,1972521565,207VE0102X,652018076,
2020,1598783318,207VM0101X,982014168,
2020,1912925611,207VX0201X,926633509,
2020,1316960289,207V00000X,112032012,
2020,1861415606,207VM0101X,103123865,
2020,1275556011,207VM0101X,037561000,
2020,1639192297,207VX0201X,402412845,
2020,1053334532,207VX0201X,336129416,
2020,1720001266,207VE0102X,77024,
2020,1225051618,207VM0101X,850164860,
2020,1205859691,207VM0101X,220315207,
2020,1003839267,207VG0400X,212022001,
2020,1518981562,207VX0201X,379161853,
2020,1699798900,207V00000X,054011473,
2020,1730102914,207VX0201X,197132081,
2020,1871516294,207VM0101X,323085301,
2020,1790708048,207VG0400X,871091226,
2020,1003839234,207V00000X,029052401,
2020,1710901871,207V00000X,21202,
2020,1568486264,207VM0101X,750823542,
2020,1003830704,207V00000X,940404103,
2020,1962426049,207VG0400X,296054253,
2020,1639193337,207VX0201X,871092117,
2020,1316961022,207V00000X,857122805,
2020,1285658310,207L00000X,703014847,
2020,1831113950,207VX0201X,331762118,
2020,1972526069,207VM0101X,212047700,
2020,1386651628,207VM0101X,229081923,
2020,1780690248,207V00000X,011071270,
2020,1093722290,207V00000X,920371300,
2020,1720095813,207VE0102X,750071704,
2020,1518974054,207VE0102X,902773028,
2020,1902812449,207VE0102X,902773028,
2020,1710994637,207VX0201X,37919,
2020,1447267372,207V00000X,972393011,
2020,1053328013,207V00000X,799052707,
2020,1598772550,207VX0201X,871310001,
2020,1851308654,207VM0101X,606114546,
2020,1437166485,207VX0201X,104612374,
2020,1851308860,207V00000X,943052200,
2020,1649287749,207V00000X,027622258,
2020,1790792349,207VX0201X,022155400,
2020,1962419085,207VE0102X,476308940,
2020,1174534150,207VG0400X,069023628,
2020,1043221047,207VG0400X,630173662,
2020,1992717938,207VG0400X,069023628,
2020,1215948427,207VE0102X,462802301,
2020,1871504944,207VM0101X,02115,
2020,1447261730,207RX0202X,490073731,
2020,1548271521,207VX0201X,981094405,
2020,1679584676,207VM0101X,928683201,
2020,1982615019,207VX0201X,212046831,
2020,1457362485,207VX0201X,652120001,
2020,1629089636,101YM0800X,941152047,
2020,1881605897,207VF0040X,190635139,
2020,1083626014,207VM0101X,770301528,
2020,1366454316,207VM0101X,618012500,
2020,1568474203,207VE0102X,100221009,
2020,1548272214,207VE0102X,100221009,
2020,1750393435,207VE0102X,100221009,
2020,1851303549,207VE0102X,100221009,
2020,1568474377,207VM0101X,993523525,
2020,1669484572,207VM0101X,993016605,
2020,1639181217,207VE0102X,100221009,
2020,1710999578,207VM0101X,021184001,
2020,1851409924,207V00000X,952106676,
2020,1568570620,207VM0101X,633664771,
2020,1124137658,207V00000X,146264605,
2020,1821106642,207V00000X,191044206,
2020,1598873481,207VE0102X,068511080,
2020,1851409692,207V00000X,02115,
2020,1831208420,207VE0102X,152242156,
2020,1790893550,207V00000X,511043796,
2020,1861500704,207VE0102X,068306074,
2020,1326156480,207VE0102X,074104617,
2020,1649372061,207VE0102X,770541900,
2020,1568564821,207VX0201X,19111,
2020,1386747657,207V00000X,410173403,
2020,1366545360,207VM0101X,600681186,
2020,1184727026,207V00000X,800452545,
2020,1710080650,207V00000X,958193226,
2020,1073616926,207V00000X,801124128,
2020,1427151430,207VE0102X,427012749,
2020,1679676696,207V00000X,55455,
2020,1720181662,207SG0201X,19104,
2020,1912000878,207V00000X,800452545,
2020,1821191784,207VM0101X,950080665,
2020,1003919960,207V00000X,800452545,
2020,1023111333,207VM0101X,191413018,
2020,1619070836,207V00000X,109942215,
2020,1497858641,207VE0102X,427012749,
2020,1831292077,207VE0102X,427012749,
2020,1164525333,207VM0101X,462602396,
2020,1013014430,207V00000X,008023132,
2020,1912004995,152W00000X,112054809,
2020,1477651099,207VX0201X,770304009,
2020,1063519445,174400000X,253023302,
2020,1033217898,207V00000X,007164717,
2020,1700983103,207RI0200X,802181200,
2020,1902903164,207VM0101X,926916410,
2020,1790882603,207VE0102X,951244113,
2020,1780781690,207VE0102X,940406201,
2020,1831280411,207VM0101X,104541199,
2020,1407947526,174400000X,061051208,
2020,1568553477,207VE0102X,926251010,
2020,1447341227,207VM0101X,06606,
2020,1518058122,207V00000X,753907208,
2020,1659462208,207VG0400X,895096160,
2020,1336230242,207VX0201X,196112143,
2020,1801987383,207VM0101X,208506340,
2020,1386739480,207V00000X,081031461,
2020,1508951617,207VM0101X,086184502,
2020,1467547398,207V00000X,91010,
2020,1013002872,207VE0102X,07604,
2020,1801981584,207V00000X,60201,
2020,1679668362,207V00000X,602011718,
2020,1407941370,207VE0102X,770541920,
2020,1477648350,207V00000X,114191235,
2020,1952496853,207V00000X,366041512,
2020,1851486765,207VE0102X,076012255,
2020,1942396627,207VE0102X,117473193,
2020,1265528988,207VE0102X,22204,
2020,1982790622,207VX0201X,174035074,
2020,1134214802,207VF0040X,330216987,
2020,1568557692,207VM0101X,611033655,
2020,1588759864,207V00000X,197182200,
2020,1073609749,207VE0102X,950322019,
2020,1235225913,207VE0102X,14626,
2020,1497841027,207VX0201X,296054253,
2020,1679669303,207V00000X,481094276,
2020,1619063310,207VE0102X,011071112,
2020,1366538084,207VX0201X,981338414,
2020,1235211442,207VE0102X,303281709,
2020,1174605091,207V00000X,226012807,
2020,1205917614,207V00000X,237082111,
2020,1598847972,207VX0201X,770304009,
2020,1326120734,207VM0101X,773394412,
2020,1679654008,207VX0201X,080434689,
2020,1912089277,207VE0102X,117972503,
2020,1609958974,207VE0102X,921232778,
2020,1801978036,207VX0201X,77030,
2020,1295817245,207VM0101X,95350,
2020,1033291323,207VM0101X,972211835,
2020,1740362052,207VX0201X,972102934,
2020,1295813905,207VM0101X,956613027,
2020,1740368455,207VX0201X,958252115,
2020,1003994716,207VX0201X,958252115,
2020,1649357948,207VE0102X,220314617,
2020,1477630580,207V00000X,925075348,
2020,1336226679,207V00000X,554265000,
2020,1841377942,207VM0101X,081031461,
2020,1679650246,207VE0102X,912064197,
2020,1275611295,207V00000X,080841354,
2020,1548348485,207V00000X,212155216,
2020,1609954544,207VM0101X,761042158,
2020,1114005071,207VM0101X,331379800,
2020,1982781498,207VE0102X,037561000,
2020,1578634275,207VM0101X,454092722,
2020,1164593802,207VM0101X,913601935,
2020,1558432179,207VE0102X,30910,
2020,1013088830,207V00000X,207745374,
2020,1336211887,207V00000X,752461713,
2020,1972674430,207VM0101X,11021,
2020,1265503023,207V00000X,921232778,
2020,1174694939,207V00000X,921232778,
2020,1083785844,207V00000X,92130,
2020,1871664375,207VM0101X,917903938,
2020,1508937269,207VE0102X,022153904,
2020,1578634663,207V00000X,212870005,
2020,1417028275,207V00000X,92130,
2020,1154493559,207V00000X,024511100,
2020,1548336795,207V00000X,953552707,
2020,1154497303,207VE0102X,44304,
2020,1235205345,207VM0101X,01040,
2020,1528134566,207VE0102X,943012302,
2020,1548336936,176B00000X,121599276,
2020,1255408209,207VE0102X,117473193,
2020,1992871339,207V00000X,374032724,
2020,1972679322,207VM0101X,760513580,
2020,1750458261,207VE0102X,303383064,
2020,1922175462,207VE0102X,352096899,
2020,1518034008,174400000X,220312238,
2020,1801963277,207V00000X,900243906,
2020,1619044088,207V00000X,482023046,
2020,1336216704,207V00000X,32955,
2020,1063589471,207VE0102X,352096899,
2020,1477620490,207VX0201X,900276021,
2020,1578630497,207VM0101X,314046200,
2020,1982771887,207VE0102X,921202507,
2020,1366519167,207VF0040X,331434828,
2020,1760559777,207VX0201X,314046220,
2020,1194892018,207VE0102X,907062246,
2020,1538236229,207V00000X,832454904,
2020,1306906821,207VE0102X,226016365,
2020,1407916935,207V00000X,775555302,
2020,1740341270,207VM0101X,100382609,
2020,1679634968,207VM0101X,088165823,
2020,1700947256,207VE0102X,200365803,
2020,1558422741,207VX0201X,29910,
2020,1124189600,207VM0101X,275990001,
2020,1922169408,207VE0102X,200365803,
2020,1871654806,207VE0102X,100191412,
2020,1558422683,207VX0201X,984054210,
2020,1720149784,207VE0102X,100222130,
2020,1477614436,207VE0102X,100191412,
2020,1982765723,207VM0101X,197134236,
2020,1790846699,207VE0102X,100191412,
2020,1134280076,207VX0201X,208890001,
2020,1578624466,207VE0102X,100191412,
2020,1114088085,207VE0102X,100191412,
2020,1902967771,207V00000X,237082111,
2020,1548321375,207VM0101X,100166402,
2020,1053472027,207VE0102X,48092,
2020,1689739054,207V00000X,950601481,
2020,1073678439,207V00000X,680223986,
2020,1760547277,207VE0102X,232294942,
2020,1609931112,207VE0102X,232351941,
2020,1134284466,207V00000X,060300001,
2020,1558426890,207VM0101X,214013404,
2020,1720143852,207V00000X,32610,
2020,1851456990,207V00000X,641163276,
2020,1922163963,207V00000X,100656007,
2020,1548325582,207V00000X,782293931,
2020,1881759827,207V00000X,191076130,
2020,1306901350,207V00000X,100166058,
2020,1417012535,207VE0102X,900641525,
2020,1396800355,207V00000X,271570001,
2020,1003971060,207VX0201X,170332360,
2020,1801951868,207VF0040X,330734395,
2020,1649335621,207V00000X,080436130,
2020,1447315726,207VE0102X,294643254,
2020,1306995287,207V00000X,941430001,
2020,1184773749,207VE0102X,358017416,
2020,1770633216,207V00000X,799024675,
2020,1821147422,207VX0201X,495032562,
2020,1316096811,207VE0102X,980044623,
2020,1932259363,207VE0102X,760226033,
2020,1538213483,207VX0201X,029052401,
2020,1083768832,207VE0102X,926183711,
2020,1942354519,207VM0101X,891064004,
2020,1215081559,207V00000X,631081402,
2020,1710032743,207V00000X,191075701,
2020,1134269723,207VE0102X,943041805,
2020,1609910900,207VM0101X,871064917,
2020,1629112917,207V00000X,216014060,
2020,1275677486,207VM0101X,900485426,
2020,1922142165,207V00000X,170332360,
2020,1407991532,207VE0102X,021803335,
2020,1518002567,207VX0201X,19096,
2020,1275678294,207V00000X,921038433,
2020,1023145695,207VE0102X,750350521,
2020,1437286952,207VE0102X,913562804,
2020,1477681385,207VE0102X,711034010,
2020,1386768257,207V00000X,606124325,
2020,1932223526,207VF0040X,365323029,
2020,1205950003,207V00000X,040749692,
2020,1598889099,207V00000X,800452541,
2020,1790809010,207VF0040X,441061716,
2020,1942329792,207VE0102X,234527331,
2020,1295855070,207V00000X,481971142,
2020,1689794356,207V00000X,331362137,
2020,1386763274,207VE0102X,680223913,
2020,1588784193,207V00000X,77030,
2020,1306966189,207VM0101X,402234193,
2020,1437278439,207VE0102X,110303816,
2020,1346360161,207VX0201X,100198022,
2020,1194844019,207VG0400X,606112927,
2020,1245359165,207V00000X,481971142,
2020,1710007570,207VM0101X,336063603,
2020,1013036839,207VM0101X,48201,
2020,1699898940,207VM0101X,495032572,
2020,1225151483,207VE0102X,60005,
2020,1205959400,207VM0101X,086184741,
2020,1760505945,207VM0101X,928683201,
2020,1851514830,207VX0201X,253042696,
2020,1720201643,207VX0201X,282111046,
2020,1881817674,207VM0101X,27514,
2020,1881817930,207VM0101X,782584084,
2020,1316167018,207VE0102X,115014235,
2020,1154541936,207V00000X,606127313,
2020,1245450154,207V00000X,060300001,
2020,1164642237,207V00000X,787051188,
2020,1225258338,207VE0102X,068306877,
2020,1063632180,207V00000X,028402209,
2020,1124231998,207V00000X,43026,
2020,1861605453,207VM0101X,981043540,
2020,1861605479,207VE0102X,208503323,
2020,1316150907,207VM0101X,631418232,
2020,1164635553,207V00000X,452192364,
2020,1144434119,207VE0102X,857121282,
2020,1558575977,207VX0201X,232242020,
2020,1063622959,207V00000X,277100001,
2020,1821208729,207VM0101X,194681415,
2020,1770792251,207VM0101X,146234285,
2020,1639389661,207VM0101X,616144896,
2020,1194934273,207VM0101X,760142083,
2020,1932318490,207VG0400X,208506228,
2020,1538378856,207VX0201X,77030,
2020,1306055645,207VM0101X,591017595,
2020,1912109877,207VE0102X,070833535,
2020,1881896637,207VG0400X,60068,
2020,1326240193,207VM0101X,452192364,
2020,1821290487,207V00000X,967014713,
2020,1114129541,207VX0201X,212870005,
2020,1467654079,207V00000X,016052903,
2020,1245433465,207VM0101X,800452545,
2020,1003019217,207VE0102X,631082212,
2020,1346443538,207VM0101X,784124938,
2020,1396948659,207Q00000X,600681186,
2020,1396948501,207VM0101X,441242299,
2020,1790988905,207VM0101X,601265662,
2020,1730382839,207VX0201X,602011718,
2020,1265630602,207V00000X,931032264,
2020,1568660959,207V00000X,532272468,
2020,1205034519,207VM0101X,212870001,
2020,1124226477,207VG0400X,370675603,
2020,1407054679,207VM0101X,029052401,
2020,1154529386,207VM0101X,330295593,
2020,1760680938,207V00000X,473741161,
2020,1609074806,207VX0201X,915051204,
2020,1942408026,207VX0201X,076664245,
2020,1386842490,207V00000X,701122632,
2020,1386843399,207V00000X,922624414,
2020,1770781767,207VE0102X,606112211,
2020,1437341831,207VE0102X,91206,
2020,1295927424,207V00000X,972132983,
2020,1386836401,207V00000X,257014114,
2020,1669664744,207VX0201X,532272409,
2020,1720270846,207VM0101X,100323720,
2020,1477745503,207VE0102X,100221688,
2020,1528250503,207VM0101X,076753123,
2020,1912199878,207VM0101X,328061014,
2020,1730371600,207VM0101X,435588591,
2020,1699967380,207V00000X,187044968,
2020,1306038096,207VX0201X,958165616,
2020,1427246347,174400000X,066116303,
2020,1407044043,207VX0201X,331334741,
2020,1053592733,207VM0101X,940402458,
2020,1922289545,207VE0102X,125241516,
2020,1790966208,207V00000X,07724,
2020,1548448442,207VX0201X,711033950,
2020,1851579528,207V00000X,984051702,
2020,1053599563,207V00000X,775551022,
2020,1316125982,207V00000X,17403,
2020,1366620916,207VX0201X,770541934,
2020,1104004688,207VE0102X,328258232,
2020,1184802530,207VE0102X,928403304,
2020,1083892376,207VM0101X,191044319,
2020,1720256936,207VM0101X,599013129,
2020,1902078637,207VE0102X,152375928,
2020,1265605901,207VE0102X,837127792,
2020,1881867588,207V00000X,481095000,
2020,1659544294,207VE0102X,750344274,
2020,1134395494,207VX0201X,809076819,
2020,1568638997,207VG0400X,100384831,
2020,1821264227,207VG0400X,480753707,
2020,1932375078,207VE0102X,190875227,
2020,1962678144,207VE0102X,700704349,
2020,1891961975,207V00000X,178221334,
2020,1336315456,207V00000X,443041468,
2020,1194992263,207VM0101X,761042133,
2020,1538336664,207VM0101X,115014064,
2020,1871760900,207V00000X,068106099,
2020,1063689057,207V00000X,981043586,
2020,1336300300,207VF0040X,410712570,
2020,1528229507,207V00000X,958172307,
2020,1366603367,207VX0201X,770304000,
2020,1255592952,174400000X,730138504,
2020,1679734453,207V00000X,347858772,
2020,1215198080,207VX0201X,46202,
2020,1407017189,207VM0101X,112281207,
2020,1922269653,207VF0040X,275996117,
2020,1699937276,207V00000X,200373201,
2020,1598927261,207VX0201X,972102900,
2020,1083875710,207V00000X,253042696,
2020,1548422140,207VE0102X,900173901,
2020,1295997617,207V00000X,171012515,
2020,1780846287,207V00000X,522421007,
2020,1992967301,207VE0102X,945682441,
2020,1891951836,207RH0003X,392164643,
2020,1497911291,207V00000X,752512100,
2020,1326204207,207V00000X,800161599,
2020,1114183977,207VX0201X,850134224,
2020,1265698849,207VX0201X,600073378,
2020,1659537231,207V00000X,372325100,
2020,1326204942,207VX0201X,554332774,
2020,1598921181,207VX0201X,142630001,
2020,1114183779,207V00000X,303033031,
2020,1508022153,207VM0101X,115014064,
2020,1225294762,207V00000X,554550341,
2020,1225294689,207V00000X,432141401,
2020,1336305614,207VM0101X,327923301,
2020,1164673349,207V00000X,100323720,
2020,1093966269,207V00000X,462378633,
2020,1477704518,207VE0102X,931032264,
2020,1942451075,207VG0400X,782293724,
2020,1811148760,207VE0102X,914232502,
2020,1518103233,207VM0101X,891064004,
2020,1013153782,207VE0102X,100224304,
2020,1972749638,207VM0101X,640572301,
2020,1548406135,207VE0102X,532154455,
2020,1255571568,207VX0201X,770304009,
2020,1972743284,207VE0102X,06830,
2020,1609016815,207V00000X,077534488,
2020,1396985206,207VX0201X,495032562,
2020,1295960706,207VF0040X,085406666,
2020,1881829315,207VM0101X,775550587,
2020,1760617146,207V00000X,731124448,
2020,1114152543,207VX0201X,435602193,
2020,1336374768,207V00000X,52242,
2020,1336375534,207VM0101X,115014064,
2020,1104052125,207VE0102X,450692509,
2020,1841429602,207V00000X,770571535,
2020,1063641827,207VX0201X,326087901,
2020,1376773135,207VM0101X,775555302,
2020,1609006295,207V00000X,631101032,
2020,1215167549,207V00000X,753907208,
2020,1497081582,207VE0102X,940631433,
2020,1760718548,207V00000X,60068,
2020,1265768980,207VM0101X,952046117,
2020,1467783795,207V00000X,77030,
2020,1114258258,207VG0400X,009092275,
2020,1558692665,207VE0102X,761044124,
2020,1306178348,207VX0201X,078342901,
2020,1467784579,207VE0102X,606112987,
2020,1568787133,207VE0102X,112421127,
2020,1396061826,207V00000X,761042133,
2020,1437475027,207VX0201X,74344,
2020,1316263866,207VF0040X,72205,
2020,1801112305,207V00000X,277054596,
2020,1235455684,207V00000X,021156110,
2020,1306162771,207V00000X,333172836,
2020,1275859654,207V00000X,841033186,
2020,1033435367,207VX0201X,760122510,
2020,1235455403,207V00000X,450692509,
2020,1417273541,207VE0102X,895112366,
2020,1407172414,207VM0101X,208506339,
2020,1073839007,207VE0102X,061054318,
2020,1386960359,207VX0201X,641115905,
2020,1679899629,207VF0040X,926916374,
2020,1619298460,207V00000X,296054281,
2020,1245551845,207V00000X,972256663,
2020,1205157955,207VE0102X,940854701,
2020,1629399290,207VM0101X,069023602,
2020,1487975918,207VF0040X,522421009,
2020,1184945578,207VX0201X,101280122,
2020,1174844484,207VX0201X,08043,
2020,1265753511,207V00000X,272158700,
2020,1609197888,207VF0040X,441950001,
2020,1255645172,207VM0101X,945982998,
2020,1063726891,207VM0101X,04102,
2020,1396059093,207VE0102X,392329530,
2020,1184938896,207VX0201X,100659308,
2020,1942514542,207VE0102X,04102,
2020,1851605455,207VX0201X,04074,
2020,1619286465,207VX0201X,77058,
2020,1265736904,207VE0102X,476308940,
2020,1609171305,207VE0102X,968132829,
2020,1285939884,207VM0101X,303124205,
2020,1467751255,207VE0102X,076242431,
2020,1891094546,207VX0201X,604112666,
2020,1962701672,207VM0101X,339525038,
2020,1104125806,207VM0101X,100751851,
2020,1730488347,207VE0102X,110303816,
2020,1699074237,207VM0101X,476307906,
2020,1497054993,207SG0201X,770302351,
2020,1194024562,207VX0201X,75390,
2020,1427357854,207VM0101X,341344390,
2020,1780983114,207VM0101X,339901763,
2020,1215236641,207VM0101X,341143589,
2020,1841599255,207VF0040X,600761214,
2020,1114226396,207VF0040X,180177334,
2020,1720377963,207V00000X,441950001,
2020,1477846095,207VE0102X,920930633,
2020,1801189113,207V00000X,76508,
2020,1295028611,207VX0201X,029052401,
2020,1184917544,207VX0201X,381381762,
2020,1851684252,207V00000X,522421009,
2020,1528351640,207VF0040X,331362137,
2020,1851684831,207VE0102X,331461842,
2020,1265725261,207VM0101X,750757738,
2020,1669750907,207VF0040X,110215335,
2020,1750660098,207VM0101X,900644189,
2020,1912280694,207VM0101X,314056007,
2020,1265715932,207VX0201X,231885727,
2020,1275801771,207V00000X,062601836,
2020,1619249612,207VE0102X,44708,
2020,1154694909,207VX0201X,891450376,
2020,1316205578,207VF0040X,481242023,
2020,1114285350,207VX0201X,282043215,
2020,1407114630,207VX0201X,065103220,
2020,1922366061,390200000X,402021837,
2020,1972861078,207VM0101X,480255439,
2020,1235497074,207VE0102X,220314631,
2020,1538427406,207V00000X,180151153,
2020,1669730453,207VM0101X,312017500,
2020,1831451848,207VM0101X,452192364,
2020,1851653703,207VX0201X,288032493,
2020,1225390107,207VM0101X,296054281,
2020,1093078966,207VE0102X,782584891,
2020,1750644415,207V00000X,532263522,
2020,1407119191,207VM0101X,441091900,
2020,1386907053,207V00000X,100323720,
2020,1447513908,207VE0102X,065116100,
2020,1982967444,207VX0201X,021184001,
2020,1619225174,207VM0101X,606575105,
2020,1497003982,207VE0102X,077391150,
2020,1578811923,207VF0040X,911053045,
2020,1679821979,207VE0102X,933096279,
2020,1033467188,207VM0101X,370871511,
2020,1356687255,207VX0201X,551022424,
2020,1609118728,207VE0102X,606222015,
2020,1063755163,207VE0102X,221924163,
2020,1679816607,207VE0102X,559050001,
2020,1548503691,207V00000X,336136600,
2020,1730422742,207V00000X,60153,
2020,1417290339,207VF0040X,432212800,
2020,1528301348,207VE0102X,100654870,
2020,1508109372,207VE0102X,212042685,
2020,1538402003,207VM0101X,975048179,
2020,1174866743,207VM0101X,852064629,
2020,1336587088,207RH0003X,74146,
2020,1164869830,207VM0101X,898018333,
2020,1457799140,207V00000X,011071619,
2020,1760820385,207V00000X,041061999,
2020,1497193924,207V00000X,337014619,
2020,1790123156,207VX0201X,782241469,
2020,1790123081,207V00000X,280252982,
2020,1033557343,207VM0101X,934051818,
2020,1326486655,207V00000X,103101664,
2020,1306288287,207VE0102X,921213811,
2020,1790127454,207Q00000X,499132134,
2020,1083056774,207VF0040X,222053683,
2020,1699102012,207V00000X,280367601,
2020,1760819007,207VM0101X,152242156,
2020,1326475542,207VF0040X,231161804,
2020,1003243361,207V00000X,180177334,
2020,1598186256,207R00000X,209127516,
2020,1881019909,207VF0040X,240184569,
2020,1497170518,207VM0101X,934013306,
2020,1417372327,207V00000X,117334079,
2020,1699190421,207VX0201X,452424498,
2020,1609291376,207V00000X,024722861,
2020,1588080147,207VF0040X,196102216,
2020,1245641356,207V00000X,174035074,
2020,1336550375,207VM0101X,276101247,
2020,1528479227,207VE0102X,029206043,
2020,1699186379,207V00000X,452202475,
2020,1033520697,207VG0400X,200103017,
2020,1295141380,207VX0201X,468054788,
2020,1538575626,207V00000X,55905,
2020,1619383601,207VX0201X,347445260,
2020,1316354079,207VX0201X,069053800,
2020,1477952026,207VE0102X,60025,
2020,1225437635,207VM0101X,904042090,
2020,1437559564,207VE0102X,750346049,
2020,1518364223,207VF0040X,770542934,
2020,1902203573,207V00000X,174035074,
2020,1629469507,207VF0040X,100296503,
2020,1801283502,207VM0101X,212870005,
2020,1417337429,207V00000X,275198617,
2020,1306221668,207VE0102X,603011147,
2020,1942685102,207VE0102X,949042017,
2020,1558746602,207VE0102X,402411071,
2020,1902275407,207VE0102X,941095455,
2020,1003280652,207VF0040X,631223356,
2020,1962876045,207RH0003X,741466236,
2020,1518326065,207VM0101X,936368761,
2020,1518326990,207VM0101X,423014568,
2020,1174987010,207VE0102X,235071627,
2020,1497119283,208C00000X,27103,
2020,1023472578,390200000X,432101267,
2020,1548624943,207VE0102X,606112908,
2020,1598115933,207VF0040X,336094038,
2020,1841640786,207VF0040X,322241865,
2020,1790136638,207V00000X,271576770,
2020,1063863710,207VF0040X,559050001,
2020,1942651682,207V00000X,841322209,
2020,1518411321,207VX0201X,146213001,
2020,1497205397,207VE0102X,785043968,
2020,1083153365,207VX0201X,322587418,
2020,1417496738,207VX0000X,908073418,
2020,1407386501,207VE0102X,024671959,
2020,1295265312,207VE0102X,328044049,
2020,1053834226,163WW0101X,935351916,
2020,1457870768,207VE0102X,799025002,
2020,1952810129,207VM0101X,631418265,
2020,1669981619,207VX0201X,12601,
2020,1154830180,207VE0102X,94904,
2020,1851804819,207VE0102X,926065034,
2020,1033622725,207VX0201X,379201552,
2020,1558865287,207VX0201X,214013744,
2020,1184128340,207VE0102X,100222130,
2020,1457840175,207VM0101X,840413692,
2020,1609369065,207SG0201X,00909,
2020,1598247439,207VM0101X,191405103,
2020,1710450929,207VM0101X,960011802,
2020,1144788548,207VM0101X,00902,
2020,1336607647,207VX0201X,336129416,
2020,1235697244,207VM0101X,913252919,
2020,1043877301,207V00000X,522421009,
2020,1023675220,207VE0102X,100221688,
2020,1144887274,207VE0102X,339073990,
2020,1548827496,207VX0201X,770304000,
2020,1508428624,207VM0101X,005006,
2020,1861054629,207VF0040X,194463703,
2020,1992353189,207VM0101X,221913355,
2020,1205472362,207VF0040X,303092522,
2020,1902432529,207VX0201X,926633500,
2020,1063048254,207VM0101X,75034,
2020,1134741556,207VE0102X,787032124,
2020,1831711944,207VM0101X,809095533,
2020,1801418918,207VM0101X,810033704,
2020,1710504766,207VM0101X,802183669,
2020,1477170421,207VM0101X,800336040,
2020,1649897604,207VM0101X,806014004,
2020,1578180444,207VE0102X,809103140,
2020,1417574393,207V00000X,806014004,
2020,1578170791,207VE0102X,787464945,
2020,1063419638,207V00000X,65201,503143034
2020,1467454967,207V00000X,10532,105322140
2020,1033111596,207VM0101X,105322140,191075127
2020,1013903954,207VM0101X,08755,077534859
2020,1063402360,207VE0102X,02467,021142621
2020,1134105323,207VM0101X,176012433,226012808
2020,1427034578,207V00000X,85004,850134224
2020,1710963707,207V00000X,554541517,212011734
2020,1265403463,207V00000X,840967012,921343587
2020,1609842178,207VF0040X,77479,774792645
2020,1154397677,207VX0201X,303421342,300336131
2020,1871569210,207VM0101X,196112143,171012546
2020,1477512226,207VM0101X,480255439,480736710
2020,1326007170,207V00000X,294643793,294406409
2020,1497714968,207VG0400X,142031009,142251319
2020,1659330199,207V00000X,75165,752314339
2020,1952360356,207VM0101X,852106008,936368761
2020,1467411744,207V00000X,908061735,908061739
2020,1255395885,207V00000X,170332086,170332360
2020,1235193863,207V00000X,170332086,170332360
2020,1679537997,207VM0101X,852064629,809232607
2020,1215991385,207V00000X,170332086,170332360
2020,1831153915,207V00000X,170332086,170332360
2020,1114981255,207V00000X,936116886,937012184
2020,1811951908,207V00000X,170332086,170332360
2020,1508814104,207VM0101X,68198,809095533
2020,1679502454,207VX0201X,381032807,381383922
2020,1437188273,207VX0201X,381381762,381202146
2020,1356375968,207VM0101X,282108413,282042963
2020,1821021825,207VM0101X,199046920,199634366
2020,1174557979,207VM0101X,113553666,112203210
2020,1306871462,174400000X,871092117,841241368
2020,1821014317,207V00000X,99201,992042319
2020,1588681571,207VM0101X,58102,325048785
2020,1356363154,207SG0201X,941096978,941181618
2020,1295757631,207VF0040X,493018107,495035732
2020,1992712558,207VE0102X,07920,079606097
2020,1780697870,207V00000X,337137147,33701
2020,1265549760,207VE0102X,452424400,452425545
2020,1831291400,171100000X,900454849,900453807
2020,1619053790,207VM0101X,904011421,904042303
2020,1437229358,207VG0400X,78234,60153
2020,1255401741,207VM0101X,181036122,185101724
2020,1235209982,207V00000X,080809340,081041132
2020,1083773121,207VE0102X,18104,088655400
2020,1740349240,207VE0102X,296153170,291694716
2020,1720138829,207V00000X,787585614,78130
2020,1417007428,207V00000X,63141,480753710
2020,1639218217,207V00000X,32504,303421626
2020,1386788081,207VM0101X,936368761,591010905
2020,1104956408,207V00000X,946093424,945633304
2020,1659599603,207VM0101X,101281758,100118142
2020,1154549954,207VM0101X,799382655,799025814
2020,1750594800,207VX0201X,282072134,282042990
2020,1003026493,207V00000X,46845,546015429
2020,1710197421,207V00000X,080809340,081033101
2020,1710197397,207V00000X,480255439,480851128
2020,1902005531,207VM0101X,452202475,410173403
2020,1306039730,207V00000X,232354730,765445095
2020,1497948731,207V00000X,551071805,554073723
2020,1326225202,207VM0101X,63108,462025109
2020,1841461084,207V00000X,543013526,591010905
2020,1861663056,207VE0102X,265050710,984311000
2020,1275704256,207VF0040X,60076,600761214
2020,1619123825,207VF0040X,194463703,180177334
2020,1912159674,207VM0101X,921303061,920371223
2020,1386880672,207VG0400X,292036839,303033033
2020,1780824508,207VX0201X,280545115,280123386
2020,1922232388,207V00000X,07039,100166402
2020,1376774836,207V00000X,28310,208890001
2020,1407087711,207VM0101X,070305795,112093206
2020,1033433016,207V00000X,212011544,021156110
2020,1700107869,207V00000X,727588956,73120
2020,1134432867,207VM0101X,75034,112202508
2020,1003105214,207VE0102X,68138,661032937
2020,1437448388,207VM0101X,452202475,410173403
2020,1538458377,207VM0101X,041023166,042405553
2020,1508155268,207VG0400X,30094,372320001
2020,1861781452,207VM0101X,10065,029052401
2020,1588953178,207V00000X,857248091,117948091
2020,1396030839,207V00000X,98034,981096211
2020,1811282106,207V00000X,981043540,631101003
2020,1871872580,207V00000X,64108,641082640
2020,1831478395,207VG0400X,925085077,852595452
2020,1881968063,207VX0201X,191112434,194011820
2020,1356600878,207VE0102X,294643254,314064600
2020,1437418662,207V00000X,12208,12208
2020,1417216516,207V00000X,84132,770304009
2020,1447519541,207VM0101X,900153068,911053022
2020,1972865475,207V00000X,770303000,410173403
2020,1114289675,207V00000X,294258908,299108965
2020,1033471131,207V00000X,606371443,600052355
2020,1053658708,207VM0101X,841323011,972393011
2020,1972840510,207VM0101X,021111552,104611138
2020,1427494038,207V00000X,181036122,071032425
2020,1831535418,207VX0201X,731045418,275144220
2020,1063822609,207V00000X,32804,174033676
2020,1740690163,207V00000X,03801,038673236
2020,1326459470,207V00000X,80923,809233468
2020,1265848808,207VE0102X,271032930,282044397
2020,1497161947,207VM0101X,45429,450692505
2020,1396145116,207VM0101X,903014052,902504418
2020,1922487016,207V00000X,180151000,180151000
2020,1275912230,207V00000X,73104,787011943
2020,1740666312,133V00000X,064574700,064574760
2020,1013371335,207VE0102X,800452570,800452545
2020,1285088468,207VM0101X,800452541,800452545
2020,1669821401,207V00000X,336063438,220423307
2020,1912447137,207VM0101X,947052058,946091710
2020,1851892459,207VM0101X,94597,947052031
2020,1760952576,207VF0040X,91105,911053173
2020,1326519166,207VE0102X,322569111,326058300
2020,1659995348,207VE0102X,604532659,605213765
2020,1467454967,207V00000X,10532,105322140
2020,1033111596,207VM0101X,105322140,121599221
2020,1427034578,207V00000X,85004,850134224
2020,1326007170,207V00000X,294643793,294641900
2020,1508814104,207VM0101X,68198,809095533
2020,1356375968,207VM0101X,282108413,280252982
2020,1821014317,207V00000X,99201,992042319
2020,1356363154,207SG0201X,941096978,941104422
2020,1740349240,207VE0102X,296153170,293034211
2020,1104956408,207V00000X,946093424,945493746
2020,1750594800,207VX0201X,282072134,282072134
2020,1003026493,207V00000X,46845,546015429
2020,1497948731,207V00000X,551071805,559050001
2020,1407087711,207VM0101X,070305795,112152647
2020,1508155268,207VG0400X,30094,372320001
2020,1396030839,207V00000X,98034,23507
2020,1871872580,207V00000X,64108,482012018
2020,1881968063,207VX0201X,191112434,189251280
2020,1437418662,207V00000X,12208,275997570
2020,1417216516,207V00000X,84132,191044206
2020,1972840510,207VM0101X,021111552,104611138
2020,1265848808,207VE0102X,271032930,287049721
2020,1275912230,207V00000X,73104,73104
2020,1740666312,133V00000X,064574700,064574700
2020,1326519166,207VE0102X,322569111,328061124
2020,1326007170,207V00000X,294643793,294922902
2020,1740349240,207VE0102X,296153170,294641900
2020,1104956408,207V00000X,946093424,945465305
2020,1750594800,207VX0201X,282072134,280252948
2020,1407087711,207VM0101X,070305795,113754763
2020,1417216516,207V00000X,84132,191044206
2020,1326519166,207VE0102X,322569111,344714173
2020,1740349240,207VE0102X,296153170,288033506
2020,1326519166,207VE0102X,322569111,322587420
2020,1326519166,207VE0102X,322569111,321177138
2020,1326519166,207VE0102X,322569111,323084622
2020,1437156064,174400000X,480341753,
2020,1376540906,207VX0201X,060300001,
2020,1477550036,207VE0102X,060322568,
2020,1740286343,207VE0102X,700053212,
2020,1639176290,207VX0201X,652013792,
2020,1477550085,207VE0102X,100164804,
2020,1881691210,207VX0201X,331990001,
2020,1326045766,207VX0201X,641321136,
2020,1235136680,207VM0101X,060300001,
2020,1578560991,207VM0101X,325045719,
2020,1235136599,207VM0101X,480753712,
2020,1710984000,207VM0101X,152242156,
2020,1821095035,207VM0101X,060302950,
2020,1306843370,207VX0201X,339057816,
2020,1669479747,207VX0201X,339057816,
2020,1821095829,207VX0201X,331462008,
2020,1942202809,207V00000X,770302312,
2020,1467454223,207R00000X,220412897,
2020,1669474359,207VE0102X,770302348,
2020,1750383469,207VM0101X,152242156,
2020,1699777268,207VM0101X,402074707,
2020,1154323707,207VE0102X,234527331,
2020,1124020540,207VX0201X,53215,
2020,1295737633,207VG0400X,662092002,
2020,1952393183,207V00000X,121102490,
2020,1013919570,207V00000X,191074414,
2020,1285636779,207V00000X,325415384,
2020,1194717363,207VX0201X,392164643,
2020,1154317675,207VX0201X,462378633,
2020,1720074289,207VE0102X,605047205,
2020,1659367118,207V00000X,086482320,
2020,1467448787,207VG0400X,054037612,
2020,1477549749,207VM0101X,760142083,
2020,1164418455,207VX0201X,054037612,
2020,1346236536,207V00000X,19140,
2020,1841286242,207V00000X,17403,
2020,1588650717,207VM0101X,672182900,
2020,1295721462,207V00000X,701154637,
2020,1194711374,207VE0102X,011071112,
2020,1346236486,207VE0102X,152354866,
2020,1902892987,207VX0201X,992042307,
2020,1235125220,207VX0201X,992042307,
2020,1225024185,207VX0201X,606575640,
2020,1285624742,207V00000X,782344504,
2020,1629068044,207VX0201X,336063571,
2020,1528058856,207R00000X,021142621,
2020,1841280138,207VE0102X,794101305,
2020,1255321568,207VX0201X,934494974,
2020,1164412300,207VM0101X,775984213,
2020,1235129347,207VX0201X,342393605,
2020,1588654693,207VE0102X,913553701,
2020,1376533406,207V00000X,021142621,
2020,1730179805,207VG0400X,300782016,
2020,1356332357,207VE0102X,454594816,
2020,1235120148,207VM0101X,336063603,
2020,1780675645,207VX0201X,132021147,
2020,1013908037,207VG0400X,041061999,
2020,1184615130,207VE0102X,500103014,
2020,1689665424,207VM0101X,342393605,
2020,1326024811,207V00000X,752082382,
2020,1861478364,207V00000X,765080001,
2020,1720064082,207VM0101X,200072113,
2020,1083690440,207VM0101X,95819,
2020,1669458881,207VE0102X,775984052,
2020,1740266832,207VX0201X,372032131,
2020,1487630646,207SG0201X,00909,
2020,1154307239,207V00000X,191075701,
2020,1699751784,207VX0201X,190231330,
2020,1710963723,207V00000X,080542267,
2020,1891771853,207VM0101X,115661208,
2020,1215907084,207VX0201X,190963450,
2020,1720058571,207VX0201X,333313609,
2020,1366412116,207VX0201X,110303816,
2020,1023088689,207VE0102X,911052515,
2020,1558331330,207V00000X,235071627,
2020,1336119114,207VX0201X,190963450,
2020,1699745257,207VE0102X,91208,
2020,1508836164,207VE0102X,913613748,
2020,1417927070,207VE0102X,926533616,
2020,1043280605,207VE0102X,928352516,
2020,1174593644,207VF0040X,559046756,
2020,1336119023,207VM0101X,171012541,
2020,1306816038,207VE0102X,372031513,
2020,1215907944,207VE0102X,372031513,
2020,1306816061,207V00000X,79925,
2020,1215907670,207V00000X,77030,
2020,1003886466,207V00000X,741368307,
2020,1326018706,207VM0101X,33908,
2020,1649240045,207V00000X,741352527,
2020,1598736829,207V00000X,757011677,
2020,1326018656,207V00000X,757011677,
2020,1104896562,207V00000X,48235,
2020,1811967276,207V00000X,741352527,
2020,1881665057,207VE0102X,313145641,
2020,1821069014,207RX0202X,787585215,
2020,1588635882,207VM0101X,483415023,
2020,1326019639,207VM0101X,483415023,
2020,1538130653,207V00000X,797614529,
2020,1083689921,207VM0101X,187044968,
2020,1336114305,207VE0102X,787317873,
2020,1972578896,174400000X,952046117,
2020,1407821366,207VM0101X,760513580,
2020,1033185855,207VE0102X,78731,
2020,1184690802,207VE0102X,78731,
2020,1467428201,207VM0101X,100166402,
2020,1376519082,207VM0101X,220393171,
2020,1477529188,174400000X,722056225,
2020,1508832296,207V00000X,322096511,
2020,1679549299,207VM0101X,606149267,
2020,1063488617,207V00000X,787051163,
2020,1780650283,207VX0201X,300464317,
2020,1053387597,207VE0102X,152375928,
2020,1851367346,207VM0101X,797628111,
2020,1467428854,207VM0101X,325048785,
2020,1336115906,207VM0101X,00920,
2020,1003882564,207VG0400X,022155400,
2020,1265408751,207VM0101X,662152300,
2020,1942276456,207VE0102X,78731,
2020,1205802733,207VX0201X,303421626,
2020,1104892694,207VM0101X,662152300,
2020,1497721823,207VM0101X,071122027,
2020,1609842053,207VM0101X,591015100,
2020,1407815152,207VM0101X,060302950,
2020,1679532337,207VM0101X,330295593,
2020,1336108190,207VE0102X,30342,
2020,1407815293,207V00000X,546015429,
2020,1912966797,207VE0102X,30342,
2020,1396704078,207V00000X,920371027,
2020,1255390936,207VM0101X,850062727,
2020,1639138258,207VE0102X,93101,
2020,1760441398,207VM0101X,563031901,
2020,1104885763,207V00000X,551022387,
2020,1780643346,174400000X,871310001,
2020,1518926096,207VE0102X,40207,
2020,1114986502,207VX0201X,840496702,
2020,1407815863,207VE0102X,841081223,
2020,1720047103,207VX0201X,142142648,
2020,1750340113,207VE0102X,606115975,
2020,1013976455,207V00000X,765080001,
2020,1730148073,207VE0102X,146264117,
2020,1992764278,207VE0102X,840623216,
2020,1629037908,207V00000X,257013656,
2020,1831159177,207VM0101X,112202508,
2020,1790745040,207VM0101X,554073723,
2020,1831159078,207VE0102X,480841744,
2020,1235198516,207V00000X,257013656,
2020,1417916701,207VE0102X,070023915,
2020,1750340071,207V00000X,257013656,
2020,1285698811,207V00000X,170332360,
2020,1578527149,207VM0101X,191021121,
2020,1033173752,207V00000X,176012644,
2020,1881658417,207VE0102X,920371027,
2020,1992769368,207VM0101X,841320001,
2020,1831153352,207V00000X,191075176,
2020,1285698704,207VM0101X,454092722,
2020,1720042245,207VM0101X,432212800,
2020,1720042104,207VM0101X,852584569,
2020,1003870528,207VM0101X,432212849,
2020,1649234162,207VM0101X,432213502,
2020,1801850359,207VE0102X,441091900,
2020,1255395554,207VM0101X,943052200,
2020,1811951122,207VM0101X,852106008,
2020,1255395687,207VX0201X,631417025,
2020,1801850243,207RH0003X,07601,
2020,1427012772,207VX0201X,331733637,
2020,1154385417,207VX0201X,63141,
2020,1952365231,207VM0101X,441950001,
2020,1588628580,207VX0201X,236012365,
2020,1730143801,207V00000X,376607390,
2020,1003870189,207VM0101X,284036011,
2020,1114981172,207VM0101X,070792636,
2020,1003870015,207V00000X,191044238,
2020,1235193426,207VM0101X,852958487,
2020,1205890399,207V00000X,326103001,
2020,1700840709,207VX0201X,801132736,
2020,1063476190,207V00000X,19111,
2020,1750339446,207V00000X,920371300,
2020,1184673410,207VM0101X,662152300,
2020,1962450437,207VE0102X,480351772,
2020,1629026034,207VE0102X,85258,
2020,1548218886,207VM0101X,537171407,
2020,1689622284,207VX0201X,322241865,
2020,1902854565,207VX0201X,334862337,
2020,1619925195,207VE0102X,775984052,
2020,1417905993,207VX0201X,322041149,
2020,1437107810,207VM0101X,100296501,
2020,1043268501,207V00000X,212242735,
2020,1225086937,207VM0101X,895021262,
2020,1699729608,207VG0400X,972256625,
2020,1154375038,207VE0102X,024457237,
2020,1811941792,207VX0201X,100323729,
2020,1497700173,207VM0101X,076311809,
2020,1427003334,207VX0201X,483093712,
2020,1538114327,207VM0101X,081033101,
2020,1932154739,207VX0201X,076523628,
2020,1689629495,207VM0101X,928683217,
2020,1215982020,207V00000X,282042968,
2020,1821043746,207VM0101X,080802322,
2020,1760437214,207VE0102X,981041306,
2020,1285689687,207VX0201X,652018023,
2020,1962457374,207V00000X,652018104,
2020,1902851314,207VE0102X,080534161,
2020,1841245453,207VM0101X,35233,
2020,1407894330,207SC0300X,212046808,
2020,1679511539,207V00000X,325048785,
2020,1205874898,207VX0201X,212047701,
2020,1265470991,207V00000X,482012018,
2020,1184662579,207VM0101X,381194713,
2020,1942249388,207VC0200X,94598,
2020,1275572679,207VM0101X,797614529,
2020,1770521130,207VX0201X,212022102,
2020,1790724128,207V00000X,770302608,
2020,1689612210,207V00000X,080533209,
2020,1841238482,207VE0102X,640865594,
2020,1457399925,207VM0101X,787585354,
2020,1316985807,207RH0003X,018542134,
2020,1134167620,207VM0101X,980044623,
2020,1104860352,207V00000X,132022240,
2020,1538104351,207VM0101X,773042889,
2020,1033154935,207VM0101X,392164500,
2020,1891730669,207VE0102X,662152300,
2020,1093750879,207VX0201X,241537474,
2020,1225073026,207VX0201X,392164500,
2020,1396780193,207VM0101X,708154114,
2020,1508801432,207VX0201X,076664245,
2020,1780629410,207VX0201X,232294942,
2020,1497790141,207VM0101X,972271683,
2020,1790720175,174400000X,958154305,
2020,1962447482,207VM0101X,212011734,
2020,1154366607,207V00000X,328045505,
2020,1992740450,207V00000X,911053150,
2020,1235174822,174400000X,958172307,
2020,1649215294,207VE0102X,462025149,
2020,1811932437,207V00000X,19104,
2020,1710916077,207V00000X,19104,
2020,1285663567,207V00000X,173153002,
2020,1689603763,207VF0040X,802044507,
2020,1285663419,207VM0101X,100323729,
2020,1790714921,207VE0102X,685061225,
2020,1508895749,207VE0102X,191074420,
2020,1255360491,207VE0102X,685061225,
2020,1689603789,207VM0101X,100323729,
2020,1932138070,207VX0201X,336129416,
2020,1124057377,207VM0101X,100323729,
2020,1871522078,207VM0101X,068304697,
2020,1063441277,207VE0102X,538132054,
2020,1750310942,207VM0101X,100323729,
2020,1528097615,207VM0101X,00902,
2020,1083643142,207VE0102X,366073520,
2020,1922037787,207VX0201X,604532199,
2020,1427087204,207V00000X,174035074,
2020,1407885296,207VM0101X,224014467,
2020,1902835853,207VX0201X,606114546,
2020,1033148911,207VM0101X,065103206,
2020,1336178219,207VM0101X,107083403,
2020,1912936758,207VF0040X,300764916,
2020,1720017577,207VX0201X,381202146,
2020,1447289335,207VE0102X,91361,
2020,1659300556,174400000X,100164744,
2020,1942239603,207VE0102X,951283901,
2020,1508895129,207VM0101X,606114546,
2020,1447284054,207VG0400X,27157,
2020,1467485482,207VM0101X,016052903,
2020,1891729695,207V00000X,454291264,
2020,1417981994,207VM0101X,787051156,
2020,1851325336,207V00000X,132022240,
2020,1780618280,207V00000X,132022240,
2020,1336173723,207VM0101X,146420001,
2020,1629002027,207V00000X,212011734,
2020,1497789853,207V00000X,220314623,
2020,1093749418,207VM0101X,170332360,
2020,1891729216,207V00000X,212011734,
2020,1154355576,207VE0102X,681386804,
2020,1316971732,207VM0101X,146420001,
2020,1982639019,207VM0101X,602011718,
2020,1861427908,207VX0201X,331801238,
2020,1376577478,207VE0102X,146420001,
2020,1720012826,207VE0102X,146420001,
2020,1972538031,207V00000X,531427884,
2020,1023043171,207VE0102X,443041437,
2020,1609801646,207V00000X,787051157,
2020,1356376313,207V00000X,142260000,
2020,1154355220,207V00000X,191202421,
2020,1194759282,207V00000X,07601,
2020,1194750026,207V00000X,481090902,
2020,1154356830,207VM0101X,075032621,
2020,1295769396,207V00000X,08003,
2020,1265467377,207VX0201X,631171818,
2020,1437184389,207VM0101X,077534488,
2020,1134154214,207VF0040X,330213567,
2020,1386679298,207VE0102X,652018076,
2020,1235164104,207VX0201X,191112434,
2020,1982639746,207VE0102X,189143967,
2020,1417982448,207VM0101X,545389661,
2020,1639104417,207V00000X,054011473,
2020,1760408173,207VX0201X,950321438,
2020,1144246653,207VE0102X,481245032,
2020,1265459622,207VE0102X,170332360,
2020,1083631071,207VM0101X,750823542,
2020,1326065228,207VM0101X,037561000,
2020,1922025931,207VM0101X,711034228,
2020,1659398667,207VX0201X,200103017,
2020,1902828635,207V00000X,70112,
2020,1356363550,207VX0201X,923543450,
2020,1417979626,207VE0102X,923543450,
2020,1487676169,207SG0201X,941095455,
2020,1093737413,207VF0040X,495035732,
2020,1972525723,207VM0101X,784124938,
2020,1427070655,207V00000X,115014198,
2020,1376565952,207VM0101X,87106,
2020,1841212081,174400000X,921211002,
2020,1730101239,207V00000X,132022240,
2020,1548282619,207VX0201X,232261934,
2020,1427070598,207VX0201X,229080001,
2020,1740202258,207VM0101X,209031400,
2020,1174545479,207VE0102X,321642452,
2020,1235151796,207VX0201X,900481804,
2020,1821010158,207V00000X,054011473,
2020,1427070291,207VM0101X,430818971,
2020,1245252014,207RC0000X,705083850,
2020,1154343929,207V00000X,70115,
2020,1316969660,207VE0102X,321142730,
2020,1477560423,207V00000X,52242,
2020,1720095649,207V00000X,972393011,
2020,1972510808,207V00000X,972393011,
2020,1962419788,207VG0400X,178221447,
2020,1851309306,207VM0101X,972393011,
2020,1750399218,207V00000X,972393011,
2020,1154339547,207VM0101X,770303000,
2020,1770591190,207VM0101X,029052401,
2020,1053328625,207V00000X,200102927,
2020,1598772162,207VE0102X,606114546,
2020,1396753596,207V00000X,90033,
2020,1558379024,207VM0101X,608052814,
2020,1457368029,207VX0201X,933014211,
2020,1184631715,207VM0101X,61104,
2020,1336151950,207VE0102X,100221009,
2020,1871505438,207VM0101X,381194713,
2020,1275545634,207VE0102X,483045130,
2020,1912919200,207VX0201X,900246992,
2020,1952313140,207VE0102X,926771267,
2020,1659383941,207VE0102X,958211618,
2020,1154334209,207V00000X,602011777,
2020,1477565737,207VE0102X,891092307,
2020,1619980208,207VM0101X,06102,
2020,1114930997,207VX0201X,481971014,
2020,1114930898,207V00000X,330295593,
2020,1336152818,207V00000X,753907201,
2020,1417960998,207V00000X,753907208,
2020,1356354252,207V00000X,112091811,
2020,1649386475,207V00000X,750938100,
2020,1790891653,207VE0102X,339073990,
2020,1104932276,207VX0201X,981012756,
2020,1245346915,207V00000X,10016,
2020,1073620654,207VM0101X,293071058,
2020,1972610442,207VG0400X,443041437,
2020,1174630651,207VE0102X,06606,
2020,1457468050,207V00000X,02115,
2020,1548377161,207V00000X,53226,
2020,1306958517,207VX0201X,913014233,
2020,1245332477,207VE0102X,212042316,
2020,1689776783,207VX0201X,600681270,
2020,1447352141,207VM0101X,191413030,
2020,1265534960,207VM0101X,871064374,
2020,1609978493,207VE0102X,906231732,
2020,1295837904,207VX0201X,672083003,
2020,1245332972,207VM0101X,330654042,
2020,1407958143,207VC0200X,191413018,
2020,1003918970,207VE0102X,774294697,
2020,1740382332,207VM0101X,322078334,
2020,1538261029,207VF0040X,029042609,
2020,1629170162,207VE0102X,926832900,
2020,1437257938,207VM0101X,303421606,
2020,1548367840,207VM0101X,441115612,
2020,1942308465,207V00000X,857240001,
2020,1548368061,207V00000X,666041301,
2020,1679670764,207VM0101X,089011766,
2020,1639276850,207VM0101X,705086949,
2020,1235236308,207VM0101X,891022351,
2020,1710084082,207VE0102X,672262182,
2020,1316044605,207VG0400X,178222920,
2020,1477651719,207VG0400X,801345640,
2020,1437257854,207P00000X,704332980,
2020,1538267976,207V00000X,100214099,
2020,1326146622,207V00000X,100214099,
2020,1467544460,207VG0400X,983352215,
2020,1568554129,207VG0400X,328063910,
2020,1619069424,207VX0201X,077199671,
2020,1912099789,207VM0101X,336063603,
2020,1164514642,207VM0101X,071032425,
2020,1568554319,207VX0201X,701153532,
2020,1093802191,207VM0101X,275990001,
2020,1811084999,207V00000X,100214870,
2020,1528155579,207V00000X,972394501,
2020,1699862748,207V00000X,191075127,
2020,1508953654,207VX0201X,800452545,
2020,1417044546,207V00000X,372320001,
2020,1578650685,207V00000X,372320001,
2020,1174610166,207VM0101X,443072433,
2020,1992892871,207V00000X,968261001,
2020,1871681676,207VM0101X,024217109,
2020,1861589806,207VM0101X,773394412,
2020,1306934161,207VE0102X,109703553,
2020,1033207998,207V00000X,009276733,
2020,1285722058,207VM0101X,928684229,
2020,1861580524,207VM0101X,917903938,
2020,1548358344,207VM0101X,917903938,
2020,1992885040,207VM0101X,928683217,
2020,1558441725,207VX0201X,652120001,
2020,1720168768,207VM0101X,110215315,
2020,1316027360,207VM0101X,902622646,
2020,1295815371,207VX0201X,92868,
2020,1184704264,207VX0201X,275997570,
2020,1083794184,207VE0102X,303288102,
2020,1578643524,207VE0102X,98104,
2020,1952491136,207V00000X,100214872,
2020,1649350612,207V00000X,981054765,
2020,1508946500,207VM0101X,941181618,
2020,1194805002,207VM0101X,600681186,
2020,1902986979,207V00000X,98109,
2020,1356421259,207VM0101X,841320002,
2020,1245310143,207VM0101X,841320002,
2020,1205916202,207V00000X,981956127,
2020,1174603070,207VM0101X,841320002,
2020,1033299938,207VM0101X,770302348,
2020,1306926217,207VM0101X,841320001,
2020,1588744585,207VM0101X,110215315,
2020,1205916103,207VX0201X,98109,
2020,1205916111,207VM0101X,841320002,
2020,1740360650,207VE0102X,841320002,
2020,1629158530,207VM0101X,841320002,
2020,1063592897,207VE0102X,984311000,
2020,1912087982,207V00000X,981956460,
2020,1154401131,207VM0101X,110215315,
2020,1851471486,207V00000X,305013822,
2020,1699855205,207V00000X,04074,
2020,1629158191,207VE0102X,10022,
2020,1043390511,207VE0102X,981056008,
2020,1093895575,207VM0101X,10461,
2020,1720168206,207VE0102X,10530,
2020,1972683225,207VM0101X,77026,
2020,1427138080,207V00000X,933097032,
2020,1326128885,207VX0201X,10461,
2020,1134209695,207V00000X,061051770,
2020,1861579716,207VE0102X,950510000,
2020,1962589812,207VM0101X,950515173,
2020,1508942715,207VM0101X,701122600,
2020,1598841637,207VM0101X,191044319,
2020,1861578833,207V00000X,921038433,
2020,1518043512,207VM0101X,492011847,
2020,1851478788,207VX0201X,950515173,
2020,1184701021,207VX0201X,950515173,
2020,1730265919,207VM0101X,333232843,
2020,1093891152,207VE0102X,921232778,
2020,1598842429,207VE0102X,950515329,
2020,1437235645,207V00000X,476308940,
2020,1447336664,207VE0102X,750392743,
2020,1356427579,207VE0102X,75063,
2020,1164592382,207VX0201X,97225,
2020,1013087287,207VE0102X,314056007,
2020,1700956984,207VE0102X,314056007,
2020,1083784144,207VE0102X,303293722,
2020,1760552863,207V00000X,913608004,
2020,1689744344,207VM0101X,115014064,
2020,1558431122,207RH0000X,941430120,
2020,1255401733,207VM0101X,088203947,
2020,1962572503,207V00000X,021156110,
2020,1174693675,207VM0101X,482012018,
2020,1538234612,207VM0101X,115014064,
2020,1326113564,207VM0101X,077405725,
2020,1619042504,207VX0201X,100135003,
2020,1639244502,207VM0101X,115304893,
2020,1548335417,207V00000X,240164962,
2020,1306911235,207VX0201X,19107,
2020,1225104169,207VM0101X,454092722,
2020,1245306976,207VE0102X,021142621,
2020,1164581344,207VM0101X,009495388,
2020,1225197411,207VM0101X,99508,
2020,1528127651,207VX0201X,802203923,
2020,1184783391,207VM0101X,99508,
2020,1679632582,207VM0101X,065103206,
2020,1144389230,207VM0101X,913608032,
2020,1033278056,207V00000X,463202352,
2020,1942369285,207V00000X,83704,
2020,1689733214,207VX0201X,921202507,
2020,1528127164,207VE0102X,92660,
2020,1407915150,207VX0201X,904042303,
2020,1295894673,174400000X,940404124,
2020,1811052889,207VM0101X,207745374,
2020,1568527869,207VX0201X,441091900,
2020,1508921818,207VX0201X,330635755,
2020,1558426700,207VE0102X,604352879,
2020,1548325871,207V00000X,271570001,
2020,1164587408,207VM0101X,122083797,
2020,1154486405,207VE0102X,330635755,
2020,1144385212,207VE0102X,900256646,
2020,1346305604,207VE0102X,060322568,
2020,1487710463,207VM0101X,941582549,
2020,1740346725,207V00000X,191044408,
2020,1386700367,207VE0102X,079202976,
2020,1245396142,207V00000X,100654870,
2020,1063578961,207VE0102X,276076688,
2020,1033275995,207VE0102X,208920001,
2020,1912063728,207VF0040X,309120004,
2020,1982760872,207V00000X,197132072,
2020,1194881938,207VE0102X,662152300,
2020,1457417263,207VM0101X,992042803,
2020,1316003114,207VM0101X,392021651,
2020,1144386822,207VE0102X,191075504,
2020,1811053556,207VE0102X,191075504,
2020,1669522132,207VE0102X,760226033,
2020,1417007808,207VG0400X,87106,
2020,1023168358,207VM0101X,871062719,
2020,1134279052,207VX0201X,170111759,
2020,1609926930,207VM0101X,041023100,
2020,1578613840,207VM0101X,079606136,
2020,1912057761,207VE0102X,103092622,
2020,1760537484,174400000X,373801305,
2020,1841345501,207VX0201X,271570001,
2020,1639224017,207VM0101X,306067721,
2020,1629123286,207V00000X,921232778,
2020,1750437752,207VE0102X,92130,
2020,1477608677,207VM0101X,079603242,
2020,1194871186,207VE0102X,891175890,
2020,1508912601,207VM0101X,76544,
2020,1063551174,207VE0102X,837027307,
2020,1871632364,207VE0102X,631312330,
2020,1770621252,207VE0102X,480843526,
2020,1992844179,207VE0102X,024217305,
2020,1881733293,207RH0003X,463919523,
2020,1003955485,207RH0003X,465451470,
2020,1871632570,207VE0102X,921202507,
2020,1720127426,207VE0102X,60521,
2020,1295874014,207RH0003X,49120,
2020,1669515094,207VX0201X,630173417,
2020,1508909805,207V00000X,113661255,
2020,1871636928,207VX0201X,913421437,
2020,1851434088,207VM0101X,323084647,
2020,1548303647,207RH0003X,551022393,
2020,1457494551,207RH0003X,551022393,
2020,1699818658,207VX0201X,631225561,
2020,1649314584,207VE0102X,553697073,
2020,1639213580,207VM0101X,809095533,
2020,1093859753,207VX0201X,016052903,
2020,1710021498,207VM0101X,191044319,
2020,1922142629,207VM0101X,802183666,
2020,1285764738,207VX0201X,232354730,
2020,1952431355,207VE0102X,076041815,
2020,1326178765,207VX0201X,334448193,
2020,1750411237,207VX0201X,336346310,
2020,1710017017,207VE0102X,197132072,
2020,1124158647,207VM0101X,975048332,
2020,1518091735,207VM0101X,483365919,
2020,1073647368,207VM0101X,841320001,
2020,1861516023,207VX0201X,619442460,
2020,1063546349,207VE0102X,841320001,
2020,1881728129,207VE0102X,611075912,
2020,1477677417,207VX0201X,891692578,
2020,1538283510,207VE0102X,322078334,
2020,1578687414,207VM0101X,606371447,
2020,1477677375,207V00000X,454092722,
2020,1669596599,207VE0102X,22204,
2020,1750405601,207VM0101X,142222006,
2020,1912026600,207V00000X,040749692,
2020,1205955739,207VX0201X,190133902,
2020,1164541579,207VE0102X,374213157,
2020,1962521484,207VE0102X,190133902,
2020,1235258450,207VM0101X,190133902,
2020,1205050457,207VM0101X,200102927,
2020,1386868578,207VE0102X,928683201,
2020,1063636298,207VM0101X,283044457,
2020,1619192911,207VG0400X,104612374,
2020,1114141561,207VE0102X,902104226,
2020,1205055027,207V00000X,328061014,
2020,1609095439,207VX0201X,009365067,
2020,1235358920,207V00000X,601751000,
2020,1619196466,207VM0101X,951244105,
2020,1134331671,207VF0040X,731124462,
2020,1548472962,207VM0101X,952046117,
2020,1134331549,207V00000X,936116889,
2020,1649483546,207V00000X,331379800,
2020,1992918999,207VE0102X,912064197,
2020,1649483991,207SG0201X,941181618,
2020,1538372701,207VM0101X,800452545,
2020,1417160524,207VF0040X,231163818,
2020,1720291024,207V00000X,852584569,
2020,1740493923,207VX0201X,711033950,
2020,1710197330,207VX0201X,958172307,
2020,1710197256,207V00000X,441061716,
2020,1497965081,207V00000X,857122805,
2020,1053521500,207VE0102X,079202976,
2020,1114137668,207V00000X,522421009,
2020,1598975336,207VX0201X,604532199,
2020,1609086099,207VE0102X,080439542,
2020,1558571950,207VE0102X,535621774,
2020,1689884462,207V00000X,761042158,
2020,1760692198,207V00000X,981338414,
2020,1801006242,207V00000X,52242,
2020,1881804235,207VM0101X,522421009,
2020,1477763829,207Q00000X,917632328,
2020,1487864880,207VF0040X,122083513,
2020,1326258740,207V00000X,481094276,
2020,1932319209,207VE0102X,752314339,
2020,1255541520,225100000X,852151134,
2020,1992915623,207V00000X,454335529,
2020,1306040852,207VX0201X,372032131,
2020,1144424615,207VX0201X,900890112,
2020,1740483288,207VE0102X,774941339,
2020,1609070143,207VX0201X,292108239,
2020,1063611762,207V00000X,913421437,
2020,1831398700,207V00000X,92354,
2020,1669671541,207VX0201X,631418219,
2020,1457550154,207VE0102X,29464,
2020,1417156118,207VM0101X,934548904,
2020,1285833863,207VX0201X,366041407,
2020,1992904650,207V00000X,061025037,
2020,1710186473,207VE0102X,381202363,
2020,1134328495,207VF0040X,330213567,
2020,1740489012,207VM0101X,995085392,
2020,1538368899,207VM0101X,787011943,
2020,1801095195,207VM0101X,802055503,
2020,1972795573,207VX0201X,931055316,
2020,1417149022,207V00000X,941432350,
2020,1760674329,207V00000X,984054930,
2020,1205028792,207VX0201X,100656007,
2020,1003009473,207VG0400X,007254081,
2020,1770776288,207V00000X,900481804,
2020,1730372079,207VX0201X,076012191,
2020,1285827543,207VM0101X,782293425,
2020,1043403363,208800000X,551071805,
2020,1548458904,207VX0201X,489123753,
2020,1114115409,207V00000X,482362167,
2020,1679761852,207VM0101X,349944914,
2020,1588853667,207V00000X,532272468,
2020,1487843520,207VF0040X,336063603,
2020,1255520326,207V00000X,761042158,
2020,1902095086,207VF0040X,132030000,
2020,1194914184,207V00000X,232294933,
2020,1558550541,207V00000X,011071112,
2020,1437348422,207VF0040X,346095615,
2020,1871782748,207VM0101X,336063603,
2020,1932398831,207VE0102X,309012607,
2020,1891984670,207V00000X,906503802,
2020,1053593921,207VX0201X,841241228,
2020,1740462316,207VX0201X,631101032,
2020,1669654216,207VE0102X,837027307,
2020,1932381530,207VX0201X,381383687,
2020,1063694651,207VE0102X,891175890,
2020,1669659595,207V00000X,277076865,
2020,1427235449,207VM0101X,723428998,
2020,1609053453,207VE0102X,77598,
2020,1043497860,174400000X,922519599,
2020,1992982623,207VM0101X,29303,
2020,1427235050,207V00000X,312101822,
2020,1235316639,207VM0101X,303082208,
2020,1700063187,207V00000X,992012229,
2020,1548431604,174400000X,065103220,
2020,1962673046,207VX0201X,945982990,
2020,1952572901,207VE0102X,891440514,
2020,1063683936,207VX0201X,10461,
2020,1972774784,207VM0101X,065103218,
2020,1952578114,207V00000X,800452545,
2020,1972770105,207VG0400X,770542935,
2020,1841457975,207VX0201X,600073378,
2020,1972760148,207VM0101X,891440518,
2020,1629235783,207VX0201X,951281600,
2020,1851558779,207VX0201X,113555045,
2020,1306008859,207V00000X,071032757,
2020,1689836280,207VE0102X,904041106,
2020,1508028788,207VX0201X,981950001,
2020,1649432931,207VM0101X,981950001,
2020,1679735864,207V00000X,152133108,
2020,1205098589,207VE0102X,921221013,
2020,1124280581,207VF0040X,937208001,
2020,1639331028,207V00000X,191045127,
2020,1194987552,207V00000X,007171321,
2020,1316109648,207VX0201X,787053378,
2020,1205098399,207VX0201X,554550341,
2020,1891957940,207V00000X,29588,
2020,1578725669,207V00000X,43214,
2020,1255593174,207V00000X,900485421,
2020,1871755710,207VE0102X,054468025,
2020,1508022781,390200000X,970158970,
2020,1215193495,207VM0101X,907103416,
2020,1104072198,207VE0102X,926633522,
2020,1467608406,207VG0400X,958172307,
2020,1639325590,207V00000X,366041414,
2020,1225284078,207VX0201X,604877581,
2020,1245486067,207V00000X,286554091,
2020,1295981116,207V00000X,176012433,
2020,1174779987,207VE0102X,074707045,
2020,1184870818,207V00000X,606113907,
2020,1821249715,207VE0102X,100168318,
2020,1326299264,207V00000X,79912,
2020,1093966871,207V00000X,802055437,
2020,1477705168,207V00000X,981012756,
2020,1639321284,207VF0040X,853409428,
2020,1174775670,207V00000X,900276061,
2020,1255583829,207VE0102X,079202976,
2020,1588816086,207V00000X,921234223,
2020,1972755445,207V00000X,104662604,
2020,1558513853,207V00000X,100221009,
2020,1750526265,207VE0102X,100214917,
2020,1275778680,207V00000X,265061200,
2020,1750526083,207VX0201X,956612865,
2020,1922243211,207VX0201X,606123841,
2020,1780824599,207V00000X,208890001,
2020,1811138506,207VM0101X,309015104,
2020,1992946644,207VM0101X,309015104,
2020,1629202361,207V00000X,220423307,
2020,1285868943,207VM0101X,336063603,
2020,1902030679,207VX0201X,10065,
2020,1669606208,207V00000X,10022,
2020,1629202270,207V00000X,631418265,
2020,1639303134,207RE0101X,325718790,
2020,1902030422,207VE0102X,112153609,
2020,1801020359,207VE0102X,941582518,
2020,1558595843,207VE0102X,054011473,
2020,1477788701,207V00000X,016052903,
2020,1861627085,207VM0101X,337014662,
2020,1821229568,207VM0101X,787585614,
2020,1053542506,207VE0102X,80220,
2020,1003047515,207V00000X,782293931,
2020,1861623357,207VE0102X,152375928,
2020,1053542563,207VM0101X,072023674,
2020,1275764748,207V00000X,554222326,
2020,1154552339,207VM0101X,070364040,
2020,1396976437,207VE0102X,553697073,
2020,1649401688,207VE0102X,553697073,
2020,1922333640,207VM0101X,122083555,
2020,1669708186,207VE0102X,100215663,
2020,1750617148,207VG0400X,112094805,
2020,1508192824,207VE0102X,483224182,
2020,1164752804,207VM0101X,070476217,
2020,1457681009,207VM0101X,180151155,
2020,1619207040,207VX0201X,787582401,
2020,1720318041,207VX0201X,337121702,
2020,1225368558,207VM0101X,900043025,
2020,1588994727,207V00000X,841320001,
2020,1487984589,207V00000X,522421009,
2020,1346570405,207VF0040X,606112927,
2020,1760712863,207V00000X,631082212,
2020,1992029177,207VE0102X,752302505,
2020,1760706931,207VE0102X,115014235,
2020,1972827046,207RH0003X,741367816,
2020,1396069373,207V00000X,981950001,
2020,1154645000,207V00000X,905022004,
2020,1538483458,207VX0201X,112153609,
2020,1851611123,207V00000X,336063603,
2020,1003136151,207V00000X,631171858,
2020,1346561453,390200000X,402074721,
2020,1659692630,207V00000X,559050001,
2020,1427379221,207V00000X,606371443,
2020,1851612659,207VX0201X,532263522,
2020,1578876199,207V00000X,940873832,
2020,1194038604,207V00000X,900255007,
2020,1255645594,207V00000X,366041405,
2020,1316251796,207VX0201X,559050001,
2020,1598075632,207VX0201X,334448193,
2020,1780993881,207V00000X,495032543,
2020,1942510920,207VX0201X,112192923,
2020,1154631273,207VF0040X,958172307,
2020,1710282918,207VM0101X,275187404,
2020,1144526914,207VE0102X,600693610,
2020,1699064840,207VM0101X,37204,
2020,1427347541,207VE0102X,271035661,
2020,1770872822,207VE0102X,770541920,
2020,1861781767,207VX0201X,972256691,
2020,1235428129,207V00000X,104611900,
2020,1790074573,207VE0102X,968261001,
2020,1669761342,390200000X,200103017,
2020,1043509730,207V00000X,837026135,
2020,1043505852,207V00000X,52242,
2020,1457646127,207VM0101X,432212800,
2020,1700171451,207VX0201X,921233357,
2020,1174818819,207V00000X,559050001,
2020,1629363346,207V00000X,018016372,
2020,1730474297,207VE0102X,782344504,
2020,1952696346,207VE0102X,480924438,
2020,1215222534,207VM0101X,089011766,
2020,1912287392,207VM0101X,328061008,
2020,1427332345,207VM0101X,104612720,
2020,1780953729,207V00000X,376043799,
2020,1295004075,207VE0102X,972312403,
2020,1396019527,207VE0102X,43082,
2020,1861767857,207RH0003X,080534141,
2020,1568737542,207RH0003X,080032150,
2020,1962777953,207RH0003X,080804002,
2020,1396010385,207RH0003X,080439616,
2020,1801161880,207RH0003X,080372032,
2020,1245505239,207RH0003X,080961794,
2020,1639437205,207V00000X,352491900,
2020,1134488620,207VM0101X,900957419,
2020,1710246210,207VE0102X,711034010,
2020,1639438088,207VX0201X,322096511,
2020,1679832075,207VM0101X,257013656,
2020,1093074486,207VX0201X,303033031,
2020,1417216896,207VF0040X,495462149,
2020,1316206535,207VM0101X,372052287,
2020,1710246855,207VE0102X,112046079,
2020,1629330220,207VE0102X,066116337,
2020,1659633972,207V00000X,328044641,
2020,1871855205,207VE0102X,379342806,
2020,1164784450,207V00000X,761044804,
2020,1669734950,207V00000X,662152305,
2020,1992067094,207VM0101X,606371447,
2020,1487916649,207V00000X,333162510,
2020,1235488719,207V00000X,775555302,
2020,1396094744,207V00000X,309012643,
2020,1679825996,207VX0201X,288062246,
2020,1033462981,207VE0102X,021803335,
2020,1245577048,207VF0040X,313295244,
2020,1467790055,207V00000X,280252982,
2020,1043558471,207VM0101X,070402905,
2020,1174864490,207VX0201X,088652748,
2020,1407197593,207VX0201X,153179762,
2020,1073855805,207V00000X,800452545,
2020,1518209451,390200000X,443072433,
2020,1922340744,207VE0102X,441224317,
2020,1629310347,207VG0400X,838545275,
2020,1164764874,207VM0101X,532263522,
2020,1831535558,207VX0201X,554264702,
2020,1114359080,207VE0102X,220314617,
2020,1225460900,207VX0201X,224320639,
2020,1932531340,207VF0040X,112235149,
2020,1548693872,207V00000X,282042963,
2020,1184051104,207VX0201X,319046877,
2020,1538597356,207VF0040X,937208001,
2020,1336577097,207RH0003X,018901328,
2020,1578991212,207V00000X,324054590,
2020,1538597273,207V00000X,326054381,
2020,1548681646,207VM0101X,443041430,
2020,1679994420,207VE0102X,235071627,
2020,1598182362,207VE0102X,90067,
2020,1558788935,207VE0102X,105302319,
2020,1497165955,207VE0102X,857189103,
2020,1932519204,207VF0040X,85259,
2020,1639580962,207VM0101X,782293931,
2020,1255747051,207V00000X,55905,
2020,1679989958,207V00000X,55905,
2020,1447666862,207VX0201X,100103788,
2020,1417357211,207VM0101X,787465516,
2020,1639579311,207VX0201X,794101301,
2020,1063812659,207VE0102X,372031513,
2020,1497151351,207VE0102X,770542935,
2020,1578969465,207V00000X,770542935,
2020,1376932244,207VF0040X,631322002,
2020,1144619735,207V00000X,800452545,
2020,1528457074,207V00000X,329407330,
2020,1447649926,207VM0101X,017026358,
2020,1841686219,207VM0101X,022155400,
2020,1720474091,207VF0040X,333211617,
2020,1760861678,207VF0040X,276148494,
2020,1902285752,207VX0201X,482301923,
2020,1629443049,207V00000X,871064900,
2020,1528433968,207VX0201X,319046802,
2020,1467827667,207VE0102X,462802004,
2020,1861857013,207VE0102X,622268307,
2020,1023473279,207VE0102X,631418232,
2020,1285094102,207VF0040X,660442215,
2020,1881055523,207VM0101X,220423307,
2020,1447611132,207VG0400X,300932711,
2020,1295189470,207VX0201X,900958358,
2020,1043660467,207RX0202X,490681143,
2020,1568915197,207VX0201X,236024414,
2020,1598219776,207VM0101X,207592670,
2020,1619412376,207Q00000X,486024727,
2020,1841731783,207VE0102X,358014205,
2020,1407382252,207VF0040X,086192711,
2020,1497275044,207VM0101X,115301153,
2020,1952821217,207VM0101X,347445260,
2020,1891212627,207VE0102X,100280418,
2020,1558872382,207VM0101X,074101812,
2020,1841706793,207VM0101X,485035902,
2020,1467957654,207VM0101X,928683855,
2020,1245735281,207VM0101X,773396406,
2020,1275024556,207V00000X,46980,
2020,1497236103,207VM0101X,462602495,
2020,1295216372,207Q00000X,176037609,
2020,1477034502,207VE0102X,805384397,
2020,1457836637,207VX0201X,392327640,
2020,1235609017,207RH0003X,430818723,
2020,1093286536,207VG0400X,983723750,
2020,1124588793,207VX0201X,381383687,
2020,1164086294,207VM0101X,967341868,
2020,1588225973,207VF0040X,024812113,
2020,1992351316,207VM0101X,89523,
2020,1750920153,207VF0040X,908134508,
2020,1336772490,207RC0000X,179619343,
2020,1336772128,207VE0102X,571051503,
2020,1992338701,207V00000X,085423708,
2020,1962026500,207VX0201X,801132702,
2020,1306460704,207V00000X,800125411,
2020,1679197172,207VM0101X,800279583,
2020,1851915227,207VM0101X,816014261,
2020,1033733480,207VM0101X,802294361,
2020,1730703034,207VM0101X,804878813,
2020,1750905121,207VM0101X,802203921,
2020,1316561707,207VM0101X,801222633,
2020,1932723384,207VM0101X,813017311,
2020,1023632320,207VM0101X,816575242,
2020,1275157661,207VM0101X,801132792,
2020,1750905055,207VM0101X,816326426,
2020,1356965644,207VM0101X,802055507,
2020,1134743503,207VM0101X,806315114,
2020,1386268753,207VM0101X,805385012,
2020,1255955647,207VM0101X,801388573,
2020,1053935346,207VM0101X,801245525,
2020,1952925240,207VM0101X,826094264,
2020,1780208082,207VM0101X,826012735,
2020,1548879356,207VM0101X,809232607,
2020,1528677192,207VX0201X,196112143,
2020,1396358818,207VF0040X,852584500,
2020,1417560574,207V00000X,800263396,
2020,1023617701,207VE0102X,020262637,
2020,1124627799,207V00000X,100115638,
2020,1598369522,207VE0102X,108052128,
2020,1598369589,207VF0040X,100212810,
2020,1861495616,207V00000X,271574220,275144220
2020,1740283688,207V00000X,376207352,376208772
2020,1982692984,207VM0101X,787051006,787593550
2020,1467435891,207VM0101X,852246255,850487645
2020,1609859586,207V00000X,90095,900951865
2020,1699753152,207VE0102X,600313322,606302338
2020,1952389231,207VM0101X,481245032,481243057
2020,1649258948,207VM0101X,75701,45433
2020,1649258856,207V00000X,462601986,462201003
2020,1679545982,207VX0201X,850274017,850274017
2020,1154393411,207VX0201X,631410001,06519
2020,1730151796,207V00000X,32804,327924120
2020,1487622239,207V00000X,160014651,92405
2020,1396713889,207VG0400X,331762118,331762144
2020,1952379497,207VG0400X,554352281,551251709
2020,1710955141,207VG0400X,303315511,303315583
2020,1629047626,207VF0040X,631418232,631282176
2020,1619938347,207V00000X,372320001,372043609
2020,1578524021,207VX0201X,480736710,480851128
2020,1457319170,207VM0101X,305013834,305175600
2020,1215989751,207V00000X,531427884,544495703
2020,1003867623,207VM0101X,180151155,180151155
2020,1730131509,207V00000X,78758,781303174
2020,1063464915,207V00000X,021111552,132022240
2020,1477509263,207V00000X,271032508,296054247
2020,1184670408,207VX0201X,91206,190133902
2020,1497701866,207VE0102X,02451,132101688
2020,1710913306,207VM0101X,641084619,631171811
2020,1578590642,207V00000X,641113220,666041301
2020,1013947142,207VM0101X,984054930,284036011
2020,1679504179,207V00000X,60611,606253645
2020,1619992740,207VE0102X,282042963,282042963
2020,1033134093,207V00000X,200600001,060300001
2020,1134144587,207VM0101X,328031465,443081063
2020,1366451478,207VG0400X,301413756,303220001
2020,1265545784,207V00000X,554352137,581044603
2020,1861506917,207V00000X,943041807,029052401
2020,1710096755,207V00000X,66211,641082640
2020,1366546731,207VM0101X,782293326,782553344
2020,1326148305,207VE0102X,462025149,462802301
2020,1831299767,207VM0101X,334106296,349527563
2020,1861592339,207VX0201X,232351979,232354730
2020,1174618771,207VM0101X,786651032,765080001
2020,1578653507,207VE0102X,10528,105322140
2020,1326138926,208800000X,490852529,044016630
2020,1487734646,207V00000X,850164872,850164872
2020,1912081811,207VM0101X,468451707,463074859
2020,1912076647,207V00000X,98225,46237
2020,1710050869,207VX0201X,74133,741368384
2020,1497828644,207V00000X,10013,10013
2020,1548337041,207VM0101X,19107,080122453
2020,1629130950,207V00000X,775555302,891021963
2020,1730241217,207V00000X,785391406,785508450
2020,1346307709,207V00000X,142630001,972393011
2020,1467509505,207VX0201X,33701,342393605
2020,1174666705,207VE0102X,60026,600265823
2020,1922141522,207VE0102X,600268022,600268022
2020,1184767725,207VE0102X,60026,600265823
2020,1881737484,207VE0102X,600268022,600268022
2020,1528101144,207VE0102X,60026,601692433
2020,1871613786,207V00000X,787051016,787121765
2020,1982725396,207V00000X,871062719,871095566
2020,1538371679,208800000X,90404,900953075
2020,1801018023,207V00000X,652018105,037561000
2020,1518189885,207VE0102X,285014932,782344504
2020,1497966477,207V00000X,405031489,405092480
2020,1669678421,207V00000X,294258900,294145733
2020,1750588596,174400000X,559050001,381033409
2020,1598956591,207V00000X,338804333,121802447
2020,1649445388,207VM0101X,181036202,185101724
2020,1073788634,207V00000X,708175128,322566932
2020,1134394695,207VM0101X,180151152,191074420
2020,1326213794,207VX0201X,46845,46845
2020,1144495581,207VM0101X,303082240,303443618
2020,1346415494,207VX0201X,48201,482012087
2020,1942468830,207VF0040X,10016,100166058
2020,1114185923,207V00000X,910103012,910301814
2020,1053579490,207VX0201X,75093,750938104
2020,1134383128,207V00000X,291694716,522421009
2020,1578727574,207VX0201X,076012191,070424837
2020,1023273687,207V00000X,452451898,453564199
2020,1194974535,207VM0101X,284036022,284038052
2020,1053554527,207V00000X,681242319,303421752
2020,1407083645,207VX0201X,799052707,191112434
2020,1194043984,207VE0102X,559050002,44109
2020,1750609376,207VE0102X,750342476,20037
2020,1568780062,207V00000X,271034014,271033013
2020,1497073704,207V00000X,852245298,857047872
2020,1407168305,207V00000X,522421009,522412209
2020,1174839401,207VF0040X,40508,522421009
2020,1821304882,207VF0040X,928683217,275997570
2020,1366732224,207V00000X,968141876,968261032
2020,1346530151,207V00000X,100384831,328045505
2020,1700176567,207VX0201X,837126267,35233
2020,1235429861,207VE0102X,94538,606113907
2020,1356631998,207VG0400X,066115387,068246017
2020,1215227749,207VE0102X,850186218,852534082
2020,1225328636,207V00000X,775842272,701122272
2020,1508152034,207V00000X,43210,606112914
2020,1033405246,207V00000X,95356,174033676
2020,1497042444,207V00000X,67218,631418221
2020,1144506643,207V00000X,952103377,016052726
2020,1134494305,207V00000X,926601534,92618
2020,1104185081,207VM0101X,90095,065208063
2020,1235498114,207V00000X,631418265,631171811
2020,1720347545,207VM0101X,89148,891022230
2020,1992064539,207V00000X,374033329,374217162
2020,1316207962,207VM0101X,076011915,076011962
2020,1184983702,207VM0101X,229032824,227013942
2020,1548520133,207V00000X,925085077,871310001
2020,1750630943,207V00000X,423014572,482012018
2020,1811241003,207V00000X,334633462,334364540
2020,1821336686,207V00000X,452202475,410173403
2020,1699017343,207VX0201X,753908091,117948091
2020,1861734378,207VE0102X,30904,402021622
2020,1578805909,207V00000X,333313609,606112914
2020,1851633176,207V00000X,100221009,606124795
2020,1134461437,207VE0102X,100654870,100221009
2020,1245572528,207VX0201X,282072134,280252948
2020,1245677582,207VF0040X,787051107,786658003
2020,1235576471,207V00000X,780063312,782582584
2020,1912344029,207VE0102X,303082212,060302947
2020,1891132502,207VE0102X,079202976,303288101
2020,1790173292,207V00000X,945985901,945835405
2020,1174910657,207VX0201X,606112914,958172307
2020,1427445816,207VX0201X,559050001,452672827
2020,1548657745,207VM0101X,522421009,958172307
2020,1396122537,207VM0101X,731045018,753909032
2020,1699138248,207VF0040X,852595452,277054699
2020,1831552363,207VM0101X,731045018,741352536
2020,1265896336,207VX0201X,800452541,800452529
2020,1669825717,207VX0201X,559050001,00935
2020,1013444637,163WW0101X,110401402,112166165
2020,1063937092,390200000X,925085077,852595452
2020,1518437748,207V00000X,288062270,287342612
2020,1992335848,207VX0201X,972238514,986846930
2020,1588298442,207VX0201X,900276098,900153075
2020,1255950929,207VE0102X,352096823,352092647
2020,1316555469,207P00000X,282043215,282043215
2020,1467435891,207VM0101X,852246255,852970424
2020,1609859586,207V00000X,90095,900951865
2020,1699753152,207VE0102X,600313322,600143650
2020,1649258856,207V00000X,462601986,460324406
2020,1487622239,207V00000X,160014651,151024200
2020,1629047626,207VF0040X,631418232,630284101
2020,1457319170,207VM0101X,305013834,305013715
2020,1063464915,207V00000X,021111552,132022240
2020,1497701866,207VE0102X,02451,132141847
2020,1013947142,207VM0101X,984054930,334143164
2020,1619992740,207VE0102X,282042963,282072134
2020,1831299767,207VM0101X,334106296,334612175
2020,1578653507,207VE0102X,10528,105322140
2020,1912081811,207VM0101X,468451707,463073676
2020,1912076647,207V00000X,98225,46237
2020,1497828644,207V00000X,10013,303033031
2020,1548337041,207VM0101X,19107,220312238
2020,1174666705,207VE0102X,60026,60555
2020,1922141522,207VE0102X,600268022,601692433
2020,1184767725,207VE0102X,60026,605213644
2020,1881737484,207VE0102X,600268022,600265823
2020,1528101144,207VE0102X,60026,600265823
2020,1871613786,207V00000X,787051016,35249
2020,1538371679,208800000X,90404,900953075
2020,1497966477,207V00000X,405031489,40356
2020,1598956591,207V00000X,338804333,341105729
2020,1073788634,207V00000X,708175128,320034326
2020,1326213794,207VX0201X,46845,405360293
2020,1144495581,207VM0101X,303082240,302817376
2020,1053579490,207VX0201X,75093,752302571
2020,1194974535,207VM0101X,284036022,284516430
2020,1053554527,207V00000X,681242319,753907208
2020,1407083645,207VX0201X,799052707,191112434
2020,1568780062,207V00000X,271034014,20060
2020,1497073704,207V00000X,852245298,857102157
2020,1407168305,207V00000X,522421009,972393011
2020,1821304882,207VF0040X,928683217,928684303
2020,1235498114,207V00000X,631418265,631418265
2020,1720347545,207VM0101X,89148,968261032
2020,1316207962,207VM0101X,076011915,076011915
2020,1821336686,207V00000X,452202475,770368001
2020,1245572528,207VX0201X,282072134,282042990
2020,1245677582,207VF0040X,787051107,787121765
2020,1790173292,207V00000X,945985901,945202096
2020,1669825717,207VX0201X,559050001,559050001
2020,1518437748,207V00000X,288062270,287417623
2020,1992335848,207VX0201X,972238514,972271800
2020,1588298442,207VX0201X,900276098,937203347
2020,1316555469,207P00000X,282043215,282043215
2020,1467435891,207VM0101X,852246255,852246235
2020,1609859586,207V00000X,90095,902121842
2020,1649258856,207V00000X,462601986,461236911
2020,1487622239,207V00000X,160014651,923765153
2020,1457319170,207VM0101X,305013834,33701
2020,1831299767,207VM0101X,334106296,349721933
2020,1912076647,207V00000X,98225,46237
2020,1174666705,207VE0102X,60026,605213644
2020,1922141522,207VE0102X,600268022,600265823
2020,1184767725,207VE0102X,60026,606107461
2020,1881737484,207VE0102X,600268022,606107461
2020,1528101144,207VE0102X,60026,600265823
2020,1871613786,207V00000X,787051016,631101032
2020,1326213794,207VX0201X,46845,45433
2020,1144495581,207VM0101X,303082240,300336148
2020,1053579490,207VX0201X,75093,75251
2020,1568780062,207V00000X,271034014,271570001
2020,1497073704,207V00000X,852245298,857126115
2020,1235498114,207V00000X,631418265,631171811
2020,1316207962,207VM0101X,076011915,070476217
2020,1518437748,207V00000X,288062270,287525116
2020,1316555469,207P00000X,282043215,282043215
2020,1467435891,207VM0101X,852246255,851222957
2020,1609859586,207V00000X,90095,904041240
2020,1487622239,207V00000X,160014651,923363329
2020,1457319170,207VM0101X,305013834,305175630
2020,1184767725,207VE0102X,60026,600265823
2020,1871613786,207V00000X,787051016,631101032
2020,1326213794,207VX0201X,46845,454591294
2020,1144495581,207VM0101X,303082240,302742557
2020,1568780062,207V00000X,271034014,271570001
2020,1497073704,207V00000X,852245298,856359114
2020,1235498114,207V00000X,631418265,405360293
2020,1316207962,207VM0101X,076011915,100166402
2020,1518437748,207V00000X,288062270,287525239
2020,1316555469,207P00000X,282043215,282043215
2020,1467435891,207VM0101X,852246255,851222957
2020,1609859586,207V00000X,90095,900481865
2020,1326213794,207VX0201X,46845,454591294
2020,1144495581,207VM0101X,303082240,302652409
2020,1316207962,207VM0101X,076011915,100191147
2020,1518437748,207V00000X,288062270,287526568
2020,1316555469,207P00000X,282043215,282043215
2020,1326213794,207VX0201X,46845,405360293
2020,1144495581,207VM0101X,303082240,300123829
2020,1518437748,207V00000X,288062270,286554673
2020,1316555469,207P00000X,282043215,282043215
2020,1518437748,207V00000X,288062270,287718500
2020,1316555469,207P00000X,282043215,282043215
2020,1518437748,207V00000X,288062270,287773035
2020,1316555469,207P00000X,282043215,282043215
2020,1518437748,207V00000X,288062270,287773035
2020,1316555469,207P00000X,282043215,282043215
2020,1518437748,207V00000X,288062270,287795412
2020,1316555469,207P00000X,282043215,282043215
2020,1518437748,207V00000X,288062270,288062246
2020,1316555469,207P00000X,282043215,282043215
2020,1518437748,207V00000X,288062270,288062343
2020,1518437748,207V00000X,288062270,287123210
2020,1518437748,207V00000X,288062270,287137752
2020,1518437748,207V00000X,288062270,287149010
2020,1518437748,207V00000X,288062270,287210107
2020,1518437748,207V00000X,288062270,287792747
2020,1518437748,207V00000X,288062270,287342632
2020,1396748349,207VE0102X,770542935,
2020,1861495814,207VX0201X,341101497,
2020,1124021373,207VE0102X,770542949,
2020,1326041583,207VM0101X,191182718,
2020,1063415966,207V00000X,191044238,
2020,1780687566,207VX0201X,972256663,
2020,1629071592,207VX0201X,972256663,
2020,1194728972,207VM0101X,752082382,
2020,1881697555,207VX0201X,986846930,
2020,1912900812,207VM0101X,170332360,
2020,1386647345,207VM0101X,631081402,
2020,1700889516,207V00000X,336063603,
2020,1619970183,207RH0003X,465451470,
2020,1811990484,207VX0201X,972271800,
2020,1598763104,207VM0101X,452202475,
2020,1669470274,207VX0201X,837048704,
2020,1730187287,207VX0201X,331462008,
2020,1598763997,207VE0102X,064432674,
2020,1871591297,207VX0201X,323084489,
2020,1922006311,207VE0102X,064432674,
2020,1114925211,207V00000X,024457224,
2020,1982602173,207VX0201X,782583943,
2020,1376541458,207VM0101X,022155400,
2020,1265430318,207VM0101X,200072113,
2020,1629076765,207VX0201X,200072113,
2020,1376541318,207V00000X,207464207,
2020,1659379527,207VG0400X,864093247,
2020,1205834363,207V00000X,060023088,
2020,1831182658,207VE0102X,303288102,
2020,1285627000,207VE0102X,303288102,
2020,1770576456,207V00000X,401215111,
2020,1457344111,207VX0201X,741146126,
2020,1649263104,207VM0101X,630173662,
2020,1437142924,207VX0000X,55125,
2020,1689667032,207VE0102X,850186281,
2020,1134112527,207VX0201X,170112207,
2020,1881688224,207VG0400X,019602901,
2020,1235123662,207VM0101X,200102927,
2020,1528052909,207VM0101X,100166058,
2020,1275527673,207VM0101X,100166402,
2020,1447244868,207V00000X,911052606,
2020,1548253958,207V00000X,021156110,
2020,1417945585,207VM0101X,200072113,
2020,1508854555,207VM0101X,209011556,
2020,1609864719,207VE0102X,158252323,
2020,1366430324,207VM0101X,080431548,
2020,1760470801,207V00000X,800452545,
2020,1689662645,207VM0101X,080439612,
2020,1902894942,207VM0101X,322078334,
2020,1841288768,207VG0400X,800452545,
2020,1639167562,207VM0101X,658075293,
2020,1477541399,207V00000X,271570001,
2020,1386632206,207VX0201X,065191369,
2020,1710976642,207SG0201X,199046920,
2020,1558350405,207VE0102X,064896025,
2020,1497744353,207VM0101X,902622659,
2020,1013906973,207VM0101X,958172307,
2020,1982692836,207VM0101X,080431548,
2020,1912996786,207V00000X,331334227,
2020,1902895816,207VF0040X,980555772,
2020,1497744106,174400000X,60674,
2020,1821087669,207VG0400X,604532362,
2020,1619966496,207VM0101X,532114508,
2020,1598754400,207VX0201X,080434520,
2020,1770572497,207VX0201X,372320011,
2020,1689663304,207VF0040X,322241865,
2020,1548259278,207VM0101X,333162547,
2020,1326037912,207VE0102X,602023439,
2020,1972592640,207VE0102X,061065501,
2020,1750363180,207VM0101X,958172307,
2020,1871576199,207V00000X,03756,
2020,1124001441,207V00000X,968261001,
2020,1033192356,207V00000X,900481865,
2020,1679556997,207V00000X,016052726,
2020,1073596300,207VX0201X,103053417,
2020,1528041969,207V00000X,021182371,
2020,1144203548,207V00000X,021184001,
2020,1447233788,207VE0102X,029052401,
2020,1407839764,207VM0101X,958172307,
2020,1144203472,207V00000X,021182371,
2020,1851374193,207V00000X,021184001,
2020,1619950821,207V00000X,652018144,
2020,1205819505,207V00000X,021142621,
2020,1508849811,207V00000X,021352907,
2020,1811970049,207VM0101X,972256772,
2020,1730162876,207VM0101X,383013923,
2020,1821071994,207V00000X,331362137,
2020,1457334542,207VM0101X,065103220,
2020,1265415350,207V00000X,065191369,
2020,1881677979,207V00000X,78229,
2020,1851374946,207VM0101X,797634206,
2020,1659354702,207VE0102X,921212111,
2020,1730162884,207VM0101X,336063603,
2020,1720061880,207VM0101X,346551810,
2020,1033192109,207V00000X,432213502,
2020,1588647655,207V00000X,60612,
2020,1760465819,207VM0101X,065191369,
2020,1073596151,207VM0101X,210442998,
2020,1053394197,207VM0101X,773396405,
2020,1194708230,207VM0101X,972256772,
2020,1235112392,207VM0101X,065103220,
2020,1962485045,207V00000X,432212800,
2020,1295718138,207VF0040X,490099423,
2020,1598748519,207VM0101X,191044306,
2020,1497738439,207VM0101X,921232778,
2020,1164405130,207V00000X,021184001,
2020,1770566606,207VM0101X,968261001,
2020,1205819133,207VM0101X,900481865,
2020,1720061641,207V00000X,900510717,
2020,1043298623,207VM0101X,785033006,
2020,1477531127,207VM0101X,891485506,
2020,1144208737,207VM0101X,770303000,
2020,1720066467,207V00000X,105801404,
2020,1043298466,207VE0102X,48124,
2020,1669450011,207V00000X,60068,
2020,1265410690,207VX0201X,190901104,
2020,1861470296,207VM0101X,480255439,
2020,1639157738,207V00000X,770542949,
2020,1649241019,207VM0101X,016052903,
2020,1548231962,207VM0101X,784144103,
2020,1225009640,207V00000X,158011462,
2020,1215908637,174400000X,277054596,
2020,1639141013,207VX0201X,921202507,
2020,1659342152,207V00000X,481924668,
2020,1780655175,207V00000X,760175871,
2020,1972575181,207VX0201X,891692578,
2020,1497727721,207V00000X,079606422,
2020,1992777254,207VM0101X,054011473,
2020,1093787335,207VM0101X,850545178,
2020,1508838863,207VX0201X,079606136,
2020,1508838897,207VX0201X,972393011,
2020,1396717575,207VX0201X,338053109,
2020,1295707230,207V00000X,338053109,
2020,1457323420,207VE0102X,080534161,
2020,1154393205,207VX0201X,19140,
2020,1396717211,207VM0101X,797634206,
2020,1063484996,207VG0400X,071093532,
2020,1649242736,207VX0201X,600681126,
2020,1376511956,207VX0201X,741466236,
2020,1992773485,207VE0102X,535621461,
2020,1083682660,207VX0201X,616157822,
2020,1861460297,207VX0201X,708175128,
2020,1316915671,207VE0102X,731045417,
2020,1700854197,207VX0201X,74133,
2020,1477521839,207VX0201X,731045417,
2020,1568430007,207VX0201X,731045417,
2020,1821066184,207VX0201X,571051035,
2020,1023086469,207VM0101X,787593550,
2020,1629046990,207VG0400X,328044674,
2020,1144298431,207VM0101X,853647726,
2020,1417926403,207VE0102X,801125999,
2020,1134198161,207VM0101X,800452545,
2020,1780652990,207V00000X,070394896,
2020,1972571131,207VM0101X,306067721,
2020,1932178845,207VE0102X,631416843,
2020,1073581294,207VX0201X,326103003,
2020,1871562827,207V00000X,066102811,
2020,1902875958,207VM0101X,750331547,
2020,1336118488,207V00000X,240132222,
2020,1255309308,207VE0102X,454092722,
2020,1225099377,207V00000X,372320001,
2020,1003877002,207VX0201X,943052200,
2020,1912968843,207VM0101X,37403,
2020,1134180078,207VX0201X,462378601,
2020,1336100262,207VX0201X,722056321,
2020,1093776056,207VX0201X,301066810,
2020,1790746600,207VX0201X,606123841,
2020,1881655702,207VX0201X,606123841,
2020,1326009382,207V00000X,076660000,
2020,1457312290,207VX0201X,606123841,
2020,1407817257,207V00000X,606123276,
2020,1376504134,207VE0102X,197132072,
2020,1902867658,207VM0101X,336134657,
2020,1265493829,207VM0101X,77030,
2020,1902867625,207VE0102X,483045130,
2020,1154382893,207V00000X,606123276,
2020,1538120100,207V00000X,850134224,
2020,1558323063,207VM0101X,212251233,
2020,1194787622,207R00000X,445126434,
2020,1316904436,207VM0101X,432212849,
2020,1932167061,207VM0101X,113741434,
2020,1518925692,207VG0400X,741352527,
2020,1508823618,207VX0201X,296211580,
2020,1720045834,207VX0201X,402022877,
2020,1437116548,207VX0201X,29303,
2020,1225096340,207VX0201X,296054255,
2020,1366400467,207VE0102X,331762144,
2020,1255399218,207VE0102X,024621607,
2020,1598723306,207VE0102X,331453214,
2020,1427016302,207VX0201X,181042258,
2020,1598723454,207VM0101X,121800800,
2020,1134187834,207V00000X,152133108,
2020,1043278757,207V00000X,15213,
2020,1174581680,207VE0102X,62702,
2020,1497713846,207V00000X,921039000,
2020,1427016716,207V00000X,522421009,
2020,1487605036,207VM0101X,981043586,
2020,1295786820,207VM0101X,180208037,
2020,1275584872,174400000X,265053001,
2020,1366494676,207V00000X,532272409,
2020,1609828672,207VX0201X,117181830,
2020,1952353930,207VE0102X,841320001,
2020,1679525752,207VM0101X,981953316,
2020,1710939608,207VM0101X,466011171,
2020,1336192079,207V00000X,024456002,
2020,1154374890,207V00000X,021156110,
2020,1144272170,207VM0101X,946093425,
2020,1427000348,207VE0102X,113553842,
2020,1457307191,207VE0102X,55369,
2020,1346296076,207VM0101X,076011914,
2020,1699721498,207VX0201X,946115641,
2020,1811943566,207V00000X,100654870,
2020,1972559631,207VM0101X,908061516,
2020,1720034481,207VM0101X,489121800,
2020,1669428470,207VE0102X,554071320,
2020,1356397947,207VM0101X,701212429,
2020,1780630533,207VM0101X,296054247,
2020,1518913185,207VM0101X,021111526,
2020,1477509024,207VE0102X,024511100,
2020,1639125289,207VM0101X,208503348,
2020,1477509586,207V00000X,554151623,
2020,1780630095,207VX0201X,900153070,
2020,1285680439,207V00000X,100214870,
2020,1255387486,207VM0101X,441115610,
2020,1992751317,207VX0201X,532114528,
2020,1043266620,207VX0201X,662042207,
2020,1114973328,207V00000X,55454,
2020,1457307035,207V00000X,271570001,
2020,1164478582,207VM0101X,330734395,
2020,1356382212,207VE0102X,060521446,
2020,1982645701,207VX0201X,296211580,
2020,1235170150,207V00000X,132101687,
2020,1801837505,207VM0101X,658075154,
2020,1588605281,207VE0102X,66211,
2020,1518909282,207VX0201X,113651449,
2020,1215978051,207VX0201X,752462003,
2020,1336181924,207VX0201X,770303209,
2020,1871535476,207VE0102X,190013725,
2020,1457393084,207VM0101X,841241228,
2020,1457393092,207VX0201X,132021147,
2020,1235171877,207VM0101X,601232300,
2020,1326080987,207V00000X,121599221,
2020,1265474761,207VE0102X,080542267,
2020,1245272749,207V00000X,021156110,
2020,1780610352,207VE0102X,201905360,
2020,1558397141,207VM0101X,94596,
2020,1598791139,207VM0101X,445101617,
2020,1275569733,207VX0201X,462025149,
2020,1174559603,207VX0201X,029052401,
2020,1467488734,207VM0101X,46845,
2020,1649207820,207VE0102X,117334047,
2020,1033146196,207V00000X,661608500,
2020,1972530293,207VX0201X,441950001,
2020,1487681706,207VM0101X,35233,
2020,1699702902,207SG0201X,326103003,
2020,1578590667,207VE0102X,452091900,
2020,1326075367,207V00000X,117334047,
2020,1093745978,207VE0102X,391106379,
2020,1902836810,207V00000X,12110,
2020,1962432773,207VE0102X,741194044,
2020,1952331779,207VM0101X,60540,
2020,1568492643,207VM0101X,900950001,
2020,1184654147,207VE0102X,104577606,
2020,1659301570,207V00000X,937012184,
2020,1235169061,207VE0102X,079202976,
2020,1124058227,207V00000X,191074420,
2020,1134159072,207T00000X,272158700,
2020,1184654824,207VE0102X,079202976,
2020,1942230040,207VF0040X,232354730,
2020,1609806710,207V00000X,307208379,
2020,1699705442,207VE0102X,328228232,
2020,1194755967,207VE0102X,146420002,
2020,1467482505,207VM0101X,146420001,
2020,1083644132,207V00000X,13202,
2020,1780614834,207VM0101X,146420001,
2020,1801826680,207V00000X,060011380,
2020,1225068372,207VX0201X,071073000,
2020,1619907516,207VX0201X,180151155,
2020,1144251786,207V00000X,577017375,
2020,1043241607,207VM0101X,054011473,
2020,1699706390,207VM0101X,392164500,
2020,1861423410,207P00000X,837126241,
2020,1912938572,207VE0102X,94538,
2020,1942231402,207VM0101X,336134657,
2020,1235160748,207VE0102X,631082212,
2020,1992736292,207VE0102X,443041437,
2020,1861423121,207V00000X,951282604,
2020,1265463871,207VX0201X,326103003,
2020,1568493179,207VE0102X,741335708,
2020,1750312179,207VM0101X,946093424,
2020,1639104854,207V00000X,481090384,
2020,1538184791,207VG0400X,197132089,
2020,1629003926,207VX0201X,220036800,
2020,1154346146,207V00000X,450692509,
2020,1619992724,207VX0201X,981043551,
2020,1467477448,207VG0400X,037561000,
2020,1851316855,207V00000X,054011473,
2020,1063437127,207VX0201X,974778800,
2020,1841215993,207VX0201X,891064020,
2020,1790700862,207VM0101X,602011718,
2020,1477578532,207VM0101X,974778800,
2020,1780619221,207V00000X,900950001,
2020,1376568741,207V00000X,920371205,
2020,1346265725,207VF0040X,770303000,
2020,1982620217,207VE0102X,441061716,
2020,1912927500,207VM0101X,92868,
2020,1578583027,207VE0102X,770704535,
2020,1174543334,207VX0201X,940404124,
2020,1316967326,207VM0101X,913563505,
2020,1902826159,207SG0201X,841431005,
2020,1992725147,207VX0201X,37208,
2020,1457371429,207VE0102X,801132700,
2020,1699795567,207VX0201X,336129416,
2020,1265452551,207VX0201X,021304817,
2020,1922028166,207VM0101X,841320001,
2020,1306866413,207V00000X,773844103,
2020,1982624045,207VM0101X,142092256,
2020,1497775753,207VX0201X,077501015,
2020,1053326835,207V00000X,76104,
2020,1396750857,207V00000X,282042963,
2020,1831104397,207VM0101X,87106,
2020,1932114402,207VE0102X,880010605,
2020,1891700514,207VM0101X,440702166,
2020,1205841947,207VM0101X,782293901,
2020,1144235938,207V00000X,750938122,
2020,1326053083,207VF0040X,483223013,
2020,1831104645,207VX0201X,616052576,
2020,1558376137,207VG0400X,155011613,
2020,1235148198,207VE0102X,07306,
2020,1073522827,207VM0101X,303421606,
2020,1821007667,207VE0102X,782293901,
2020,1730198573,207VM0101X,068304608,
2020,1790794568,207V00000X,841320001,
2020,1407865439,207V00000X,02472,
2020,1376552315,207VE0102X,722056324,
2020,1164431052,207V00000X,752462092,
2020,1013926922,207VX0201X,180455671,
2020,1053320903,207VM0101X,06102,
2020,1235149055,207VM0101X,126011300,
2020,1982614541,207VM0101X,176012433,
2020,1023028610,207VM0101X,303421606,
2020,1144230889,207VF0040X,554264375,
2020,1205846722,207VM0101X,701156914,
2020,1053321448,207VE0102X,100215949,
2020,1740299536,207VM0101X,303421606,
2020,1962411785,207VE0102X,752461800,
2020,1811907504,207VX0201X,146204159,
2020,1962412668,207VX0201X,14621,
2020,1841200342,207VE0102X,326103003,
2020,1831109339,207VM0101X,35233,
2020,1245240787,207VE0102X,782293901,
2020,1427067248,207VM0101X,342393605,
2020,1063421899,207VG0400X,600681186,
2020,1295745925,207VE0102X,801132700,
2020,1093725731,207V00000X,946123725,
2020,1447260187,207VM0101X,495032543,
2020,1205846607,207VE0102X,100655949,
2020,1902816663,207VX0201X,146204159,
2020,1861505323,207VX0201X,35233,
2020,1699888164,207VE0102X,35233,
2020,1336252659,207VE0102X,06880,
2020,1043323355,207VM0101X,300336149,
2020,1053425389,207VM0101X,112153609,
2020,1922111376,207V00000X,488583057,
2020,1477667756,207VM0101X,011071619,
2020,1174636591,207VE0102X,60435,
2020,1093829210,207VM0101X,871095566,
2020,1912011164,207VE0102X,445143667,
2020,1336252691,207VM0101X,112153609,
2020,1598879587,207VM0101X,75230,
2020,1851405740,207VM0101X,02111,
2020,1013021922,207VG0400X,600855701,
2020,1346354404,207VG0400X,146263249,
2020,1659485431,207VE0102X,112153609,
2020,1750495545,207VM0101X,926183189,
2020,1275642100,207VE0102X,33617,
2020,1093825911,207V00000X,303421626,
2020,1558471292,207VE0102X,017022952,
2020,1063522563,207VM0101X,309120004,
2020,1508976226,207VE0102X,485035903,
2020,1619087343,207VE0102X,485035903,
2020,1861502627,207V00000X,750935299,
2020,1932219797,207VM0101X,70112,
2020,1699885541,207VM0101X,787313282,
2020,1972613727,207VX0201X,850274028,
2020,1245340983,207VE0102X,486049515,
2020,1801906714,207VM0101X,658075154,
2020,1588774384,207VX0201X,220036800,
2020,1538262795,207VM0101X,462191707,
2020,1174626352,207VE0102X,427012749,
2020,1871696674,207V00000X,445152366,
2020,1942303417,207V00000X,871095566,
2020,1407959984,207VM0101X,190963450,
2020,1669575163,207V00000X,980038727,
2020,1912000480,207VX0000X,79905,
2020,1710080221,207V00000X,79905,
2020,1508969015,207V00000X,799257945,
2020,1174626618,207V00000X,921038201,
2020,1083717524,207VE0102X,142092256,
2020,1962505347,207VM0101X,322078334,
2020,1093819492,207VM0101X,293033098,
2020,1326148206,207VE0102X,112291064,
2020,1184724957,207VE0102X,088201197,
2020,1861592644,207VE0102X,27518,
2020,1851491633,207VM0101X,29607,
2020,1093815961,207VE0102X,100751842,
2020,1376643361,207VG0400X,904012857,
2020,1326148347,207VM0101X,208506340,
2020,1013017946,207VX0201X,600681270,
2020,1285734095,207VM0101X,926916410,
2020,1629178397,207V00000X,441242299,
2020,1831299593,207V00000X,024457224,
2020,1740380377,207V00000X,782344504,
2020,1851491476,207VE0102X,208508700,
2020,1346340734,207VE0102X,46237,
2020,1346341393,207VE0102X,941332122,
2020,1023118585,207VM0101X,981950001,
2020,1104910082,208800000X,12603,
2020,1104910090,207VM0101X,981950001,
2020,1538253448,207VM0101X,982014168,
2020,1831283738,207VM0101X,981950001,
2020,1033203849,207VM0101X,982014168,
2020,1629162995,174400000X,926916306,
2020,1821182635,207VE0102X,018673218,
2020,1952495798,207V00000X,080841354,
2020,1598859449,207VM0101X,770302400,
2020,1346334141,207V00000X,061051208,
2020,1598859324,207VX0201X,011991005,
2020,1790879641,207VM0101X,071032425,
2020,1801980479,207VE0102X,379342806,
2020,1033204060,207VE0102X,751152057,
2020,1265527956,207V00000X,602011718,
2020,1801982368,207VM0101X,800452545,
2020,1316033889,207VX0201X,799052707,
2020,1437249943,207V00000X,232910001,
2020,1568552644,208800000X,432123153,
2020,1306936893,207VX0000X,342396304,
2020,1851481345,207VM0101X,604532654,
2020,1679663165,207VG0400X,722057101,
2020,1205926797,207VM0101X,722057101,
2020,1023108511,207VE0102X,532272409,
2020,1932299427,207VM0101X,722057101,
2020,1942390448,207R00000X,232980510,
2020,1790875540,207VX0201X,021111552,
2020,1538259635,207VE0102X,100215663,
2020,1982794087,207VE0102X,100215663,
2020,1063502581,207VM0101X,232985051,
2020,1962592485,207V00000X,236013102,
2020,1134219660,207VX0201X,933012208,
2020,1356431126,207VX0201X,232980510,
2020,1093805038,207VE0102X,100214872,
2020,1699865311,207VE0102X,600762008,
2020,1265522627,207VX0201X,077534488,
2020,1427148527,207VX0201X,330295593,
2020,1982794624,207VM0101X,232980510,
2020,1225128200,207VE0102X,600762008,
2020,1992895015,207VE0102X,100215663,
2020,1730279670,207VX0201X,334102824,
2020,1215027636,174400000X,117473193,
2020,1275623555,207VE0102X,105302319,
2020,1497845770,207VX0201X,984054250,
2020,1770663965,207V00000X,857240001,
2020,1477633436,207VM0101X,110215315,
2020,1215027404,174400000X,117473193,
2020,1770663932,207VX0201X,92868,
2020,1508940529,207VF0040X,196111473,
2020,1851475602,207VX0201X,379162300,
2020,1215011184,207V00000X,443201178,
2020,1033293824,207VE0102X,330635755,
2020,1801970694,207VE0102X,117972031,
2020,1518041417,207VM0101X,277100001,
2020,1689758583,207VM0101X,463073676,
2020,1235214982,207V00000X,606112914,
2020,1467537092,207VE0102X,921232778,
2020,1730263484,207VM0101X,923241801,
2020,1639254345,207VE0102X,28207,
2020,1043394729,207V00000X,627025303,
2020,1982789517,207VM0101X,91361,
2020,1104995356,207VX0201X,103053436,
2020,1093894297,207VF0040X,080502475,
2020,1942389184,207VE0102X,941094586,
2020,1073692273,207VM0101X,110215310,
2020,1356410252,207V00000X,078711760,
2020,1548339153,207V00000X,229032981,
2020,1609945229,207VX0201X,229080001,
2020,1760551303,207VX0201X,229080001,
2020,1356410914,207VX0201X,100214156,
2020,1053480640,207V00000X,229118835,
2020,1306915863,207VE0102X,352235409,
2020,1750453346,207VM0101X,089011962,
2020,1326110925,207VE0102X,100163295,
2020,1932271582,207VE0102X,914362754,
2020,1801968425,207VM0101X,089012020,
2020,1891867412,207V00000X,92121,
2020,1437221256,207VM0101X,950515173,
2020,1730252180,207VE0102X,841078100,
2020,1154494128,207V00000X,98104,
2020,1790858090,207VM0101X,372031580,
2020,1285707356,207VE0102X,021803335,
2020,1326115247,207V00000X,907062246,
2020,1780751602,207VE0102X,314046200,
2020,1255408191,207V00000X,907062246,
2020,1093883159,207V00000X,477140541,
2020,1548337736,207VM0101X,315332201,
2020,1649348699,207VE0102X,770792203,
2020,1396812582,207VM0101X,315204265,
2020,1013085174,207V00000X,77024,
2020,1205997277,207VM0101X,891485506,
2020,1861553430,207VE0102X,220314617,
2020,1568524106,207VM0101X,775555302,
2020,1972665453,207VE0102X,20889,
2020,1275695603,207V00000X,775551022,
2020,1366504706,207VM0101X,100166402,
2020,1649332859,207VE0102X,374213157,
2020,1336201508,207VM0101X,303421626,
2020,1104988476,207VE0102X,92604,
2020,1629130976,207V00000X,775555302,
2020,1679635981,207VX0201X,85377,
2020,1114089372,207V00000X,775551022,
2020,1316009798,207VE0102X,10016,
2020,1285796425,207VM0101X,775551022,
2020,1558423756,207VM0101X,775551022,
2020,1164589529,207VM0101X,537151830,
2020,1063579431,207VE0102X,191074414,
2020,1952468340,207VX0201X,813014699,
2020,1326105511,207VX0201X,773803222,
2020,1043377237,207VX0201X,113661255,
2020,1003973587,207VE0102X,10028,
2020,1942367461,207VE0102X,191075504,
2020,1871650341,207V00000X,921232778,
2020,1104973064,207VM0101X,30308,
2020,1265589139,207VX0201X,372032650,
2020,1316094295,207V00000X,701212429,
2020,1225185192,207V00000X,372032131,
2020,1821145954,207VE0102X,303288102,
2020,1760534564,207VM0101X,956613027,
2020,1740332717,207V00000X,221913355,
2020,1912059742,207VM0101X,208890001,
2020,1033261037,207VE0102X,900254594,
2020,1821140872,207VE0102X,920371224,
2020,1285787838,207VM0101X,070792636,
2020,1801949540,207V00000X,481095000,
2020,1427101591,207VE0102X,900256646,
2020,1689727752,207VE0102X,750637518,
2020,1548307028,207VE0102X,972256625,
2020,1447397849,207VE0102X,554322765,
2020,1811034242,207SG0202X,432213502,
2020,1275670630,207VX0201X,191076734,
2020,1255478624,207VE0102X,079202976,
2020,1295873677,207VE0102X,917307471,
2020,1194868869,207VM0101X,00646,
2020,1558404251,207VE0102X,606222015,
2020,1457494361,207VE0102X,921303034,
2020,1396888947,207VX0201X,852061750,
2020,1447393046,207V00000X,402411071,
2020,1871636498,207VE0102X,600265823,
2020,1912040668,207VE0102X,943052200,
2020,1225171986,207VM0101X,972256603,
2020,1912040742,207VE0102X,943052200,
2020,1548303100,207VM0101X,905034336,
2020,1023151115,207VG0400X,943052200,
2020,1508909995,207V00000X,077534488,
2020,1245373646,207RH0003X,551022393,
2020,1548396054,207VX0201X,571051035,
2020,1386770725,207VX0201X,930036551,
2020,1275669616,207V00000X,432213502,
2020,1912034257,207VE0102X,800452545,
2020,1578690806,207SG0201X,372031872,
2020,1912034901,207VE0102X,760226033,
2020,1386771723,207VM0101X,43214,
2020,1750418182,207VE0102X,801245331,
2020,1730216706,207VX0201X,11030,
2020,1124155007,207V00000X,972256652,
2020,1356478408,207VM0101X,060601404,
2020,1760513204,207VM0101X,809067981,
2020,1528199627,207VE0102X,900364241,
2020,1487785531,207V00000X,945982990,
2020,1346371747,207VE0102X,109601615,
2020,1538291331,207VE0102X,92881,
2020,1093846933,207VE0102X,19027,
2020,1134246515,207VE0102X,029052401,
2020,1083731376,207VE0102X,770302351,
2020,1063539211,207VX0201X,604532199,
2020,1790802106,207VE0102X,27607,
2020,1215054622,207V00000X,740554674,
2020,1720109556,207V00000X,303421626,
2020,1225158132,207V00000X,554550341,
2020,1396866968,207VM0101X,100323720,
2020,1720109606,207VE0102X,314056007,
2020,1700907086,207VE0102X,296054253,
2020,1205957404,207VG0400X,352096899,
2020,1215058490,207VM0101X,627025303,
2020,1821119074,207VE0102X,277139089,
2020,1114048329,207V00000X,061051208,
2020,1386765501,207V00000X,322044753,
2020,1538384706,207VE0102X,60467,
2020,1861617045,207VM0101X,93105,
2020,1437374626,207V00000X,775984376,
2020,1184849846,207VE0102X,797614524,
2020,1538384201,207R00000X,606123714,
2020,1609098219,207VE0102X,240132256,
2020,1831311497,207VM0101X,605213829,
2020,1336361070,207V00000X,946123725,
2020,1306068978,207VG0400X,480736770,
2020,1205058617,207VE0102X,600762008,
2020,1396967618,207VE0102X,968261072,
2020,1740402007,207V00000X,276076678,
2020,1740492990,207VE0102X,079202976,
2020,1689886806,207VM0101X,77030,
2020,1376765677,207VE0102X,10021,
2020,1669694063,207V00000X,39216,
2020,1346462504,207VM0101X,48114,
2020,1265644421,207VE0102X,704484664,
2020,1407078801,207VE0102X,606575105,
2020,1194930958,207VM0101X,543116519,
2020,1275749129,207V00000X,681144108,
2020,1447466636,207V00000X,021184001,
2020,1508072752,207VM0101X,87131,
2020,1164638490,207VG0400X,220314867,
2020,1497961767,207V00000X,14623,
2020,1730395633,207V00000X,200102927,
2020,1023224177,207V00000X,800452545,
2020,1356557250,207VX0201X,100296503,
2020,1821208513,207VX0201X,441091900,
2020,1891906780,207VX0201X,891073711,
2020,1336350446,207VM0101X,330271207,
2020,1225249386,207VM0101X,325048785,
2020,1992916936,207VM0101X,212870005,
2020,1235335472,207V00000X,782405251,
2020,1578769667,207VM0101X,96826,
2020,1316143514,207V00000X,011071112,
2020,1477759512,207V00000X,265061200,
2020,1477759611,207VM0101X,100323720,
2020,1053517938,207VE0102X,293034201,
2020,1518163401,207VM0101X,601533328,
2020,1184820094,207VM0101X,110303816,
2020,1184820920,207V00000X,29169,
2020,1225234172,207VM0101X,80205,
2020,1205032281,207V00000X,72205,
2020,1881890796,207V00000X,770304000,
2020,1902002793,207VX0201X,968261001,
2020,1972700730,207VX0201X,009175029,
2020,1801093513,207V00000X,984054210,
2020,1225235922,207VM0101X,852542787,
2020,1225228604,207V00000X,314056015,
2020,1316137748,207VE0102X,08802,
2020,1306036736,207VE0102X,088655400,
2020,1730379074,207VE0102X,077024329,
2020,1942491121,207VE0102X,476308940,
2020,1487845673,207V00000X,761043926,
2020,1871784165,207VE0102X,074104617,
2020,1760673925,207VM0101X,606371447,
2020,1578754875,207V00000X,530510538,
2020,1568653632,207VX0201X,331334236,
2020,1831380906,207VX0201X,331462008,
2020,1194916262,207VX0201X,331402840,
2020,1669663761,207V00000X,016052903,
2020,1669663662,207VE0102X,02575,
2020,1184815375,207V00000X,770301501,
2020,1114118239,207VE0102X,10013,
2020,1629269642,207VX0201X,212874462,
2020,1558552521,207V00000X,187051027,
2020,1447446265,207V00000X,784124938,
2020,1720274020,207VM0101X,760142083,
2020,1326234568,207VM0101X,958172307,
2020,1235319815,207VM0101X,100214099,
2020,1245410737,207VM0101X,441950001,
2020,1871773226,207VX0201X,981338414,
2020,1487834883,207V00000X,774793501,
2020,1578744967,207V00000X,756052410,
2020,1144406786,207V00000X,300473401,
2020,1760668396,207VE0102X,30308,
2020,1255517421,207V00000X,77030,
2020,1609052950,207VM0101X,78731,
2020,1568648756,207VE0102X,661608500,
2020,1922284108,207VX0201X,672083003,
2020,1053597104,207VE0102X,303082247,
2020,1932385077,207VE0102X,774294697,
2020,1396921367,207VE0102X,852842604,
2020,1750559233,207VM0101X,405031431,
2020,1073781498,207VM0101X,016052903,
2020,1245408780,207VE0102X,750392473,
2020,1730357039,207VM0101X,597156903,
2020,1992973275,207VX0201X,089032681,
2020,1689843989,207V00000X,900493352,
2020,1477722783,207VE0102X,774793149,
2020,1578732897,207V00000X,532263522,
2020,1346419439,363A00000X,443041437,
2020,1295904381,207V00000X,271570001,
2020,1770758419,207VX0201X,029052401,
2020,1609041292,207V00000X,296073405,
2020,1376718767,207V00000X,232351941,
2020,1306011796,207VM0101X,476307906,
2020,1780859298,207V00000X,232354730,
2020,1730354259,207VE0102X,292012967,
2020,1366617532,207VM0101X,209101459,
2020,1962677195,207VE0102X,100191412,
2020,1205001351,207VX0201X,452192906,
2020,1801061866,207VE0102X,773396405,
2020,1437324407,207VM0101X,220312238,
2020,1740448828,207VF0040X,532272468,
2020,1225296247,207VM0101X,476308940,
2020,1396903415,207VX0201X,200373201,
2020,1902064942,207V00000X,146204155,
2020,1811155849,207VM0101X,060300001,
2020,1043478092,207VX0201X,100323720,
2020,1871751867,207V00000X,571052140,
2020,1215195144,207VF0040X,454292207,
2020,1255599130,207VG0400X,936116889,
2020,1609034578,174400000X,921232795,
2020,1003074808,207VM0101X,296054253,
2020,1912165713,207VM0101X,852046683,
2020,1841458692,207VM0101X,016052903,
2020,1134387996,207VE0102X,35205,
2020,1770741415,207VE0102X,770541900,
2020,1649438367,207V00000X,900950001,
2020,1962660621,207VE0102X,079202976,
2020,1639337306,207VM0101X,379201500,
2020,1245498864,207V00000X,452192906,
2020,1356509996,207VM0101X,065115991,
2020,1346408994,207V00000X,200102989,
2020,1336303494,207VE0102X,917864359,
2020,1013172022,207V00000X,641321105,
2020,1932364775,207VE0102X,770704535,
2020,1063677920,207VM0101X,537151507,
2020,1346405263,207VM0101X,352096899,
2020,1124283858,207VM0101X,464026001,
2020,1881859684,207V00000X,537920001,
2020,1912162660,207V00000X,641084619,
2020,1578711495,207V00000X,770302761,
2020,1487802302,207VM0101X,307208394,
2020,1255589966,207VM0101X,076011997,
2020,1679721351,207VX0201X,463202352,
2020,1992953541,207V00000X,852592687,
2020,1154579795,207V00000X,070431596,
2020,1174772594,207VX0201X,422235318,
2020,1447409834,207VX0201X,554332569,
2020,1457500787,207V00000X,602011718,
2020,1881847903,207VE0102X,601813941,
2020,1598918500,207VM0101X,118034956,
2020,1730333543,207V00000X,784124946,
2020,1407000284,207V00000X,85364,
2020,1215181029,207V00000X,591010905,
2020,1700030418,207V00000X,951244113,
2020,1790923316,207VE0102X,774294697,
2020,1336387927,207VE0102X,079202976,
2020,1861630451,207VE0102X,079202976,
2020,1780822304,207VM0101X,100323720,
2020,1942449558,207VF0040X,857102158,
2020,1104065358,207VE0102X,90024,
2020,1649413162,207V00000X,481971051,
2020,1023251378,207VE0102X,100654870,
2020,1225271372,207VM0101X,152133108,
2020,1356585442,207RH0003X,55432,
2020,1407090319,207V00000X,799052707,
2020,1659515591,207VM0101X,100323720,
2020,1962639203,207VX0201X,900890121,
2020,1467689752,207VG0400X,100384831,
2020,1194952457,207VF0040X,96817,
2020,1962639104,207VX0201X,392164643,
2020,1386871689,207VX0201X,071032757,
2020,1942437181,207V00000X,379201510,
2020,1386871671,207VM0101X,900481804,
2020,1770710915,208800000X,352095603,
2020,1952538001,207VX0201X,532153669,
2020,1255568333,207VX0201X,606543431,
2020,1730316761,207V00000X,631081402,
2020,1063649051,207VG0400X,089011962,
2020,1083841043,207VM0101X,352111333,
2020,1073740957,207V00000X,462802000,
2020,1063649085,207V00000X,100656007,
2020,1699902551,207VE0102X,972235442,
2020,1124255922,207V00000X,731146304,
2020,1326275256,207VM0101X,117334079,
2020,1366679060,207V00000X,601901295,
2020,1427281682,103G00000X,112202559,
2020,1205069481,207VM0101X,245032030,
2020,1447583570,207VM0101X,921303058,
2020,1083947196,207V00000X,850084948,
2020,1922331834,207VM0101X,935344037,
2020,1699008581,207VG0400X,00935,
2020,1679801229,207VF0040X,926633637,
2020,1194053603,207T00000X,272158700,
2020,1457683195,207VM0101X,928694347,
2020,1275865917,207VX0201X,92354,
2020,1396077962,207VM0101X,336063603,
2020,1922330562,207VE0102X,60435,
2020,1306178702,207VE0102X,021803335,
2020,1720310089,207V00000X,346551112,
2020,1356669907,207VM0101X,843412455,
2020,1477871937,207V00000X,972393011,
2020,1043538432,207VM0101X,809095533,
2020,1447578604,207VE0102X,900951740,
2020,1104144377,207VE0102X,794101347,
2020,1326366691,207VX0201X,770302717,
2020,1487966412,207VX0201X,495032562,
2020,1720390719,207VX0201X,02115,
2020,1811209703,207VX0201X,352331802,
2020,1982916698,207VE0102X,06511,
2020,1376855080,207V00000X,381033409,
2020,1699087353,207V00000X,181036122,
2020,1043522410,207V00000X,631081402,
2020,1760794143,207VM0101X,900275814,
2020,1669788006,207V00000X,73104,
2020,1396051736,207V00000X,800452545,
2020,1508172982,207RH0003X,741466236,
2020,1316253305,207V00000X,482022153,
2020,1609177039,207V00000X,300764918,
2020,1992007827,207VM0101X,209011556,
2020,1649576661,207VM0101X,841075701,
2020,1831495712,207VM0101X,074362817,
2020,1255621165,207VM0101X,800452541,
2020,1053601971,207VE0102X,112153609,
2020,1629368469,207VM0101X,606371443,
2020,1053601807,207VM0101X,303082240,
2020,1639469471,207VE0102X,303082247,
2020,1528358397,207VM0101X,337014662,
2020,1336439850,207VM0101X,303285510,
2020,1952691404,207V00000X,631171858,
2020,1063703494,207VE0102X,100191412,
2020,1891081253,207VF0040X,908134508,
2020,1609162163,207V00000X,731045036,
2020,1275829616,207VX0201X,606371447,
2020,1619263027,207VM0101X,33701,
2020,1578859732,207VF0040X,33431,
2020,1750677019,207VX0201X,33431,
2020,1831485093,207VM0101X,33431,
2020,1538455860,207VE0102X,926600794,
2020,1003102260,207VE0102X,33431,
2020,1235425521,207VX0201X,061065501,
2020,1629364856,207VE0102X,486385812,
2020,1700166147,207VX0201X,770541900,
2020,1366722704,207VM0101X,926183189,
2020,1871873174,207VE0102X,581044603,
2020,1316227358,207VM0101X,799382622,
2020,1689954745,207VE0102X,787464945,
2020,1194005934,207V00000X,100287173,
2020,1124304845,207VM0101X,60098,
2020,1942586581,207V00000X,96814,
2020,1760752612,207VM0101X,722056225,
2020,1386919066,207VM0101X,197132127,
2020,1477828937,207VE0102X,797614572,
2020,1457626632,207VM0101X,115014077,
2020,1972878270,207VG0400X,356013337,
2020,1073888319,207VX0201X,782293307,
2020,1972878148,207VM0101X,100323720,
2020,1063771079,207V00000X,271033013,
2020,1124387006,207VX0201X,430267752,
2020,1902165947,207VM0101X,071122027,
2020,1275892812,207VM0101X,089011962,
2020,1699034314,207VX0201X,117181830,
2020,1306105036,207V00000X,522421009,
2020,1982964524,207V00000X,773803880,
2020,1699034249,174400000X,11501,
2020,1629337241,207VF0040X,452192906,
2020,1881954436,207V00000X,943052200,
2020,1114272994,207V00000X,770303000,
2020,1861741191,207V00000X,774792651,
2020,1952655268,207VX0201X,00917,
2020,1962740092,207V00000X,12569,
2020,1134467129,207V00000X,334305368,
2020,1407194186,207VF0040X,220036800,
2020,1700124427,207V00000X,405360293,
2020,1104168756,207VX0201X,936116889,
2020,1659613818,207V00000X,461431049,
2020,1437491776,207VX0201X,900957419,
2020,1154663292,207VE0102X,75071,
2020,1063754125,207VF0040X,212242735,
2020,1629415708,207V00000X,770366117,
2020,1922445188,207VM0101X,388016540,
2020,1861839946,207VM0101X,10075,
2020,1376980524,207V00000X,522421009,
2020,1801233929,207VM0101X,337014815,
2020,1265879209,207VM0101X,606124795,
2020,1851738793,207VX0201X,331834826,
2020,1962849703,207VF0040X,126015458,
2020,1366889065,207V00000X,196111410,
2020,1063859726,207VX0201X,275144220,
2020,1710328810,207V00000X,605045894,
2020,1831530906,207VM0101X,370438946,
2020,1760824833,207VX0201X,95746,
2020,1215363064,207VE0102X,331334741,
2020,1376970061,207VE0102X,080484862,
2020,1346676061,207V00000X,44122,
2020,1316361686,207VX0201X,391106929,
2020,1891119046,207V00000X,943052200,
2020,1609290592,207VE0102X,752302571,
2020,1396169280,207VE0102X,616145098,
2020,1427472307,207VE0102X,891181895,
2020,1598189490,207VE0102X,100162223,
2020,1275957169,207VE0102X,631416825,
2020,1124442025,207VE0102X,105772113,
2020,1538583422,207VE0102X,088021365,
2020,1134548100,207VX0201X,515014701,
2020,1487073250,207VE0102X,800452545,
2020,1982016689,207V00000X,054465996,
2020,1518379171,207VX0201X,958172307,
2020,1902219256,207VE0102X,852064676,
2020,1578972352,207VE0102X,797615100,
2020,1619386232,207VE0102X,770542934,
2020,1235548520,207VM0101X,371675688,
2020,1629471032,207VF0040X,871091226,
2020,1053714410,207SG0201X,100296504,
2020,1578966529,207VM0101X,395322109,
2020,1235527342,207VX0201X,191045127,
2020,1336537448,207VE0102X,191045502,
2020,1245628353,207V00000X,191045502,
2020,1326436437,207V00000X,191044238,
2020,1043608847,207V00000X,972393011,
2020,1366835571,207V00000X,190013722,
2020,1265825319,207VX0201X,84060,
2020,1306233895,207VM0101X,19047,
2020,1053708446,207VM0101X,452202475,
2020,1649653247,207VE0102X,800452545,
2020,1720461213,207V00000X,220423307,
2020,1013385467,207VF0040X,303285338,
2020,1144698481,207VF0040X,953504500,
2020,1003289919,207VX0201X,945631619,
2020,1861865479,207VF0040X,941152382,
2020,1992178537,207VE0102X,450692509,
2020,1699133199,207V00000X,802021841,
2020,1023476520,207V00000X,801222634,
2020,1073971578,207V00000X,80138,
2020,1780042093,207VF0040X,900153070,
2020,1821456229,207VE0102X,902104714,
2020,1710345962,207VX0201X,117181830,
2020,1417315425,207VE0102X,920082194,
2020,1003274077,207VM0101X,198053165,
2020,1073976114,390200000X,799052709,
2020,1568826691,207V00000X,606112908,
2020,1851747794,390200000X,601533328,
2020,1154777837,207VM0101X,190133902,
2020,1447607809,207VX0201X,801245640,
2020,1497102875,207VE0102X,370676667,
2020,1437501988,207VM0101X,775467896,
2020,1487100202,207VE0102X,232351957,
2020,1407307911,207VM0101X,323085301,
2020,1821534686,207VM0101X,952046117,
2020,1578000972,207VX0201X,331433746,
2020,1568993855,207VE0102X,221822710,
2020,1780116830,207VM0101X,930306757,
2020,1780106781,207VM0101X,11501,
2020,1831611870,207VX0201X,483741268,
2020,1487179495,207VE0102X,616025009,
2020,1033634084,207VX0201X,100654870,
2020,1740706415,207VX0201X,100656342,
2020,1376069914,207VM0101X,176013982,
2020,1164948766,207VM0101X,00725,
2020,1083126155,207VM0101X,113544264,
2020,1679080923,207VE0102X,900641527,
2020,1427565696,207VE0102X,282071109,
2020,1548777865,207VE0102X,913562838,
2020,1063919512,207VE0102X,45209,
2020,1265929459,207VE0102X,631416713,
2020,1538659305,207VG0400X,342094630,
2020,1881184554,207VM0101X,995085392,
2020,1013497213,207VF0040X,900153075,
2020,1093285223,207VE0102X,132052544,
2020,1912461054,207VM0101X,021352907,
2020,1235693375,207VM0101X,02135,
2020,1831659440,207VF0040X,300764916,
2020,1518512953,207VF0040X,303091632,
2020,1033764170,207VM0101X,752314391,
2020,1295385748,207VX0201X,283748748,
2020,1578113809,261QA1903X,852584488,
2020,1336799527,207VM0101X,271034014,
2020,1730724501,207VX0201X,92663,
2020,1215573860,207VE0102X,220314631,
2020,1104450485,207VM0101X,806014004,
2020,1770117798,207VM0101X,115591029,
2020,1093349045,207VX0201X,600073361,
2020,1982227104,207VF0040X,347858772,
2020,1396363552,207VE0102X,926634058,
2020,1477171759,207VX0201X,282043215,
2020,1790399939,207VE0102X,105491143,
2020,1851990261,207VM0101X,787313282,
2020,1487659876,207VX0201X,794153364,785391406
2020,1689679052,207VX0201X,284017407,285460201
2020,1093710212,207VM0101X,800452545,981052003
2020,1376548354,207VX0201X,054011473,342393605
2020,1396744736,207VM0101X,911053022,900276005
2020,1255330353,207VM0101X,705086908,705174239
2020,1568456622,207VG0400X,559051302,325421302
2020,1285624031,207V00000X,29485,282691106
2020,1992795348,207VM0101X,600451680,606114546
2020,1154305977,207V00000X,92123,372031544
2020,1326022153,207VE0102X,06477,065116100
2020,1558340182,207VE0102X,322569111,322587418
2020,1144200015,207VE0102X,19090,191074414
2020,1780656629,207V00000X,891916600,89102
2020,1669444295,207VM0101X,75701,984311100
2020,1356313936,207VM0101X,815014536,191405103
2020,1447222088,207V00000X,209025020,214017992
2020,1871565416,207VM0101X,936368761,946115641
2020,1932178738,207VM0101X,75701,75701
2020,1043289531,207VM0101X,232351900,232985051
2020,1851360317,207VM0101X,85710,850145072
2020,1811966211,207VM0101X,537034415,537151507
2020,1265495337,207VM0101X,770674335,381033409
2020,1780642223,207VM0101X,271034014,27103
2020,1699733808,207VX0201X,22003,943052200
2020,1154372068,207V00000X,606112914,522421009
2020,1700837432,207VX0201X,115811233,102792704
2020,1629020292,208800000X,77030,770302761
2020,1932156809,207V00000X,606113907,601814808
2020,1598705444,174400000X,326108761,936368761
2020,1942236179,207VM0101X,87106,871062719
2020,1932145117,207V00000X,731044637,352491900
2020,1538195367,207V00000X,941181505,941104415
2020,1295761054,207VM0101X,452202475,410173403
2020,1396776688,207V00000X,681242323,900950001
2020,1861423055,207V00000X,181036122,185101724
2020,1649299520,207V00000X,32804,327924120
2020,1982623658,207VE0102X,331762118,191074420
2020,1013921709,208800000X,460324578,461431049
2020,1558473298,207V00000X,132023064,558051951
2020,1053416958,207VE0102X,912064153,917864965
2020,1083719637,207VM0101X,641113220,152133108
2020,1942392360,207V00000X,372320001,372043609
2020,1568555258,207V00000X,212155228,212242735
2020,1417040544,207V00000X,323084600,011071112
2020,1790878726,207VX0201X,852342168,462502042
2020,1881783231,207VX0201X,23188,80923
2020,1184707572,207V00000X,559050001,547035222
2020,1700964566,207VM0101X,94109,949455055
2020,1639231673,207V00000X,029034829,100169196
2020,1669539664,207VE0102X,37067,111052892
2020,1104983766,207VE0102X,191074414,19107
2020,1376686907,207VE0102X,60026,606107461
2020,1518093673,207VF0040X,300054493,300053707
2020,1316073448,207VM0101X,55107,554044514
2020,1104952134,207VM0101X,181036122,185101724
2020,1548396492,207VX0201X,46260,462602081
2020,1265563019,207VE0102X,981056008,981956110
2020,1659493054,207VM0101X,800452545,800336018
2020,1891817391,207VE0102X,773843003,773396406
2020,1437376373,207VE0102X,23320,236062572
2020,1215158928,207VM0101X,314046268,314046200
2020,1164643896,207V00000X,958167097,841320002
2020,1386851350,207VE0102X,335446787,336091104
2020,1548478019,207VM0101X,282043193,352331802
2020,1194927285,207VE0102X,775984052,331361005
2020,1962604181,207VM0101X,292036839,292036839
2020,1467654368,207V00000X,322096511,322074918
2020,1659573558,207VE0102X,381202363,229080001
2020,1427254226,207V00000X,49008,601533328
2020,1558558452,207VE0102X,100221009,105302319
2020,1659540490,207V00000X,02903,063602208
2020,1316111578,207VM0101X,641082640,631171811
2020,1639343619,207VX0201X,46237,482022608
2020,1669647525,207VM0101X,016052903,021155724
2020,1326207572,207V00000X,554265000,52242
2020,1578711636,207V00000X,480753712,48912
2020,1013159094,207V00000X,276178744,770302351
2020,1740423623,207VX0201X,601533328,606223778
2020,1245473149,207V00000X,782293307,14263
2020,1306089057,207VE0102X,926633662,926537622
2020,1811126246,207V00000X,103143418,103053436
2020,1366770554,207VM0101X,146422916,112192916
2020,1447576319,207VM0101X,146264122,146213038
2020,1265759807,207VX0201X,928685900,928684304
2020,1831416403,207VE0102X,029034817,077244263
2020,1679886402,207V00000X,080439612,405361962
2020,1326349887,207VM0101X,068304608,105322170
2020,1902197288,207VX0201X,23298,232985051
2020,1982999009,207V00000X,14623,837026135
2020,1679868640,207V00000X,271578905,294258905
2020,1679868558,207V00000X,59901,294258900
2020,1184910960,207V00000X,90027,90027
2020,1942596747,207V00000X,328061014,775550587
2020,1851687446,207VG0400X,02114,029052401
2020,1376825646,207VX0201X,14263,100656007
2020,1417213596,207VM0101X,32209,17101
2020,1720344591,207V00000X,229032981,22908
2020,1043576747,207VF0040X,31707,065191304
2020,1285990861,207VE0102X,100323720,331434800
2020,1649536228,390200000X,87109,87109
2020,1467718932,390200000X,83712,97239
2020,1487916235,207VE0102X,100221009,100166402
2020,1750725206,207VE0102X,208890004,546015429
2020,1669817854,207VX0201X,06510,06610
2020,1043659634,207VX0201X,958165616,441061716
2020,1952715898,390200000X,60201,104611900
2020,1285038059,207V00000X,85013,936368761
2020,1578957767,207VM0101X,77030,77030
2020,1033503131,207V00000X,27705,21287
2020,1609237841,207V00000X,799257647,060302947
2020,1043751357,207VG0400X,443332670,445125980
2020,1962923433,207VX0201X,841241368,846011548
2020,1255896866,207VM0101X,209011562,208773319
2020,1013478775,207VX0201X,554541450,232295298
2020,1376548354,207VX0201X,054011473,338051965
2020,1154305977,207V00000X,92123,372031544
2020,1558340182,207VE0102X,322569111,328061124
2020,1144200015,207VE0102X,19090,194061438
2020,1932178738,207VM0101X,75701,227013959
2020,1265495337,207VM0101X,770674335,477140541
2020,1780642223,207VM0101X,271034014,740558329
2020,1629020292,208800000X,77030,770302761
2020,1598705444,174400000X,326108761,372031502
2020,1538195367,207V00000X,941181505,941101736
2020,1013921709,208800000X,460324578,460627092
2020,1053416958,207VE0102X,912064153,910073493
2020,1417040544,207V00000X,323084600,481095902
2020,1881783231,207VX0201X,23188,236024460
2020,1700964566,207VM0101X,94109,954044813
2020,1376686907,207VE0102X,60026,600265823
2020,1316073448,207VM0101X,55107,554044514
2020,1265563019,207VE0102X,981056008,021156110
2020,1437376373,207VE0102X,23320,220662904
2020,1215158928,207VM0101X,314046268,314046200
2020,1386851350,207VE0102X,335446787,336063603
2020,1548478019,207VM0101X,282043193,352331802
2020,1659540490,207V00000X,02903,063204956
2020,1811126246,207V00000X,103143418,103053401
2020,1447576319,207VM0101X,146264122,146420001
2020,1265759807,207VX0201X,928685900,926533672
2020,1831416403,207VE0102X,029034817,087555059
2020,1679886402,207V00000X,080439612,402021831
2020,1326349887,207VM0101X,068304608,100191047
2020,1902197288,207VX0201X,23298,232351900
2020,1184910960,207V00000X,90027,606113044
2020,1376825646,207VX0201X,14263,100656007
2020,1417213596,207VM0101X,32209,17101
2020,1720344591,207V00000X,229032981,229039353
2020,1649536228,390200000X,87109,871310001
2020,1043659634,207VX0201X,958165616,958172307
2020,1285038059,207V00000X,85013,850138569
2020,1578957767,207VM0101X,77030,212011544
2020,1962923433,207VX0201X,841241368,840576316
2020,1144200015,207VE0102X,19090,170509401
2020,1932178738,207VM0101X,75701,229083108
2020,1780642223,207VM0101X,271034014,740558329
2020,1538195367,207V00000X,941181505,945633304
2020,1700964566,207VM0101X,94109,940103226
2020,1376686907,207VE0102X,60026,600265823
2020,1316073448,207VM0101X,55107,554550341
2020,1831416403,207VE0102X,029034817,212871228
2020,1417213596,207VM0101X,32209,489102819
2020,1720344591,207V00000X,229032981,229039353
2020,1285038059,207V00000X,85013,850138569
2020,1962923433,207VX0201X,841241368,840434999
2020,1144200015,207VE0102X,19090,190473205
2020,1700964566,207VM0101X,94109,946091710
2020,1720344591,207V00000X,229032981,277076865
2020,1700964566,207VM0101X,94109,941181618
2020,1700964566,207VM0101X,94109,941104422
2020,1700964566,207VM0101X,94109,940104506
2020,1700964566,207VM0101X,94109,949042023
2020,1710982178,207VM0101X,159054330,
2020,1669477071,207V00000X,543013528,
2020,1659376069,207VX0201X,443021704,
2020,1659376937,207VM0101X,797614572,
2020,1003811381,207VM0101X,379161839,
2020,1619972031,207VX0201X,443021704,
2020,1811992290,207VM0101X,284017407,
2020,1639174014,207VX0201X,366073513,
2020,1306841648,207VG0400X,900335313,
2020,1023013307,207VM0101X,379161839,
2020,1295730570,207VM0101X,379161839,
2020,1972508133,207VM0101X,402074711,
2020,1235134453,207VM0101X,815061953,
2020,1235134461,207RH0003X,49120,
2020,1083619100,207V00000X,911062423,
2020,1770588899,207VM0101X,900153011,
2020,1457356578,207VG0400X,913563645,
2020,1417952342,207V00000X,900276061,
2020,1235134180,207VM0101X,454092722,
2020,1780689638,207VM0101X,292036875,
2020,1023013976,207VM0101X,454092722,
2020,1578568424,207VM0101X,454092722,
2020,1730184698,207VM0101X,454092793,
2020,1518962513,207V00000X,900153011,
2020,1992700025,207VM0101X,402074711,
2020,1467457549,207VF0040X,571057702,
2020,1669477642,207VM0101X,009071509,
2020,1891790705,207VM0101X,915054551,
2020,1043219488,207VM0101X,331461501,
2020,1831198043,207VM0101X,891485506,
2020,1386643575,207V00000X,891485506,
2020,1184623357,207VM0101X,200072113,
2020,1336148543,207VM0101X,891485506,
2020,1588663744,207VM0101X,200072113,
2020,1689673725,207VM0101X,334143105,
2020,1083613061,207VM0101X,641161878,
2020,1497754493,207V00000X,641115941,
2020,1811996796,207VM0101X,532331305,
2020,1366442253,207V00000X,303033031,
2020,1730189697,207VX0201X,330635755,
2020,1346249273,207V00000X,303033031,
2020,1477553378,207VM0101X,185102025,
2020,1154320083,207V00000X,132022240,
2020,1518967355,207VM0101X,753909032,
2020,1649264938,207V00000X,480841744,
2020,1306830591,207V00000X,522421009,
2020,1740274935,207V00000X,191044238,
2020,1083608194,207VE0102X,029052401,
2020,1336133594,207VM0101X,336063603,
2020,1144214339,207V00000X,522468671,
2020,1548254741,207V00000X,522421009,
2020,1841284023,207VX0201X,100165507,
2020,1366436560,207VM0101X,522421009,
2020,1538153739,207V00000X,522421009,
2020,1225022486,207VG0400X,522421009,
2020,1518951797,207VX0201X,452425621,
2020,1124012125,207V00000X,170112207,
2020,1790779866,207V00000X,522421009,
2020,1013901008,207VX0201X,770304009,
2020,1689668493,207VG0400X,852151134,
2020,1699769307,207VM0101X,443081063,
2020,1942290952,207VE0102X,432142300,
2020,1982693982,207V00000X,342393605,
2020,1326037334,207VM0101X,432143912,
2020,1942299961,207V00000X,342393605,
2020,1275523227,207V00000X,328061110,
2020,1386634236,207VX0201X,466011168,
2020,1285624981,207V00000X,981950001,
2020,1124018908,207VM0101X,794101806,
2020,1558351312,207VG0400X,60068,
2020,1922098706,207VM0101X,685061276,
2020,1164412714,207VM0101X,100166402,
2020,1699765255,207V00000X,021142621,
2020,1508856220,207VE0102X,900173901,
2020,1629068382,207V00000X,50309,
2020,1689664393,207V00000X,300601147,
2020,1588654263,174400000X,495032543,
2020,1245220722,207VX0201X,100166402,
2020,1154311843,207VX0201X,374041106,
2020,1700876307,207VX0201X,601901295,
2020,1861482333,207VM0101X,021142621,
2020,1770573115,207VM0101X,021142621,
2020,1740270180,207VE0102X,794101305,
2020,1770573156,207V00000X,376046062,
2020,1003806514,207VX0201X,618011645,
2020,1124018528,207VX0201X,60674,
2020,1467442889,207VM0101X,468251675,
2020,1821088196,207V00000X,021142621,
2020,1811987183,207V00000X,152133108,
2020,1639153844,207VM0101X,752302505,
2020,1508840885,207VM0101X,750757738,
2020,1093799389,207VM0101X,752314339,
2020,1225012438,207VM0101X,750573641,
2020,1639153851,207VM0101X,750937939,
2020,1982688081,207VG0400X,782344501,
2020,1174507214,207VM0101X,666041301,
2020,1598749640,207V00000X,968261001,
2020,1215911367,207V00000X,029052401,
2020,1477537553,207V00000X,282035812,
2020,1730163817,207VE0102X,271032508,
2020,1255315339,207V00000X,212870005,
2020,1972587053,207V00000X,532272468,
2020,1811971898,174400000X,212155228,
2020,1013991090,207VM0101X,277100001,
2020,1922082908,207V00000X,288032868,
2020,1932183951,207VM0101X,33908,
2020,1073597894,207VG0400X,600533056,
2020,1871577601,207VE0102X,065116100,
2020,1902880701,207V00000X,271570001,
2020,1194709931,207VG0400X,600533056,
2020,1700860558,207VM0101X,33908,
2020,1841274412,208800000X,98043,
2020,1518941186,207RH0003X,80111,
2020,1598749186,207VM0101X,232354730,
2020,1912981515,207VX0201X,100216007,
2020,1215916580,207VE0102X,850167646,
2020,1376522649,207VE0102X,850167646,
2020,1205815636,207V00000X,559050001,
2020,1013996255,207V00000X,490075341,
2020,1366421406,207VX0201X,631418668,
2020,1871572909,207V00000X,554554800,
2020,1437139573,207VE0102X,322078334,
2020,1568441632,207VM0101X,77026,
2020,1033198155,207VE0102X,850167646,
2020,1528048642,207VM0101X,705086949,
2020,1700866670,207VE0102X,190901338,
2020,1275505364,207P00000X,405099087,
2020,1245202183,207VE0102X,373636681,
2020,1972575843,207VM0101X,571057702,
2020,1821060625,207VM0101X,253023302,
2020,1306818133,207SG0201X,347115997,
2020,1013989854,207RH0003X,974016036,
2020,1396717088,207VM0101X,20037,
2020,1205808904,207V00000X,11215,
2020,1841262656,207VX0201X,153178549,
2020,1861464612,207VE0102X,912031130,
2020,1407828114,207RH0003X,986839591,
2020,1629040365,207VE0102X,080534161,
2020,1013989615,207VX0201X,060300001,
2020,1932171543,207VM0101X,152242156,
2020,1205808748,207VM0101X,571051063,
2020,1497727051,207VE0102X,080534161,
2020,1366414971,207VM0101X,637034911,
2020,1457324915,207VX0201X,112153609,
2020,1801869300,207VX0201X,857240001,
2020,1528031820,207VX0201X,181036369,
2020,1154394351,207VM0101X,454092722,
2020,1801865878,207VG0400X,871061314,
2020,1518936590,261QM2500X,481242023,
2020,1861461840,207VE0102X,801291901,
2020,1285603159,207VM0101X,895090907,
2020,1144299025,207VM0101X,853087140,
2020,1306815287,207VX0201X,235021871,
2020,1386613156,207VM0101X,079606092,
2020,1275502072,207VG0400X,077534488,
2020,1073582888,207V00000X,900950001,
2020,1639148331,207VG0400X,321598975,
2020,1891764502,207VX0201X,857112701,
2020,1801865605,207VX0201X,077533036,
2020,1265401061,207VM0101X,070805127,
2020,1497724116,207VM0101X,87106,
2020,1790754414,207VM0101X,871064924,
2020,1609845320,207VM0101X,87106,
2020,1407825300,207VE0102X,113753961,
2020,1740259324,207VM0101X,480736710,
2020,1679542252,207VM0101X,900043025,
2020,1144299751,207VE0102X,801291901,
2020,1255300802,207VM0101X,850062754,
2020,1407825045,207VM0101X,853087140,
2020,1801865373,207V00000X,984317324,
2020,1730158338,207VM0101X,29303,
2020,1861461287,207VM0101X,77030,
2020,1962471425,207VM0101X,850062754,
2020,1447229802,207VX0201X,85704,
2020,1255300653,174400000X,068304608,
2020,1598734998,207V00000X,951282604,
2020,1104889120,207VM0101X,802055503,
2020,1568425767,207VX0201X,100198022,
2020,1720041858,207VE0102X,905054731,
2020,1881657922,207VM0101X,89118,
2020,1295798270,207VM0101X,802181216,
2020,1821051814,207V00000X,303421626,
2020,1457314312,207VE0102X,441950001,
2020,1588627236,207V00000X,212155216,
2020,1033172713,207VM0101X,374032724,
2020,1700849635,207VM0101X,441950001,
2020,1457314205,207VE0102X,336094051,
2020,1467415216,207VE0102X,770541920,
2020,1992768675,207VM0101X,850545180,
2020,1356304034,207V00000X,92868,
2020,1073576757,207V00000X,92868,
2020,1366405052,207V00000X,752462003,
2020,1215991856,174400000X,895093683,
2020,1346208709,207VX0000X,178223034,
2020,1033177472,207V00000X,17822,
2020,1528026143,207VE0102X,021142621,
2020,1154389831,207VE0102X,080533900,
2020,1831157411,207VX0201X,402074700,
2020,1427016039,207V00000X,92868,
2020,1427016989,207VX0201X,787585444,
2020,1841258209,207V00000X,92123,
2020,1477511830,207V00000X,372032699,
2020,1184682379,207V00000X,92037,
2020,1821056045,207VM0101X,981043586,
2020,1972551117,207VM0101X,190963450,
2020,1316995574,207VM0101X,190963450,
2020,1225086424,207VF0040X,980278969,
2020,1922056043,207VE0102X,751152057,
2020,1982652921,207VM0101X,19456,
2020,1992753032,207VF0040X,672144915,
2020,1992753974,207VM0101X,071121720,
2020,1134177124,207V00000X,373884756,
2020,1386695237,207VE0102X,752314339,
2020,1326099367,207V00000X,021184001,
2020,1316998271,207V00000X,681988102,
2020,1841241601,207VX0201X,352491900,
2020,1629029491,207VM0101X,681988102,
2020,1497706469,207VM0101X,837026100,
2020,1780635680,207VX0201X,100296503,
2020,1831140615,207VM0101X,984054250,
2020,1306897145,207V00000X,532263522,
2020,1407807175,207VX0201X,532263522,
2020,1255382982,207VX0000X,322078432,
2020,1952352684,207VM0101X,981043586,
2020,1558312199,207VM0101X,837026100,
2020,1740232941,207VX0201X,101280122,
2020,1467404764,207VM0101X,333172836,
2020,1801848320,207VX0201X,374031503,
2020,1194777672,207V00000X,532272468,
2020,1730131210,207VX0201X,366400430,
2020,1053363523,207V00000X,194013353,
2020,1770535114,207V00000X,325048615,
2020,1720030349,207VX0201X,637034910,
2020,1891741112,207VG0400X,212022001,
2020,1063468429,207VM0101X,100654870,
2020,1487600763,207VE0102X,601941090,
2020,1740236025,207VE0102X,601941090,
2020,1023065158,207VE0102X,100163214,
2020,1821045956,207VE0102X,07652,
2020,1578519674,207VX0201X,070791904,
2020,1508812850,207V00000X,722057101,
2020,1205883352,207VM0101X,980044623,
2020,1073560199,207VM0101X,770302351,
2020,1891742805,207VM0101X,336134657,
2020,1881641835,207VE0102X,554071544,
2020,1184671158,207VE0102X,29201,
2020,1639126717,207VM0101X,071122027,
2020,1447207527,207VE0102X,100163214,
2020,1992752083,207VE0102X,309120004,
2020,1316994403,207VE0102X,100163214,
2020,1770530784,207VM0101X,328062028,
2020,1578510582,207RH0003X,328062134,
2020,1487601357,207VM0101X,926533633,
2020,1538116322,207V00000X,178222920,
2020,1194772020,207VX0201X,483415023,
2020,1346297298,207VM0101X,080431548,
2020,1003863945,207VX0201X,112016004,
2020,1073560835,207VM0101X,100166402,
2020,1598712275,207VM0101X,891064004,
2020,1841247483,207VX0201X,212047735,
2020,1366499907,207VE0102X,212042600,
2020,1538109699,207VE0102X,068306074,
2020,1184664591,207V00000X,920371027,
2020,1922048230,207SC0300X,223041535,
2020,1902846330,207VX0201X,282071107,
2020,1437199940,207V00000X,532153669,
2020,1770523607,207VM0101X,981950001,
2020,1174563969,207V00000X,109417001,
2020,1720029366,207VM0101X,208506340,
2020,1801836408,207VM0101X,35233,
2020,1538109137,207VX0201X,328044603,
2020,1013958610,207V00000X,100654870,
2020,1487694196,207R00000X,80021,
2020,1902846579,207V00000X,126015458,
2020,1376589531,207V00000X,554151623,
2020,1811923055,207V00000X,191075176,
2020,1467488619,207VE0102X,117473193,
2020,1609812874,207V00000X,191044238,
2020,1700822988,207VE0102X,326103003,
2020,1972539146,207VG0400X,303033031,
2020,1265468383,207VX0201X,448705390,
2020,1346276276,207VM0101X,117334047,
2020,1962438846,207VE0102X,111023142,
2020,1255367223,207VX0201X,02115,
2020,1962438044,207VM0101X,947051749,
2020,1124054218,207VE0102X,271570001,
2020,1699701623,207VF0040X,181033628,
2020,1831125749,207VG0400X,606371447,
2020,1205862158,207V00000X,594054506,
2020,1013943117,207VM0101X,600681186,
2020,1891721668,207VX0201X,071032425,
2020,1154357838,207VE0102X,322078336,
2020,1104857499,207V00000X,606371447,
2020,1487685780,207VM0101X,078342954,
2020,1346270014,207VX0201X,372031534,
2020,1497786727,207VE0102X,443041437,
2020,1306877634,207VE0102X,392329534,
2020,1942230644,207VE0102X,933011661,
2020,1750312021,207VM0101X,946093424,
2020,1194756379,207VM0101X,029052401,
2020,1851322150,207VX0201X,441061716,
2020,1508897703,207VX0201X,112291507,
2020,1437180650,207VM0101X,606114546,
2020,1598796054,207V00000X,78731,
2020,1730110131,207VX0201X,300846900,
2020,1649200379,207VX0201X,913254108,
2020,1669402392,207V00000X,191045502,
2020,1265463632,207VM0101X,35233,
2020,1518998244,207V00000X,900950001,
2020,1205867942,207VX0201X,191045127,
2020,1578594438,207V00000X,191076130,
2020,1548292352,207V00000X,554550356,
2020,1750312773,207VE0102X,325032673,
2020,1366473399,207V00000X,770304000,
2020,1235160268,207VE0102X,325032673,
2020,1366473241,207VE0102X,114111303,
2020,1013948918,207VE0102X,392164500,
2020,1972535540,207VM0101X,100323729,
2020,1629009543,207VE0102X,220314617,
2020,1023049061,207VG0400X,222053683,
2020,1720010374,207VM0101X,100323729,
2020,1730110545,207VM0101X,19456,
2020,1528099579,207V00000X,972393011,
2020,1649205345,207V00000X,921039001,
2020,1508891409,207VE0102X,750344198,
2020,1245265123,207V00000X,191044238,
2020,1346275096,207VM0101X,071032425,
2020,1316972318,207VE0102X,294643254,
2020,1689609273,207V00000X,054011473,
2020,1710912316,207VM0101X,190351421,
2020,1124053087,207V00000X,100132904,
2020,1235164120,207V00000X,117181830,
2020,1629003389,207VE0102X,92103,
2020,1255365409,207VM0101X,100296501,
2020,1316971526,207VX0201X,277100001,
2020,1386678597,207VX0201X,240164962,
2020,1326073404,207VM0101X,392164500,
2020,1235164500,207VX0201X,220036800,
2020,1245265529,207VX0201X,220036800,
2020,1407881790,207VF0040X,220036800,
2020,1699700971,170100000X,925063920,
2020,1770518284,207VX0201X,802181903,
2020,1275568610,207V00000X,770303000,
2020,1942235163,207V00000X,48116,
2020,1598780751,207VX0201X,791061786,
2020,1194750414,207VG0400X,220036800,
2020,1023043361,207VF0040X,220036800,
2020,1750306726,207VX0201X,190013720,
2020,1841225133,207V00000X,208890004,
2020,1447275615,207VM0101X,104611138,
2020,1255356309,207SG0201X,037561000,
2020,1457370439,207VE0102X,212046808,
2020,1043239049,207VX0201X,910073402,
2020,1093734956,207V00000X,631171818,
2020,1538188420,207V00000X,016052726,
2020,1265451058,207VX0201X,934548903,
2020,1649299546,207V00000X,65065,
2020,1538188743,207VF0040X,181033628,
2020,1316966443,207VX0201X,109942226,
2020,1538188487,207VX0000X,19096,
2020,1487673265,207V00000X,441061716,
2020,1457370595,207VM0101X,850134224,
2020,1942229919,207V00000X,750346049,
2020,1649299892,207VE0102X,029052401,
2020,1003835786,207V00000X,191075127,
2020,1689693384,207V00000X,490073731,
2020,1770502692,207VM0101X,330654042,
2020,1124047071,207V00000X,191075127,
2020,1417961343,207V00000X,928353618,
2020,1619981545,207V00000X,460370051,
2020,1255345146,207VE0102X,02115,
2020,1346254158,207VE0102X,330295593,
2020,1881608693,207VG0400X,37604,
2020,1831103571,207V00000X,054468024,
2020,1891709630,207VM0101X,33316,
2020,1851305312,207VM0101X,911053187,
2020,1962411447,207V00000X,921039001,
2020,1043229529,207V00000X,850164872,
2020,1184633570,207V00000X,073024393,
2020,1972512606,207VG0400X,009682645,
2020,1982613659,207VF0040X,069021627,
2020,1821007535,207VM0101X,905022047,
2020,1275542573,207VE0102X,554071544,
2020,1386653699,207VE0102X,554071320,
2020,1619986932,207VX0201X,322241865,
2020,1215946900,207VE0102X,069023628,
2020,1215946835,207V00000X,871310001,
2020,1134138472,207VE0102X,606124325,
2020,1548279896,207V00000X,537920001,
2020,1912916511,207VE0102X,775984052,
2020,1801805320,207V00000X,146420001,
2020,1649289927,207VE0102X,781300007,
2020,1245249853,207VE0102X,941094586,
2020,1265441794,207VE0102X,441224317,
2020,1487663571,207VM0101X,672083003,
2020,1629087549,207VX0201X,181036369,
2020,1437168218,207VM0101X,303421606,
2020,1265547566,207VM0101X,068503852,
2020,1639284946,207VM0101X,606115975,
2020,1841305091,207VE0102X,441091900,
2020,1427163609,207VE0102X,680223913,
2020,1588779896,207VM0101X,30309,
2020,1568577427,207VM0101X,681144108,
2020,1821103912,207VX0201X,011071112,
2020,1508971672,207V00000X,291694800,
2020,1356456438,207VX0201X,731045417,
2020,1215042973,207V00000X,871310001,
2020,1013022078,207VE0102X,02215,
2020,1538274477,207VM0101X,07652,
2020,1194837930,207V00000X,850134224,
2020,1164534277,207VE0102X,076702906,
2020,1497866438,207VM0101X,476308940,
2020,1467563593,207VF0040X,271031522,
2020,1568573210,207V00000X,60453,
2020,1992817969,207V00000X,850134224,
2020,1184736514,207VG0400X,21093,
2020,1447355458,207V00000X,871064900,
2020,1700981685,174400000X,960013027,
2020,1457457020,207VX0201X,815051443,
2020,1801996194,207VM0101X,17822,
2020,1619078532,207V00000X,923241819,
2020,1336249432,207VM0101X,802181216,
2020,1790885804,207VE0102X,011071112,
2020,1588764039,207V00000X,563032735,
2020,1548360944,207V00000X,06856,
2020,1346340676,207VE0102X,405042043,
2020,1336240449,207VM0101X,968191469,
2020,1467553594,207V00000X,770303004,
2020,1295835601,207VM0101X,232261926,
2020,1144321209,207VX0201X,770304009,
2020,1659472728,207V00000X,180151155,
2020,1407957152,207VM0101X,850145061,
2020,1013018449,207VM0101X,605151552,
2020,1982797361,207V00000X,481094276,
2020,1114010469,207VE0102X,105493027,
2020,1487748968,207VM0101X,423014568,
2020,1629162136,207VE0102X,91423,
2020,1417040668,207VE0102X,190441854,
2020,1699868752,207VX0201X,481971051,
2020,1750474961,207V00000X,481095000,
2020,1669565875,207V00000X,326103003,
2020,1194818302,207V00000X,481094276,
2020,1326131541,207VM0101X,95350,
2020,1992898597,207VE0102X,950321551,
2020,1508959628,207VE0102X,100214917,
2020,1073606992,207VM0101X,11501,
2020,1538252747,207V00000X,481094276,
2020,1447343652,207V00000X,481147004,
2020,1497848626,207VE0102X,327518406,
2020,1699868471,207VM0101X,701122600,
2020,1437242559,207V00000X,481095000,
2020,1194818245,207V00000X,554071544,
2020,1578652889,207VE0102X,100214872,
2020,1396834065,207VX0201X,770304009,
2020,1306935689,207VM0101X,917903937,
2020,1841389400,207VE0102X,435601993,
2020,1528157021,207V00000X,402074707,
2020,1649369109,207SG0201X,900101120,
2020,1184714032,207VX0201X,980555772,
2020,1376633248,207VX0201X,029052401,
2020,1316037310,207VM0101X,87106,
2020,1023108966,207VX0201X,631101032,
2020,1821188426,207VE0102X,483040922,
2020,1518057116,207VE0102X,841320002,
2020,1457441321,207VX0201X,029052401,
2020,1316037930,207VE0102X,841320002,
2020,1831289529,207VM0101X,081031461,
2020,1578653176,207VE0102X,841320001,
2020,1225128713,207VG0400X,722057101,
2020,1043300536,207VG0400X,722057101,
2020,1528158326,207V00000X,232294942,
2020,1659454957,207VX0201X,770304009,
2020,1487737698,207VF0040X,452111106,
2020,1326121534,207V00000X,450696578,
2020,1487737573,207VM0101X,97504,
2020,1922181262,207VE0102X,082471057,
2020,1497838379,207V00000X,597156900,
2020,1720161961,207V00000X,277100001,
2020,1326122839,207V00000X,024511100,
2020,1619051075,207V00000X,328044642,
2020,1033292750,207VM0101X,631081402,
2020,1285712786,207VM0101X,946125103,
2020,1366520280,207VM0101X,895034505,
2020,1235217118,207VM0101X,685061276,
2020,1326126137,207VM0101X,937202941,
2020,1952489718,207VM0101X,945964180,
2020,1902984735,207VE0102X,956889494,
2020,1285712059,207VE0102X,946115641,
2020,1992883771,207VX0201X,946115641,
2020,1689752461,207V00000X,00921,
2020,1740367887,207VX0201X,77030,
2020,1316025109,207VM0101X,946115641,
2020,1427135805,207V00000X,604531779,
2020,1376621177,207VX0201X,946115642,
2020,1053499517,207V00000X,501581928,
2020,1952489650,207VE0102X,958252115,
2020,1174601868,207VX0201X,958252115,
2020,1487732087,207VM0101X,941153357,
2020,1811075435,207VE0102X,941153357,
2020,1932287562,207VX0201X,941153357,
2020,1700964376,207VM0101X,950515173,
2020,1811060783,207VE0102X,927087501,
2020,1639242589,207VM0101X,921039000,
2020,1841363603,207VX0201X,190133902,
2020,1801969621,207V00000X,752512100,
2020,1477627164,207VE0102X,770541920,
2020,1396818134,207V00000X,920930987,
2020,1346314069,207VX0201X,312017512,
2020,1215005160,207V00000X,958154807,
2020,1679641443,207VE0102X,44304,
2020,1053489849,207VE0102X,07632,
2020,1184792756,207VE0102X,352232420,
2020,1639247950,207VX0201X,910103012,
2020,1114089489,207VM0101X,775551022,
2020,1043372253,207V00000X,775984142,
2020,1750443800,207VM0101X,303421626,
2020,1447312509,207VE0102X,374213157,
2020,1982766044,207VX0201X,346012823,
2020,1750443610,207VE0102X,100164804,
2020,1508928557,207VM0101X,753909032,
2020,1326100058,207VE0102X,918013886,
2020,1235292889,207V00000X,076523628,
2020,1013074780,207VM0101X,900331019,
2020,1225195944,207VM0101X,443081063,
2020,1811054448,207VM0101X,11501,
2020,1225195274,207VX0201X,152195114,
2020,1265599088,207VE0102X,920371224,
2020,1750448486,207VM0101X,981043586,
2020,1245397686,207VM0101X,601344209,
2020,1528125903,207VE0102X,191075127,
2020,1891852240,207VM0101X,871092129,
2020,1144387432,207V00000X,018050001,
2020,1497807960,207VM0101X,110303816,
2020,1700938115,207VM0101X,10039,
2020,1356493969,207VE0102X,900244003,
2020,1083766455,207VX0201X,923356720,
2020,1710039185,207V00000X,907062246,
2020,1689720963,207VM0101X,194681415,
2020,1659427946,207VM0101X,069023628,
2020,1629124888,207V00000X,680223913,
2020,1902952187,207V00000X,322168713,
2020,1215073127,207V00000X,197132137,
2020,1760528954,207V00000X,275492256,
2020,1982740114,207RX0202X,941430001,
2020,1972649051,207VM0101X,606371447,
2020,1932245990,207VX0201X,178225671,
2020,1821134610,207VM0101X,054011473,
2020,1225170624,207V00000X,041065447,
2020,1043352404,207VM0101X,903014510,
2020,1992847131,207VM0101X,921232771,
2020,1598807455,207VE0102X,926607720,
2020,1083756183,207VM0101X,191044319,
2020,1164564266,207VM0101X,799024672,
2020,1164564100,207VM0101X,940402833,
2020,1588706741,207V00000X,943041805,
2020,1548302482,207VM0101X,943052200,
2020,1235271172,207VM0101X,681312128,
2020,1841332970,207VM0101X,392329527,
2020,1346382314,207VM0101X,945964180,
2020,1821130865,207VM0101X,943052200,
2020,1144362294,207VE0102X,943052200,
2020,1003958083,207V00000X,98431,
2020,1528100476,207VE0102X,943052200,
2020,1407998412,207VM0101X,943052200,
2020,1568504579,207VM0101X,943052200,
2020,1851433874,207VM0101X,943052200,
2020,1336282946,207VE0102X,600265823,
2020,1710029616,207VM0101X,902622646,
2020,1871636746,207V00000X,661607316,
2020,1164565917,207VE0102X,945382299,
2020,1639205875,207V00000X,981956460,
2020,1174659353,207VM0101X,972256603,
2020,1477689511,207VX0201X,852606746,
2020,1659407708,207V00000X,55455,
2020,1134255052,207V00000X,941095455,
2020,1780710418,207V00000X,941090456,
2020,1861528754,207VE0102X,191045502,
2020,1053447847,207VE0102X,009183756,
2020,1275669251,207VE0102X,328044049,
2020,1518093293,207V00000X,011042377,
2020,1306976394,207VE0102X,12205,
2020,1306976287,207VE0102X,750937939,
2020,1932230752,207VX0201X,346524333,
2020,1851416887,207VE0102X,117473193,
2020,1740305895,207VM0101X,208506340,
2020,1386769289,207VE0102X,117473193,
2020,1306961008,207VE0102X,00910,
2020,1477675072,207V00000X,275990001,
2020,1477675874,207V00000X,45069,
2020,1720100357,207VM0101X,463830971,
2020,1871615229,207V00000X,782405251,
2020,1043332463,207VM0101X,379201507,
2020,1295858355,207V00000X,454151180,
2020,1689891673,207VM0101X,178227506,
2020,1770700528,207VM0101X,984055307,
2020,1669690210,174400000X,283600004,
2020,1821219569,207VX0201X,452203027,
2020,1750502464,207VE0102X,611075912,
2020,1730300443,207VX0201X,537920001,
2020,1770703753,207VM0101X,753907201,
2020,1972724433,207V00000X,326103003,
2020,1740401652,207VM0101X,934491542,
2020,1285854281,207VM0101X,11501,
2020,1083835730,207VE0102X,46032,
2020,1013137017,207VM0101X,115014198,
2020,1316168040,207VM0101X,296054253,
2020,1306067020,207VX0201X,229080001,
2020,1124235940,207VM0101X,859017888,
2020,1790992915,207VM0101X,372044684,
2020,1811104961,207V00000X,292036839,
2020,1912114976,207V00000X,159054330,
2020,1962619940,207VE0102X,905054731,
2020,1588871859,207SG0201X,571051022,
2020,1922215961,207V00000X,482012018,
2020,1255548244,207VE0102X,029054754,
2020,1003023912,207VE0102X,100165459,
2020,1861600595,207V00000X,391102012,
2020,1457569923,207VX0201X,296054255,
2020,1528269040,207VX0201X,105322140,
2020,1295936540,207VM0101X,222053601,
2020,1063613404,207VE0102X,077024329,
2020,1366644601,207VM0101X,070395672,
2020,1073715108,207VM0101X,074362817,
2020,1891997904,207V00000X,331361101,
2020,1891997979,207VG0400X,265053494,
2020,1790987782,207V00000X,76177,
2020,1275735177,207VM0101X,212011544,
2020,1033311832,207VE0102X,601337152,
2020,1881891661,207VF0040X,100654870,
2020,1982801403,207V00000X,442569312,
2020,1841497401,207VX0201X,152133108,
2020,1316144868,207VX0201X,801245640,
2020,1790982031,207V00000X,482012013,
2020,1033316294,207V00000X,681144108,
2020,1649477092,207V00000X,741352527,
2020,1669679940,282N00000X,100654870,
2020,1801093984,207VM0101X,443081063,
2020,1548467541,207V00000X,208721022,
2020,1063603991,207VE0102X,945882828,
2020,1841481629,207VF0040X,662042295,
2020,1740471531,207V00000X,972393011,
2020,1831380435,207VE0102X,200061003,
2020,1528259090,207V00000X,981950001,
2020,1649461179,207VE0102X,925632632,
2020,1194917575,207VE0102X,956614156,
2020,1144412537,207VM0101X,209101459,
2020,1184816506,207V00000X,761042158,
2020,1891987293,207VE0102X,960010800,
2020,1609062728,207VM0101X,972393011,
2020,1639366362,207V00000X,070395672,
2020,1093996209,207VX0201X,117181803,
2020,1740461961,207VE0102X,98225,
2020,1407037500,207VG0400X,201104419,
2020,1891970521,207VM0101X,394017206,
2020,1437334232,207VF0040X,905022004,
2020,1417132226,207V00000X,554541517,
2020,1477738136,207V00000X,631082212,
2020,1538344205,174400000X,913451252,
2020,1003091778,207V00000X,752314339,
2020,1497930192,207VM0101X,753909032,
2020,1437334042,207VG0400X,761808848,
2020,1184809543,207VE0102X,752461805,
2020,1093990392,207V00000X,770302351,
2020,1457536716,207VE0102X,110501407,
2020,1861661548,207V00000X,490075341,
2020,1669641403,207VM0101X,10032,
2020,1710156377,207V00000X,432143908,
2020,1912176512,207VX0201X,208141617,
2020,1609045194,207VE0102X,10530,
2020,1326217951,207VE0102X,017022952,
2020,1043489586,207V00000X,142264723,
2020,1215101480,207VM0101X,441091900,
2020,1619141876,207VX0201X,191074408,
2020,1194999326,207VE0102X,191074408,
2020,1184898322,207VM0101X,191074408,
2020,1619141603,207VM0101X,271570001,
2020,1750556601,207V00000X,852584585,
2020,1891960738,207VX0000X,850084973,
2020,1922273887,207VM0101X,432143908,
2020,1700051612,207VX0201X,112153609,
2020,1942475728,207V00000X,381032807,
2020,1629243415,207VM0101X,55404,
2020,1215102942,207V00000X,081031461,
2020,1891960779,207V00000X,372325100,
2020,1548428089,207VE0102X,956187851,
2020,1205094745,207V00000X,701122865,
2020,1184882524,207V00000X,301158023,
2020,1669631099,207V00000X,526279601,
2020,1619136082,207V00000X,452192906,
2020,1689833915,207V00000X,462561621,
2020,1447418843,207VF0040X,303091632,
2020,1023277498,207VE0102X,233204985,
2020,1730347154,207VX0201X,958165616,
2020,1114186533,207VE0102X,787051223,
2020,1811156185,207VF0040X,532272468,
2020,1497914774,207VE0102X,118034918,
2020,1548429798,174400000X,371675688,
2020,1821257056,207VM0101X,331732596,
2020,1235398439,207VX0201X,906021048,
2020,1780843995,207VM0101X,392021651,
2020,1295994366,207V00000X,782293931,
2020,1376702407,207VE0102X,071032425,
2020,1942469986,207VE0102X,117662050,
2020,1982863965,207VE0102X,10021,
2020,1699934653,207VE0102X,117954418,
2020,1063671014,207VE0102X,117551000,
2020,1366601395,207VE0102X,110303502,
2020,1588828248,207VM0101X,77030,
2020,1285898882,207VF0040X,105835015,
2020,1902060569,207VE0102X,068803951,
2020,1841454303,207VX0201X,601533328,
2020,1265696660,207VM0101X,956303832,
2020,1972767382,207VE0102X,794101347,
2020,1194989574,207VM0101X,445126434,
2020,1912161233,207VE0102X,926608725,
2020,1851555056,207VM0101X,074707045,
2020,1700040946,207VE0102X,432142300,
2020,1215191259,207V00000X,974778803,
2020,1033373139,207VX0201X,850164880,
2020,1891959862,207VX0201X,85234,
2020,1467609842,207VE0102X,106012214,
2020,1083861462,207VE0102X,115303322,
2020,1891943262,207VX0201X,100656007,
2020,1013165273,207VE0102X,200061003,
2020,1083862247,207VX0201X,076664245,
2020,1518115559,207VX0201X,443021704,
2020,1306094503,207VE0102X,809103141,
2020,1316195373,207VX0201X,314046220,
2020,1083862882,207VX0201X,29909,
2020,1164675609,207VE0102X,100215663,
2020,1467605766,207V00000X,900950001,
2020,1023261237,207V00000X,481094276,
2020,1699928788,207VM0101X,100321559,
2020,1750520516,207VX0201X,982011621,
2020,1013157734,207VG0400X,021156110,
2020,1013159029,207V00000X,55125,
2020,1003058025,207V00000X,981950001,
2020,1730322702,207VX0201X,972102900,
2020,1346483260,207V00000X,800452545,
2020,1003059825,207VE0102X,327467682,
2020,1932342730,207VX0201X,559050001,
2020,1609019371,207VM0101X,752461707,
2020,1740423425,207VM0101X,432143908,
2020,1932342524,207VX0201X,047363567,
2020,1467695007,207VE0102X,303082212,
2020,1699918003,207V00000X,296054253,
2020,1023247335,207VX0201X,191045127,
2020,1043449275,207V00000X,483343230,
2020,1194954222,207VX0201X,381381762,
2020,1346479243,207VM0101X,115304893,
2020,1609005529,207V00000X,753909032,
2020,1265661177,207V00000X,92121,
2020,1598998262,207VE0102X,917101401,
2020,1467685826,207VE0102X,905053884,
2020,1710110135,207VM0101X,152133108,
2020,1154659621,207VE0102X,900486101,
2020,1528396967,207VX0201X,890146661,
2020,1427386804,207V00000X,78229,
2020,1447588728,207V00000X,591010905,
2020,1295063410,207VM0101X,078562325,
2020,1942532239,207VM0101X,274011027,
2020,1639401862,207SG0201X,103053436,
2020,1841512662,207VM0101X,303282048,
2020,1275855900,207V00000X,100118142,
2020,1144546151,207VE0102X,958414166,
2020,1497071310,207VM0101X,236013741,
2020,1205152154,207VF0040X,303221059,
2020,1134445919,207VE0102X,117255022,
2020,1154647956,207V00000X,194061438,
2020,1588980361,207VM0101X,077534488,
2020,1912223645,207V00000X,152242156,
2020,1114244803,207VE0102X,331461842,
2020,1487971149,207VM0101X,992042307,
2020,1114244514,207VM0101X,871062719,
2020,1336466804,207VM0101X,900153068,
2020,1083927131,207V00000X,802055437,
2020,1679886741,207V00000X,482012153,
2020,1023319076,207VX0201X,402181038,
2020,1932400801,207VE0102X,284017507,
2020,1740581545,207VM0101X,846043380,
2020,1194026690,207VX0201X,941153358,
2020,1992006407,207VX0201X,170509497,
2020,1114228590,207VM0101X,337014662,
2020,1063714459,207VM0101X,618012500,
2020,1326346065,207VX0201X,100323729,
2020,1538467196,207V00000X,410173403,
2020,1689972150,207V00000X,112016004,
2020,1356649784,207VX0201X,405361515,
2020,1891086211,207VM0101X,631101032,
2020,1952692048,207VX0201X,70112,
2020,1033400957,207VF0040X,606123845,
2020,1437440377,207VE0102X,840623159,
2020,1952692857,207V00000X,278344986,
2020,1184915068,207V00000X,450696578,
2020,1386935237,207VM0101X,640572303,
2020,1164717278,207V00000X,606123227,
2020,1689969743,207VM0101X,631081495,
2020,1841585809,207VM0101X,631081495,
2020,1619262532,207V00000X,114323632,
2020,1134415029,207V00000X,029052401,
2020,1518253350,207VX0000X,016052903,
2020,1265728042,207VM0101X,100654870,
2020,1053607770,207VE0102X,705087104,
2020,1326334053,207VM0101X,10032,
2020,1881976207,207VX0201X,104577606,
2020,1750663118,207VX0201X,303421609,
2020,1710269113,207VX0201X,454291286,
2020,1700168002,207VM0101X,454291272,
2020,1265714539,207VE0102X,117473193,
2020,1407133150,207VE0102X,11790,
2020,1811274392,207VE0102X,902663638,
2020,1548547821,207VE0102X,752045225,
2020,1760753180,207VX0201X,454092722,
2020,1881965234,207VE0102X,928431903,
2020,1992076376,207VM0101X,296073405,
2020,1174894331,207VM0101X,905034504,
2020,1902177074,207V00000X,081031438,
2020,1205107281,207V00000X,20850,
2020,1093086902,207R00000X,33143,
2020,1649536731,207VF0040X,326103003,
2020,1053677005,207VX0201X,604532416,
2020,1033475025,207VF0040X,152133108,
2020,1679839625,207VE0102X,303082212,
2020,1578829362,207VE0102X,900174005,
2020,1245596907,207VX0201X,277042555,
2020,1134485881,207VX0201X,100656007,
2020,1134485741,207VM0101X,900153068,
2020,1043571144,207VE0102X,194061438,
2020,1912268814,207V00000X,522421009,
2020,1871854604,207VE0102X,100281433,
2020,1891056677,207V00000X,958172307,
2020,1134481880,207V00000X,016052903,
2020,1922353366,207VE0102X,190875614,
2020,1255687513,207VM0101X,100323720,
2020,1528314564,207VE0102X,180208058,
2020,1871849810,207VE0102X,85718,
2020,1639420151,207VX0201X,299097506,
2020,1497006910,207VX0201X,314046220,
2020,1790036036,207VE0102X,100215663,
2020,1154672152,207V00000X,912081468,
2020,1720323496,207VM0101X,011071619,
2020,1093050601,207VM0101X,852064627,
2020,1053657346,207VM0101X,024457294,
2020,1003152208,207VX0201X,372031534,
2020,1699015503,207VM0101X,503143068,
2020,1689915258,207VE0102X,600268077,
2020,1588905020,207V00000X,235071912,
2020,1669713012,207VX0201X,936115985,
2020,1992149447,207V00000X,921232771,
2020,1164866778,207V00000X,322078432,
2020,1750725230,207V00000X,432101240,
2020,1699119198,390200000X,079013564,
2020,1386088706,207V00000X,841325000,
2020,1619311016,207V00000X,701156914,
2020,1205271632,207VM0101X,606124795,
2020,1881039121,207VX0201X,405360001,
2020,1144665423,207V00000X,910103012,
2020,1285079483,207V00000X,787585653,
2020,1578908687,207V00000X,753907208,
2020,1053756197,207VF0040X,104612720,
2020,1225477607,207V00000X,337137147,
2020,1982043998,207V00000X,606162332,
2020,1679913545,207V00000X,309120004,
2020,1437599271,207VM0101X,100323720,
2020,1144653239,207VX0201X,770541900,
2020,1699105064,207VM0101X,081033109,
2020,1285064626,207VM0101X,171012515,
2020,1881018596,207VX0201X,295793589,
2020,1003230673,207VF0040X,926607462,
2020,1225453640,207VF0040X,334104361,
2020,1245650720,207VE0102X,334373724,
2020,1952721243,207VE0102X,921039000,
2020,1730593658,207V00000X,770303000,
2020,1083028849,207VM0101X,274056713,
2020,1679987366,207T00000X,588013800,
2020,1467867119,207V00000X,45219,
2020,1295140960,207V00000X,631171811,
2020,1558776245,207VE0102X,454581840,
2020,1952700015,207VE0102X,212042363,
2020,1780088849,207VM0101X,841320001,
2020,1699179754,207VX0201X,841320100,
2020,1740685593,207V00000X,923241801,
2020,1902200710,207VE0102X,841320001,
2020,1285031492,207VM0101X,115661208,
2020,1336546480,207VM0101X,294145733,
2020,1700284882,133V00000X,442033017,
2020,1104224138,207VM0101X,605213829,
2020,1821482431,207VX0201X,466011168,
2020,1639563216,207VE0102X,066116303,
2020,1639552565,207VM0101X,379201511,
2020,1275917908,207RH0003X,740744370,
2020,1285001156,207V00000X,330281015,
2020,1972975258,207VE0102X,370676688,
2020,1477925642,207VX0201X,226012872,
2020,1639530116,207V00000X,443201178,
2020,1134576879,207VM0101X,799025814,
2020,1669829487,207VE0102X,731045018,
2020,1508219445,207VE0102X,641311150,
2020,1063865822,207VG0400X,009212213,
2020,1083166003,207VE0102X,10019,
2020,1871045815,207VE0102X,024671976,
2020,1073059671,207VM0101X,773396405,
2020,1770029399,207V00000X,H4A 3J1,
2020,1588100853,207V00000X,165022858,
2020,1497291660,207VE0102X,327467682,
2020,1306382551,207V00000X,325415384,
2020,1609317015,207VM0101X,946093424,
2020,1003341108,207VM0101X,750902508,
2020,1659881290,207VE0102X,314064600,
2020,1053880054,207VF0040X,328061124,
2020,1184189169,207VF0040X,347417560,
2020,1003371915,207VX0201X,447082614,
2020,1376008003,207VX0201X,100382612,
2020,1760947519,207VM0101X,077288651,
2020,1528523040,207V00000X,080841354,
2020,1205397940,207VE0102X,32207,
2020,1528623626,207VF0040X,077125313,
2020,1508421660,207SG0201X,347115997,
2020,1780249748,207VM0101X,85224,
2020,1790340586,207VF0040X,176012433,
2020,1407411135,207VM0101X,291694848,
2020,1164087805,207VE0102X,287049719,
2020,1639728751,207VE0102X,165071502,
2020,1730738865,207V00000X,806014004,
2020,1003466772,207VM0101X,208744413,
2020,1811531270,207V00000X,113553666,
2020,1942840699,207VE0102X,852584424,
2020,1730729211,207VE0102X,235071627,
2020,1518592823,207VX0201X,323084489,
2020,1003445396,207VM0101X,105301843,
2020,1396369443,207VM0101X,800279584,
2020,1477177533,207VM0101X,800279742,
2020,1972127934,207VM0101X,801222602,
2020,1306460464,207VM0101X,800124512,
2020,1790309763,207VM0101X,802203908,
2020,1659995603,207VM0101X,801245522,
2020,1275142648,207VX0201X,871064051,
2020,1538774229,207VX0201X,809094533,
2020,1184221434,207VX0201X,802105856,
2020,1407454655,207VX0201X,441950001,
2020,1184627549,207VM0101X,80033,546015429
2020,1912906702,207VM0101X,334143183,334102911
2020,1649279969,207VM0101X,708175100,708154114
2020,1144212424,207V00000X,641115929,641113220
2020,1700879699,207VM0101X,27889,285014932
2020,1760470959,207V00000X,271574597,277054597
2020,1750363255,207VM0101X,850311237,853087142
2020,1609858224,207VM0101X,972393011,936116886
2020,1073590287,207V00000X,199046920,199634366
2020,1851378871,207VX0201X,17603,176012433
2020,1235103649,207VM0101X,936368761,285472538
2020,1174590152,207VM0101X,319011525,462561714
2020,1083682876,207V00000X,543013504,543013505
2020,1790747533,207VM0101X,765083641,782293641
2020,1255398004,207VG0400X,379201510,379201527
2020,1376500942,207V00000X,08534,08618
2020,1285671420,207VX0201X,809094533,809076819
2020,1134166200,207VG0400X,480255439,482012007
2020,1437196177,207V00000X,02115,021155724
2020,1003858952,207V00000X,75701,75701
2020,1609818657,207VM0101X,59405,594055183
2020,1477599975,207V00000X,33881,338803904
2020,1700816311,207V00000X,554264702,55455
2020,1255361739,207SG0201X,89102,722239349
2020,1992735534,207VX0201X,543013528,543013404
2020,1225053622,207V00000X,75204,996697524
2020,1568487825,207V00000X,787585614,78130
2020,1568487080,207V00000X,303033031,303183098
2020,1699780106,207V00000X,18015,972399723
2020,1407866296,207VM0101X,37604,376432848
2020,1497765556,207VM0101X,405031431,424311658
2020,1629088869,207VM0101X,405031431,424311658
2020,1518071315,207V00000X,28801,287911561
2020,1811001209,207V00000X,78758,78130
2020,1003915919,207VX0201X,101284077,100364702
2020,1972691376,207VX0201X,275990001,275180002
2020,1952499345,207VX0201X,275990001,276077505
2020,1073601365,207V00000X,275990001,276077505
2020,1518046499,207V00000X,54301,543114240
2020,1497829238,207V00000X,936368761,105322170
2020,1073671673,207V00000X,257013655,411017743
2020,1407998164,207VF0040X,94109,941104415
2020,1831230655,207V00000X,641082727,640642361
2020,1215053962,207VE0102X,95204,111041707
2020,1508078577,207VX0201X,366041405,294250100
2020,1225249568,207V00000X,328045505,76104
2020,1114138450,207V00000X,96826,96826
2020,1356531883,207V00000X,104611119,87106
2020,1841485257,207VE0102X,90404,331345722
2020,1316122476,207VM0101X,631418265,065191304
2020,1275707606,207VX0201X,977016015,977016752
2020,1912166737,207V00000X,92121,921232771
2020,1962661595,207VM0101X,452202475,410173403
2020,1457510091,207V00000X,022155400,021155724
2020,1427211374,207V00000X,941096978,941104422
2020,1386878130,207VE0102X,100193240,117972031
2020,1114155041,207V00000X,546015429,537151532
2020,1962630830,207V00000X,309096580,309120004
2020,1861715096,207V00000X,980555738,770304009
2020,1720399769,207VE0102X,90503,104577606
2020,1508177353,207VM0101X,226012841,22601
2020,1508173493,207VX0201X,284017407,285460201
2020,1366748162,101YM0800X,405361267,432101267
2020,1922304153,207V00000X,770303000,482263194
2020,1366734550,207VX0201X,191045127,191044551
2020,1538451786,207VE0102X,112153609,100236076
2020,1578855656,207V00000X,871062719,871095566
2020,1992097786,207V00000X,296054281,275144220
2020,1336431287,207VM0101X,53226,170332360
2020,1841583473,207VM0101X,100323720,100440097
2020,1679860894,207V00000X,46250,631101010
2020,1841588993,207V00000X,53715,631081402
2020,1154602670,207VE0102X,600313322,600143650
2020,1174895882,207V00000X,55905,109502923
2020,1245505478,207VM0101X,335115779,337014619
2020,1447526587,207VE0102X,941090456,462601902
2020,1831465806,207V00000X,606112955,601901222
2020,1326314055,207VM0101X,891064007,152133180
2020,1205102092,207VF0040X,441951705,943052200
2020,1942576772,207VE0102X,208924517,200102916
2020,1710253422,207VM0101X,303091754,303421606
2020,1003182734,207VM0101X,226012841,254012801
2020,1457611287,207V00000X,770304202,770544124
2020,1356602080,207V00000X,73104,731045036
2020,1013278613,207VM0101X,731208300,731124414
2020,1134484082,207VE0102X,63141,60661
2020,1225473101,390200000X,441951716,441061716
2020,1326489063,207V00000X,441950001,559050001
2020,1598185407,207V00000X,06511,065103220
2020,1215340336,207V00000X,40202,857240001
2020,1639582778,207VE0102X,10016,065103220
2020,1013320936,174400000X,086192711,190202815
2020,1194138925,207VX0201X,275144220,191076130
2020,1861894982,207RG0100X,085272156,088613396
2020,1114318474,207VX0201X,604532416,605151562
2020,1881089464,207VE0102X,35233,303101458
2020,1891175436,207V00000X,081031461,775550587
2020,1790165405,207V00000X,07920,775550587
2020,1962864298,207V00000X,331361005,322245628
2020,1528414646,207V00000X,871062719,537920001
2020,1336591858,207V00000X,770303721,63110
2020,1235646985,207VE0102X,914362612,900244003
2020,1578049417,207VX0201X,100657920,100656007
2020,1619433034,207VM0101X,75165,751655258
2020,1891355863,207V00000X,941049410,904049410
2020,1538704119,207VE0102X,902104226,931012526
2020,1518591429,363A00000X,800452545,800452541
2020,1740814441,207VE0102X,352096823,352092647
2020,1144834565,207VE0102X,366073512,325025370
2020,1609479054,207VE0102X,068802157,100222049
2020,1760470959,207V00000X,271574597,191405103
2020,1851378871,207VX0201X,17603,176012433
2020,1083682876,207V00000X,543013504,554044526
2020,1609818657,207VM0101X,59405,594055183
2020,1992735534,207VX0201X,543013528,543013505
2020,1407866296,207VM0101X,37604,152133108
2020,1518071315,207V00000X,28801,287394329
2020,1518046499,207V00000X,54301,543013528
2020,1407998164,207VF0040X,94109,949455055
2020,1215053962,207VE0102X,95204,111041707
2020,1225249568,207V00000X,328045505,76104
2020,1841485257,207VE0102X,90404,333084025
2020,1427211374,207V00000X,941096978,940404103
2020,1386878130,207VE0102X,100193240,060306227
2020,1508177353,207VM0101X,226012841,178222920
2020,1578855656,207V00000X,871062719,871241577
2020,1992097786,207V00000X,296054281,275144220
2020,1336431287,207VM0101X,53226,530959274
2020,1841588993,207V00000X,53715,631081402
2020,1154602670,207VE0102X,600313322,606302338
2020,1013278613,207VM0101X,731208300,730696665
2020,1134484082,207VE0102X,63141,622268307
2020,1861894982,207RG0100X,085272156,088731900
2020,1790165405,207V00000X,07920,775550587
2020,1619433034,207VM0101X,75165,752431912
2020,1891355863,207V00000X,941049410,941044331
2020,1144834565,207VE0102X,366073512,395409703
2020,1992735534,207VX0201X,543013528,436080000
2020,1518071315,207V00000X,28801,287394329
2020,1407998164,207VF0040X,94109,941181522
2020,1336431287,207VM0101X,53226,530514002
2020,1891355863,207V00000X,941049410,941084007
2020,1962405654,207VE0102X,660617209,
2020,1811990401,207VG0400X,761808848,
2020,1073516464,207V00000X,770242413,
2020,1467455816,207VE0102X,12110,
2020,1205839560,207V00000X,476308954,
2020,1316949621,207VE0102X,852584588,
2020,1992707293,207VM0101X,070395672,
2020,1639171903,207VF0040X,770542935,
2020,1548262819,207VM0101X,070395672,
2020,1588666879,207VE0102X,770542934,
2020,1750383048,207VM0101X,070395672,
2020,1003818394,207VG0400X,770542949,
2020,1467454751,207VM0101X,070395672,
2020,1699777953,207VE0102X,770542949,
2020,1639171838,207VX0201X,253042696,
2020,1881696037,207V00000X,283043682,
2020,1881696185,207VM0101X,070395672,
2020,1013919356,207VE0102X,770542900,
2020,1497759773,207VX0201X,379162300,
2020,1891797999,207V00000X,770542934,
2020,1104825959,207VM0101X,024457224,
2020,1114926904,207VX0201X,334013406,
2020,1386643187,207VM0101X,333162547,
2020,1902804701,207VE0102X,328044049,
2020,1255330064,207V00000X,786667546,
2020,1427057215,207V00000X,334104361,
2020,1750380549,207V00000X,282103271,
2020,1891794558,207V00000X,284036011,
2020,1851390462,207VM0101X,336134657,
2020,1083613616,207VX0201X,891182656,
2020,1376542829,207VX0201X,115014235,
2020,1710986278,207VX0201X,11580,
2020,1497754964,207VX0201X,115014235,
2020,1811996309,207VE0102X,328044049,
2020,1548269004,207VE0102X,327895500,
2020,1043219512,207VX0201X,11790,
2020,1750380150,207VM0101X,333232815,
2020,1699774091,207VM0101X,322078334,
2020,1144229733,207VX0201X,430551841,
2020,1982603296,207VM0101X,334102911,
2020,1386643609,207VM0101X,708154114,
2020,1184623514,207VX0201X,480347660,
2020,1992704357,207VM0101X,452670001,
2020,1194724559,207VM0101X,708154114,
2020,1124010525,207VM0101X,785391404,
2020,1578556858,207VM0101X,374032724,
2020,1740273036,207VE0102X,303288102,
2020,1386637619,207VE0102X,376043799,
2020,1861485146,207VM0101X,374032724,
2020,1912990292,207VE0102X,303288102,
2020,1174516215,207V00000X,115014073,
2020,1083607121,207V00000X,061051208,
2020,1992798912,207VE0102X,958172207,
2020,1508859646,207VE0102X,322168709,
2020,1972596914,207VE0102X,606081732,
2020,1215920418,207VX0201X,531885031,
2020,1538152749,207VG0400X,454593811,
2020,1750374815,207VX0201X,958172229,
2020,1962495036,207VX0201X,322096511,
2020,1093708281,207VM0101X,232336661,
2020,1417940503,207V00000X,641082640,
2020,1861485955,207VM0101X,705086949,
2020,1396738365,207V00000X,235071914,
2020,1891788709,207VG0400X,432191530,
2020,1013905884,207V00000X,151463500,
2020,1780672527,207V00000X,339194102,
2020,1811985518,207VX0201X,100166402,
2020,1588652143,207V00000X,94133,
2020,1649268137,207V00000X,347613498,
2020,1467440917,207VE0102X,174035121,
2020,1225026669,207VM0101X,466011156,
2020,1457349623,207V00000X,770704535,
2020,1699763896,207VX0201X,191405103,
2020,1033107107,207VX0201X,065191369,
2020,1962484980,207VM0101X,968261001,
2020,1750363719,207VM0101X,972256772,
2020,1447232467,207VX0201X,787051188,
2020,1255313193,207VX0201X,352491900,
2020,1669454609,207V00000X,02114,
2020,1548242423,207VE0102X,606123841,
2020,1336121169,207VM0101X,731045417,
2020,1588646269,207V00000X,333263251,
2020,1508848201,207VE0102X,322078334,
2020,1265414932,207VM0101X,750392875,
2020,1356323091,207VE0102X,967342519,
2020,1518949270,207V00000X,060300001,
2020,1487636296,207VM0101X,958172307,
2020,1790762789,207VX0201X,554162527,
2020,1104803279,207VM0101X,799023584,
2020,1285611384,207VX0201X,802204020,
2020,1770560815,207VM0101X,081082047,
2020,1174500128,174400000X,309120004,
2020,1689651614,207VE0102X,01028,
2020,1679550529,207V00000X,559050001,
2020,1518944420,207VM0101X,282043261,
2020,1194702001,207VX0201X,011071112,
2020,1447237375,207VE0102X,309120004,
2020,1407834351,207VM0101X,443081063,
2020,1356329205,207VM0101X,761044804,
2020,1275511982,207VM0101X,891092305,
2020,1568440451,207VX0201X,190901104,
2020,1780662502,207VM0101X,197132137,
2020,1902884737,207VG0400X,559050001,
2020,1780662601,207VG0400X,895112060,
2020,1093788705,207VE0102X,365321925,
2020,1538133186,207V00000X,288062343,
2020,1447223037,207V00000X,531885031,
2020,1609849330,207VG0400X,235071914,
2020,1821062456,207VE0102X,080534161,
2020,1518931161,207V00000X,288062343,
2020,1912971573,207V00000X,98405,
2020,1316911928,207VE0102X,606115975,
2020,1295709756,207VM0101X,334102911,
2020,1952375511,207VE0102X,750935841,
2020,1003880527,207VF0040X,468251675,
2020,1982678413,207VX0201X,076012191,
2020,1033183348,207VM0101X,503091416,
2020,1639143043,207VE0102X,630173662,
2020,1407820822,207VE0102X,232985051,
2020,1083688410,207V00000X,200373201,
2020,1437123866,207VE0102X,782344504,
2020,1124092556,207VE0102X,63141,
2020,1083688568,207VM0101X,503141728,
2020,1932173341,207V00000X,132032642,
2020,1821062118,174400000X,19111,
2020,1073587374,207VM0101X,100217215,
2020,1558335745,207VX0201X,152133108,
2020,1881668176,207V00000X,174035074,
2020,1609840057,207VX0201X,152242156,
2020,1851365225,207VM0101X,224018451,
2020,1255305546,207VX0201X,190901104,
2020,1841264132,174400000X,152133108,
2020,1467426502,207VM0101X,787011930,
2020,1962479071,207V00000X,554352131,
2020,1497722466,207V00000X,235071914,
2020,1922075928,207VE0102X,170509400,
2020,1477521490,103T00000X,53792,
2020,1336116391,207VG0400X,554352281,
2020,1851369854,207V00000X,641082640,
2020,1225006182,207V00000X,105322140,
2020,1215905096,207VM0101X,769035920,
2020,1326016114,207V00000X,925085077,
2020,1639147432,207VM0101X,293033098,
2020,1891763504,207VM0101X,852245296,
2020,1447228093,207VM0101X,601533328,
2020,1134197833,207VX0201X,616142851,
2020,1275501926,207V00000X,187027906,
2020,1962464396,207VM0101X,402181933,
2020,1821050352,207VM0101X,176012433,
2020,1982666343,207VE0102X,190013725,
2020,1437111747,207V00000X,984054930,
2020,1588626840,207V00000X,37604,
2020,1134181480,207VM0101X,950080664,
2020,1265494660,207VM0101X,802181216,
2020,1477515740,207VX0201X,070521000,
2020,1396707501,207VM0101X,802181216,
2020,1164484382,207VM0101X,846043380,
2020,1528020658,207VE0102X,190103121,
2020,1669434700,207VE0102X,190103121,
2020,1265494306,207VE0102X,190103121,
2020,1699737403,207VM0101X,950080664,
2020,1760444574,207VM0101X,981043586,
2020,1174585913,207V00000X,913014231,
2020,1699737437,207VM0101X,782293901,
2020,1306808381,207VX0201X,98503,
2020,1447212261,207VM0101X,972256772,
2020,1336101260,207VM0101X,495032515,
2020,1093777922,207V00000X,765080001,
2020,1639135114,207SG0201X,753907208,
2020,1114983590,207VM0101X,089011766,
2020,1548226921,207SG0201X,753907208,
2020,1710943121,207VX0201X,08043,
2020,1942266366,207VE0102X,334373724,
2020,1487610952,207VM0101X,077534862,
2020,1912963497,207V00000X,753907208,
2020,1154387637,207VM0101X,850134295,
2020,1902862121,207V00000X,921039000,
2020,1144286238,207VM0101X,89106,
2020,1942266051,207VM0101X,782584192,
2020,1336105410,207V00000X,178222920,
2020,1477519411,207VM0101X,079606390,
2020,1467418400,207VX0201X,337563432,
2020,1336105378,207VE0102X,152354566,
2020,1043276017,207VE0102X,503258143,
2020,1942266978,207VX0201X,074503316,
2020,1457318404,174400000X,372031534,
2020,1881651750,207R00000X,326103003,
2020,1548227416,174400000X,372031534,
2020,1255398079,207VG0400X,137324102,
2020,1386601003,207VE0102X,331762144,
2020,1083666721,207VX0201X,800452541,
2020,1700838505,207V00000X,105493412,
2020,1134171952,207VM0101X,837026135,
2020,1043262777,207V00000X,35233,
2020,1386696052,207VE0102X,752314339,
2020,1508819145,207VE0102X,352051200,
2020,1114979804,207VE0102X,752314339,
2020,1104879204,207VM0101X,180151155,
2020,1710930029,207VM0101X,100296501,
2020,1417900697,207VM0101X,293071058,
2020,1235182411,207VM0101X,981043586,
2020,1093768145,207VF0040X,770542935,
2020,1780637983,207VE0102X,761044062,
2020,1225081441,207VX0201X,950321551,
2020,1699728691,207VM0101X,928683217,
2020,1386697571,207V00000X,559050001,
2020,1942253174,207VM0101X,799025814,
2020,1336186501,207V00000X,021111552,
2020,1275570467,207VX0201X,841320001,
2020,1184661373,207VM0101X,392021651,
2020,1093752297,207VM0101X,392021651,
2020,1811934011,207VE0102X,392164500,
2020,1992742191,207VE0102X,02451,
2020,1265479471,207VX0201X,392021651,
2020,1043257173,207VX0201X,35233,
2020,1205873361,207V00000X,481094276,
2020,1225075393,207V00000X,48201,
2020,1629015797,207V00000X,336063603,
2020,1114964202,207VF0040X,913206439,
2020,1093752925,207V00000X,731171039,
2020,1669419198,207VG0400X,18360,
2020,1811934557,207VE0102X,021690902,
2020,1235176868,207VE0102X,024457237,
2020,1871530634,207VX0201X,303421631,
2020,1164469797,207VE0102X,132101688,
2020,1164469680,207VM0101X,48235,
2020,1023055688,207VG0400X,29407,
2020,1134166697,207VX0201X,928684306,
2020,1548207491,207VM0101X,229118835,
2020,1780621490,207VX0201X,328063910,
2020,1538106414,207VM0101X,846043380,
2020,1568409373,207VX0201X,486049515,
2020,1669419370,207RG0100X,328062028,
2020,1962449603,207VE0102X,190871824,
2020,1427095090,207V00000X,941153006,
2020,1609813211,207V00000X,482012007,
2020,1750328506,207VX0201X,956080302,
2020,1629015102,207VM0101X,323084647,
2020,1528005006,207VM0101X,381033409,
2020,1790722288,207VM0101X,480255439,
2020,1609813195,207VE0102X,601695020,
2020,1336186832,207VM0101X,50307,
2020,1952343873,207V00000X,97504,
2020,1083656912,207VX0201X,741466236,
2020,1871535708,207VE0102X,190271539,
2020,1982646121,207VX0201X,752302505,
2020,1477595510,207VX0201X,430267752,
2020,1710929864,207VX0201X,432123117,
2020,1306888383,207VE0102X,080033106,
2020,1659313633,207VX0201X,926633509,
2020,1356383343,207VX0201X,752462003,
2020,1437191608,207V00000X,19456,
2020,1881636090,207VX0201X,658075155,
2020,1093757239,207Q00000X,31082,
2020,1932141033,207VX0201X,760225934,
2020,1083656938,207VM0101X,797614572,
2020,1518909464,207VE0102X,857245078,
2020,1285676148,207VM0101X,928683217,
2020,1417999723,207R00000X,631418221,
2020,1780626093,207V00000X,288062270,
2020,1841232873,207VM0101X,537151849,
2020,1295777191,207VE0102X,229114627,
2020,1679515811,207VE0102X,731043252,
2020,1225070014,207VM0101X,600681186,
2020,1669414488,207VF0040X,181033628,
2020,1053353888,207VM0101X,117334047,
2020,1174569065,207V00000X,212011734,
2020,1427094200,207VM0101X,405360001,
2020,1447296306,207VX0201X,606371447,
2020,1740226554,207VX0201X,100217215,
2020,1366488041,207V00000X,973303876,
2020,1629014394,207VE0102X,452091900,
2020,1356387021,207V00000X,941153006,
2020,1548206139,207VM0101X,337014619,
2020,1356387096,207V00000X,212022102,
2020,1922044528,207VX0201X,303033031,
2020,1083650543,207VE0102X,606115975,
2020,1548206097,207VM0101X,13210,
2020,1699711069,207VM0101X,837048729,
2020,1467498675,207VX0201X,325048615,
2020,1164468484,207VE0102X,486025303,
2020,1578592135,174400000X,314056016,
2020,1497784169,207VE0102X,94506,
2020,1740219419,207VE0102X,94583,
2020,1851320543,207VM0101X,337014619,
2020,1871522573,207VM0101X,303082208,
2020,1255360962,207VE0102X,214013046,
2020,1508895210,207VE0102X,968261001,
2020,1407885114,207VE0102X,191075127,
2020,1942239652,207V00000X,770704347,
2020,1023047735,207VE0102X,372320001,
2020,1205865888,207VX0201X,337563432,
2020,1366471948,207VM0101X,201903219,
2020,1376573782,207VM0101X,337014662,
2020,1356371785,207VM0101X,201903219,
2020,1962432443,207VE0102X,900950001,
2020,1720018195,207VM0101X,850426551,
2020,1174553440,207VM0101X,661600001,
2020,1942230339,207VE0102X,079202976,
2020,1013947340,207VM0101X,462025149,
2020,1558391847,207VM0101X,787051156,
2020,1487684973,207V00000X,178229340,
2020,1245260637,207VM0101X,337014619,
2020,1477583771,207VE0102X,372320001,
2020,1982634341,207VX0201X,208143107,
2020,1245260884,207VX0201X,303220001,
2020,1093745366,207VE0102X,606543431,
2020,1245260686,207VM0101X,946093424,
2020,1598795940,207VM0101X,209031400,
2020,1740210806,207VM0101X,432143912,
2020,1235169244,207V00000X,016052726,
2020,1346265667,207V00000X,441061716,
2020,1851316129,207VM0101X,618012500,
2020,1568487833,207VM0101X,441091900,
2020,1700801032,207VM0101X,104662604,
2020,1871518159,207VM0101X,330654042,
2020,1669497947,207VX0201X,606115975,
2020,1588689301,207VG0400X,761044148,
2020,1467477380,207VE0102X,037561000,
2020,1568488807,207V00000X,441061716,
2020,1164447900,207VX0201X,943052200,
2020,1619992179,207VM0101X,543013526,
2020,1043235567,207VM0101X,069055315,
2020,1326063017,207VM0101X,73120,
2020,1467477844,207VM0101X,770302608,
2020,1376568709,207VF0040X,381381753,
2020,1801811237,207VF0040X,381381759,
2020,1700801388,207VX0201X,462376340,
2020,1427073048,207VX0201X,21215,
2020,1861418691,207VM0101X,606114546,
2020,1902822737,207VM0101X,606115975,
2020,1477579548,207VX0201X,661600001,
2020,1972523579,207VM0101X,92868,
2020,1417977471,207V00000X,727588602,
2020,1578583571,207VE0102X,711034228,
2020,1366462368,207VE0102X,711034010,
2020,1679593941,207V00000X,054011473,
2020,1174543698,207RC0200X,791061745,
2020,1497775241,207VM0101X,35233,
2020,1902826720,207V00000X,44106,
2020,1881615102,207VF0040X,972256634,
2020,1184644973,207VM0101X,081031461,
2020,1558381335,207VM0101X,503143068,
2020,1619997491,207VE0102X,217024425,
2020,1235159021,207VM0101X,423039774,
2020,1720009517,207VE0102X,078303027,
2020,1992726699,207V00000X,016052726,
2020,1003837527,207VM0101X,32803,
2020,1669493334,207VM0101X,142142648,
2020,1174544860,207VM0101X,142142648,
2020,1841211265,207VM0101X,112153609,
2020,1992726509,207VM0101X,841075701,
2020,1063428340,207VE0102X,80129,
2020,1841206885,207VX0201X,782293307,
2020,1548275902,207VX0201X,105322140,
2020,1295741668,207VM0101X,934548905,
2020,1851307094,207VM0101X,030602928,
2020,1346255833,207VF0040X,972256634,
2020,1770598278,207VX0201X,972393011,
2020,1659386159,207VM0101X,986641913,
2020,1255346763,207VX0201X,928683201,
2020,1427063932,207V00000X,972393011,
2020,1861408866,207VX0201X,782293786,
2020,1558377531,207VM0101X,760201597,
2020,1295740645,207VX0201X,336129416,
2020,1235145301,207VE0102X,761042820,
2020,1871508200,207VE0102X,07013,
2020,1497761894,207VE0102X,405091832,
2020,1588674386,207VM0101X,081031461,
2020,1851301485,207VE0102X,956187851,
2020,1669482212,207V00000X,773803285,
2020,1821008285,207V00000X,672182961,
2020,1528078748,174400000X,405360294,
2020,1891705059,207V00000X,75075,
2020,1871503094,207VM0101X,770542934,
2020,1386654408,207VG0400X,60068,
2020,1033129044,207VX0201X,146204159,
2020,1649280843,207V00000X,551022401,
2020,1780694653,207VG0400X,950321438,
2020,1144230251,207VM0101X,303421606,
2020,1487664595,207VX0201X,522421009,
2020,1477563302,207V00000X,921232778,
2020,1730199704,207V00000X,276101247,
2020,1538273321,207V00000X,100654870,
2020,1497869291,207V00000X,681242319,
2020,1366556185,207V00000X,214017992,
2020,1245344076,207V00000X,181036122,
2020,1629182472,207VE0102X,152133108,
2020,1497869184,207VE0102X,112153609,
2020,1437263126,207VE0102X,181042307,
2020,1689788333,207VE0102X,741194044,
2020,1518071182,207VE0102X,302403144,
2020,1760597140,207VE0102X,604671913,
2020,1679687297,207VX0201X,923543450,
2020,1386758761,207V00000X,680223913,
2020,1346354750,207VE0102X,891092307,
2020,1619081262,207VX0201X,917065806,
2020,1144334566,207VX0201X,681312137,
2020,1811005895,207VE0102X,232294942,
2020,1437267465,207VE0102X,068242852,
2020,1427166412,207VE0102X,174035121,
2020,1669580676,207VE0102X,174035121,
2020,1477662013,207VM0101X,088165823,
2020,1932218906,207VE0102X,068511080,
2020,1700995669,207VM0101X,462378601,
2020,1871602128,207VM0101X,462602495,
2020,1376652636,207VM0101X,405031431,
2020,1336258698,207VM0101X,462602495,
2020,1861501199,207VM0101X,809095533,
2020,1356450548,207VM0101X,191075701,
2020,1538278940,207VE0102X,309045806,
2020,1912016031,207VE0102X,309120004,
2020,1235248360,207VX0201X,981041306,
2020,1235248303,207VF0040X,105835059,
2020,1881798460,207VM0101X,928683217,
2020,1588768188,207VM0101X,282043261,
2020,1104921535,207V00000X,041023100,
2020,1588769608,207VE0102X,381202353,
2020,1720183049,207VX0201X,770304009,
2020,1790880177,207VM0101X,436082603,
2020,1346345725,207VM0101X,445126778,
2020,1043315443,207VM0101X,19046,
2020,1245335652,207VE0102X,07649,
2020,1710082987,207VE0102X,381202353,
2020,1881799088,207VE0102X,366073520,
2020,1790880896,207VE0102X,381202353,
2020,1609971738,207VE0102X,37421,
2020,1972602886,207VX0000X,288032493,
2020,1750480380,207VX0201X,323088417,
2020,1093814022,207VM0101X,928062020,
2020,1821198714,207VX0201X,605213765,
2020,1053411967,207VE0102X,951244113,
2020,1669572434,207VM0101X,29607,
2020,1881793933,207VM0101X,334343988,
2020,1376642777,207VM0101X,301066810,
2020,1528167590,207VE0102X,314112955,
2020,1457450439,207Q00000X,916022236,
2020,1215036215,170100000X,917761213,
2020,1003916016,207VE0102X,900950001,
2020,1568561611,207VM0101X,334343988,
2020,1629161252,207VE0102X,450696331,
2020,1487747283,207V00000X,081031438,
2020,1023101599,207VE0102X,07604,
2020,1114010097,207V00000X,605407429,
2020,1356434989,207V00000X,021142621,
2020,1588759062,207VM0101X,90015,
2020,1477647840,207VX0000X,871244740,
2020,1184718280,207VM0101X,937108610,
2020,1902990260,207VX0201X,62702,
2020,1568556702,207Q00000X,010282712,
2020,1629166582,207VX0201X,482022608,
2020,1821187832,207VX0201X,770302717,
2020,1750470696,207VX0201X,554332598,
2020,1487742888,207VX0201X,275990001,
2020,1144318569,207VM0101X,275990001,
2020,1871681247,207VC0200X,871024517,
2020,1679661045,207VM0101X,190133902,
2020,1457449852,207VX0201X,275990001,
2020,1689762072,207VM0101X,275990001,
2020,1316035694,207VM0101X,275990001,
2020,1992893200,207VE0102X,660617218,
2020,1790873016,207V00000X,61104,
2020,1790873008,207VM0101X,441061716,
2020,1992893390,207VE0102X,275990001,
2020,1780772020,207V00000X,07901,
2020,1750479044,207V00000X,275198617,
2020,1568550986,207VE0102X,630173662,
2020,1104914324,207VE0102X,770744337,
2020,1295823474,207VM0101X,100191147,
2020,1730263930,207VM0101X,902622646,
2020,1346324969,207VX0201X,46260,
2020,1063596468,207VX0201X,482022608,
2020,1538243837,207V00000X,405099087,
2020,1528141124,207VM0101X,196013501,
2020,1588748933,207VE0102X,992012262,
2020,1780768176,207V00000X,55454,
2020,1053495341,207VM0101X,181036122,
2020,1245314301,207VM0101X,277054597,
2020,1831273937,207VE0102X,852584422,
2020,1407930514,207VX0201X,212011544,
2020,1972687010,207VX0201X,079321049,
2020,1326122375,207VE0102X,443041594,
2020,1942384839,207V00000X,282043261,
2020,1417036963,207VE0102X,97239,
2020,1043399454,207VE0102X,100221791,
2020,1861571150,207VE0102X,48912,
2020,1730268095,207VM0101X,980044623,
2020,1154400430,207VE0102X,48912,
2020,1568541878,207VM0101X,014532205,
2020,1164591301,207VE0102X,60612,
2020,1043384282,207VX0201X,229080001,
2020,1134293954,207VM0101X,850164800,
2020,1407920549,207Q00000X,392164606,
2020,1184798027,207VE0102X,341081948,
2020,1912065772,207VM0101X,334146134,
2020,1578621900,207VM0101X,975048179,
2020,1043378623,207VE0102X,681386804,
2020,1407914708,207V00000X,02169,
2020,1346309549,207VE0102X,132052548,
2020,1508925611,207VM0101X,995084661,
2020,1508929506,207V00000X,212022001,
2020,1073677803,207VE0102X,499132134,
2020,1811051592,207VF0040X,112091811,
2020,1760546311,207VE0102X,992012262,
2020,1356405021,207VX0201X,372031534,
2020,1215091905,207V00000X,018050001,
2020,1922162551,207VM0101X,606127313,
2020,1245394766,207VE0102X,125242264,
2020,1881758399,207VM0101X,100191147,
2020,1902954829,207VE0102X,921202507,
2020,1063560993,207VE0102X,923356720,
2020,1235287020,207VE0102X,921202507,
2020,1093863938,207V00000X,951282604,
2020,1053469023,207VE0102X,914025423,
2020,1528116514,207V00000X,968132496,
2020,1144378670,207VM0101X,968143801,
2020,1124176987,207VM0101X,601232300,
2020,1659429686,207V00000X,902422814,
2020,1487702460,207VE0102X,921202507,
2020,1851442792,207VE0102X,900173901,
2020,1912058041,207V00000X,454594094,
2020,1942351978,207VE0102X,928431903,
2020,1356492383,207V00000X,208542942,
2020,1386795144,207VE0102X,90025,
2020,1972654895,207VG0400X,841320001,
2020,1659422376,207VM0101X,104577606,
2020,1457403107,207VE0102X,22003,
2020,1548307671,207VE0102X,190133902,
2020,1982740510,207VM0101X,176012433,
2020,1326185604,207V00000X,80204,
2020,1023155868,207VM0101X,113552162,
2020,1578600565,207V00000X,468251675,
2020,1194862011,207V00000X,180151155,
2020,1861539538,207RH0003X,801114726,
2020,1710024344,207VE0102X,940871022,
2020,1184761728,207Q00000X,785031209,
2020,1336286889,207VE0102X,900173901,
2020,1003958539,207V00000X,537920001,
2020,1932240884,207VE0102X,100222410,
2020,1013059781,207VX0201X,606112914,
2020,1174665756,174400000X,95204,
2020,1770624629,207VM0101X,532264216,
2020,1770625378,207VE0102X,900352951,
2020,1528109311,207VE0102X,945072771,
2020,1821139650,207V00000X,917632328,
2020,1942342654,207VM0101X,658042265,
2020,1568504298,207VE0102X,132052548,
2020,1134261985,207VE0102X,208144712,
2020,1033251889,207V00000X,900062802,
2020,1407981160,207V00000X,198053165,
2020,1063547644,207VE0102X,923241801,
2020,1497880967,207VE0102X,170509400,
2020,1801921192,207VE0102X,46060,
2020,1831224369,207VX0201X,984055016,
2020,1538294830,207VE0102X,22003,
2020,1922139880,207VM0101X,482362167,
2020,1184756884,207VE0102X,926121428,
2020,1659403038,207V00000X,782369907,
2020,1871619825,207VM0101X,462561621,
2020,1962528257,207VE0102X,30342,
2020,1427174028,207VE0102X,077406303,
2020,1396865697,207VE0102X,78258,
2020,1174643357,207V00000X,372031852,
2020,1407976996,207VE0102X,900256646,
2020,1508986795,207V00000X,333241063,
2020,1306062047,207VM0101X,631171818,
2020,1548487143,207VM0101X,907102076,
2020,1821215120,174400000X,337591353,
2020,1376760850,207VM0101X,770302348,
2020,1336351352,207VG0400X,986839591,
2020,1245442177,207VE0102X,460323008,
2020,1750593448,207VG0400X,800452545,
2020,1437361037,207VX0201X,142630001,
2020,1770795429,207VM0101X,212870005,
2020,1568674208,207VM0101X,841075701,
2020,1497967079,207VG0400X,11206,
2020,1881806719,174400000X,60031,
2020,1831301308,207VC0200X,191413018,
2020,1033321658,207VM0101X,850134224,
2020,1952513483,207VE0102X,62702,
2020,1013129642,207VE0102X,80524,
2020,1902018534,207VE0102X,208503323,
2020,1356558050,207VG0400X,178227709,
2020,1902013600,207V00000X,212870005,
2020,1578770160,207VG0400X,208523905,
2020,1821205451,207RH0003X,372031632,
2020,1851508436,207VX0201X,079621956,
2020,1053528299,207V00000X,328032948,
2020,1881805679,207V00000X,891181840,
2020,1235340720,207VE0102X,342331504,
2020,1134330673,207V00000X,912064106,
2020,1285845735,207V00000X,958211618,
2020,1912118324,207VX0201X,303322200,
2020,1588875009,207V00000X,47630,
2020,1386855674,207V00000X,432212800,
2020,1073724589,207V00000X,752302505,
2020,1922219336,207VX0201X,115014235,
2020,1831300243,207VX0201X,081031461,
2020,1871704171,207VF0040X,209101467,
2020,1093926396,207VF0040X,329402240,
2020,1154532331,207VM0101X,31404,
2020,1720299928,207VE0102X,904042429,
2020,1629289830,207VM0101X,443081063,
2020,1578764742,207VE0102X,337021457,
2020,1023219219,207VF0040X,076491600,
2020,1508067638,207VE0102X,891092307,
2020,1417152984,207V00000X,054011473,
2020,1700081247,207PE0004X,708175100,
2020,1497950836,207VE0102X,75204,
2020,1588869994,207V00000X,212011544,
2020,1790980142,207V00000X,339057809,
2020,1104021559,207V00000X,276148494,
2020,1609071059,207V00000X,14623,
2020,1912102229,207V00000X,601533328,
2020,1558566950,207VM0101X,750937939,
2020,1417152604,207VM0101X,370151601,
2020,1033314422,207VX0000X,301145256,
2020,1841495249,207VM0101X,482012007,
2020,1508061813,207VG0400X,482012013,
2020,1447455654,207VE0102X,47630,
2020,1346445459,207RH0003X,704337209,
2020,1669677761,207VE0102X,352332110,
2020,1740485762,207V00000X,021182371,
2020,1205031077,207V00000X,288032868,
2020,1730379934,207V00000X,750936383,
2020,1639369424,207VE0102X,358014205,
2020,1164612933,207VE0102X,44636,
2020,1508056490,207V00000X,328061014,
2020,1912197641,207VX0201X,323085479,
2020,1104016781,207VM0101X,951282604,
2020,1154515849,207VM0101X,532263522,
2020,1790970416,207VM0101X,934051899,
2020,1992999619,207VE0102X,100073001,
2020,1508051020,207V00000X,984031646,
2020,1184819799,207VE0102X,782293717,
2020,1386839819,207VF0040X,850161302,
2020,1396930814,207V00000X,559050001,
2020,1841485273,207VE0102X,110421011,
2020,1144415480,207VM0101X,222053601,
2020,1952580235,207V00000X,900950001,
2020,1912186289,207VX0201X,847902579,
2020,1669651998,207VE0102X,331762144,
2020,1962682021,207VX0201X,151431405,
2020,1164602231,207V00000X,328061014,
2020,1336324334,207VM0101X,912064092,
2020,1790960847,207V00000X,303082208,
2020,1952586018,207VF0040X,029034829,
2020,1871778951,207VE0102X,10016,
2020,1689859605,207VM0101X,782584084,
2020,1124204946,207VX0201X,559050001,
2020,1831375740,207VE0102X,070395672,
2020,1164692265,207VX0201X,496842009,
2020,1699945790,207VE0102X,443041437,
2020,1881864023,207VE0102X,495257007,
2020,1841460862,207VM0101X,606115975,
2020,1780854703,207VM0101X,100323720,
2020,1689844458,207VE0102X,100215663,
2020,1558534313,207VM0101X,543013528,
2020,1992978712,207V00000X,841241228,
2020,1073787750,207VX0201X,176012644,
2020,1760656508,207V00000X,462602053,
2020,1023282647,207VE0102X,48105,
2020,1871767384,207VM0101X,921039000,
2020,1548434061,207V00000X,331361101,
2020,1396919924,207VE0102X,891175865,
2020,1508030958,207V00000X,701122256,
2020,1649444050,207VX0201X,923542804,
2020,1245499110,207VX0201X,392164111,
2020,1134388002,207V00000X,336134657,
2020,1366601338,207VE0102X,117728809,
2020,1144489972,207VF0040X,800452545,
2020,1164681987,207VG0400X,78258,
2020,1700045531,207VM0101X,100296501,
2020,1326207143,207VE0102X,331434806,
2020,1538328190,207VE0102X,122111961,
2020,1821257494,207VM0101X,022155400,
2020,1881853349,207VE0102X,800452545,
2020,1871752329,207VG0400X,20817,
2020,1174782635,207VF0040X,333313609,
2020,1396904876,207V00000X,921039000,
2020,1851550305,207V00000X,294250100,
2020,1184884645,207V00000X,559050001,
2020,1538329040,207V00000X,105801404,
2020,1619137924,207VX0201X,708154114,
2020,1912167313,207VX0201X,850544502,
2020,1386804789,207VM0101X,117339254,
2020,1457511966,207VM0101X,604532654,
2020,1992965354,207VX0201X,945982512,
2020,1639332984,207VE0102X,054011473,
2020,1104089382,207VE0102X,800452545,
2020,1447413505,207VF0040X,029052401,
2020,1205099496,207V00000X,405360001,
2020,1003079013,207V00000X,55435,
2020,1255594255,207VE0102X,200373201,
2020,1427211366,207VX0201X,122081742,
2020,1144484072,207VM0101X,857240001,
2020,1023272986,207VE0102X,181042307,
2020,1790949600,207V00000X,229080001,
2020,1669636437,207V00000X,117334079,
2020,1487818134,207V00000X,481081649,
2020,1881843027,207V00000X,44195,
2020,1841449915,207VX0201X,232294942,
2020,1740439702,207VX0201X,840496702,
2020,1265686794,207VM0101X,100323720,
2020,1598919904,207VE0102X,452425545,
2020,1962656389,207VE0102X,068511080,
2020,1417101668,207V00000X,900890121,
2020,1861647927,207V00000X,296054281,
2020,1184878209,207V00000X,234516185,
2020,1760637870,207VE0102X,325718790,
2020,1487809588,207V00000X,468251675,
2020,1003053729,207VE0102X,070304907,
2020,1003053539,207VX0201X,100214156,
2020,1639317175,207VM0101X,072023674,
2020,1750529244,207VX0201X,984055016,
2020,1528202843,207VE0102X,212373930,
2020,1609010875,207VM0101X,443081063,
2020,1477797686,207SG0201X,009092307,
2020,1922232172,207V00000X,800452545,
2020,1801020920,207V00000X,481036201,
2020,1205060381,207VX0201X,372324000,
2020,1497989594,207VE0102X,462564644,
2020,1144454166,207VE0102X,222031613,
2020,1821222993,207V00000X,113555045,
2020,1073747176,207VM0101X,934014170,
2020,1346474202,207VM0101X,065191369,
2020,1386878254,207VM0101X,197132137,
2020,1669606521,207V00000X,041066914,
2020,1780818575,207V00000X,741352527,
2020,1265660302,207V00000X,680223913,
2020,1275761314,207V00000X,900331029,
2020,1780812586,207VG0400X,329402239,
2020,1477781334,207V00000X,294258908,
2020,1245469865,207VM0101X,92123,
2020,1265765812,207VX0201X,770304009,
2020,1316270846,207VM0101X,189601548,
2020,1841523248,207VE0102X,553697073,
2020,1457684995,207VM0101X,703014847,
2020,1750617361,207VM0101X,616370001,
2020,1750618385,207VX0201X,191431805,
2020,1467789792,207V00000X,941432350,
2020,1447572995,207VM0101X,844033195,
2020,1205159316,207VM0101X,277054597,
2020,1972820322,390200000X,240132222,
2020,1619294998,207VM0101X,741359923,
2020,1043537145,390200000X,007256184,
2020,1679890719,207VM0101X,841320001,
2020,1174840185,207V00000X,480835333,
2020,1871810994,207VM0101X,935502034,
2020,1922325976,207VX0201X,900480750,
2020,1568789337,207VM0101X,022155400,
2020,1982921730,207V00000X,100166402,
2020,1629389754,207VE0102X,443041496,
2020,1508177718,207V00000X,775843490,
2020,1699086504,207V00000X,532272409,
2020,1508177593,207VM0101X,652018104,
2020,1548571540,207V00000X,379201520,
2020,1578874392,207V00000X,191045502,
2020,1740591502,207VM0101X,681980001,
2020,1386955037,207V00000X,97225,
2020,1558672170,207VE0102X,543116519,
2020,1902114747,207VM0101X,061172402,
2020,1922316660,207VE0102X,782583917,
2020,1881902492,207VM0101X,024457224,
2020,1164722401,207V00000X,750346008,
2020,1770883050,207VE0102X,902120861,
2020,1932405776,207VM0101X,641113220,
2020,1861798282,207VM0101X,331732596,
2020,1689970972,207VX0201X,335115307,
2020,1528350717,207VM0101X,021111552,
2020,1972895092,207VX0201X,10461,
2020,1780976837,207VM0101X,072023674,
2020,1558653451,207VX0201X,800452545,
2020,1962794743,207VX0201X,19090,
2020,1336431139,207VM0101X,537182913,
2020,1962794818,207V00000X,481094276,
2020,1801188503,207VX0201X,365423461,
2020,1174815880,207V00000X,752512213,
2020,1740572361,207VM0101X,77030,
2020,1982992095,207V00000X,190901104,
2020,1053609867,207VM0101X,076664245,
2020,1073801965,207VX0201X,37403,
2020,1003196692,207VM0101X,908134508,
2020,1962783324,207VM0101X,454092722,
2020,1124303466,207RH0003X,463073676,
2020,1487939732,207RH0003X,466011033,
2020,1376828426,207VE0102X,117473193,
2020,1942586987,207V00000X,402411071,
2020,1740551506,207VE0102X,750346050,
2020,1659643278,207VM0101X,115014064,
2020,1295000370,207V00000X,554044514,
2020,1558636670,207VM0101X,402025700,
2020,1730454851,207VE0102X,402025700,
2020,1457627507,207VM0101X,841241228,
2020,1467727586,207VX0201X,402025700,
2020,1578839676,207VF0040X,106011559,
2020,1295001105,207VM0101X,841075701,
2020,1982970802,207V00000X,331761483,
2020,1194091074,390200000X,603016401,
2020,1467728337,207VM0101X,077534488,
2020,1982970877,207V00000X,940631433,
2020,1811263510,207RH0003X,07601,
2020,1326314071,207VM0101X,021184001,
2020,1487920187,207RH0003X,074171368,
2020,1760758411,390200000X,330734397,
2020,1023378726,207V00000X,571051503,
2020,1992065692,207VE0102X,920930633,
2020,1578824033,207V00000X,454291264,
2020,1598026171,207V00000X,559050001,
2020,1043571599,207VE0102X,917632328,
2020,1467717553,207RH0003X,432144359,
2020,1245595214,207VE0102X,276177884,
2020,1013272004,207VX0201X,296504926,
2020,1528323268,207RH0003X,32256,
2020,1053661900,207VE0102X,110241526,
2020,1417291451,207V00000X,392021651,
2020,1033453600,207V00000X,537151507,
2020,1396089900,207VX0201X,571044663,
2020,1497099857,207VF0040X,104611900,
2020,1811237308,207R00000X,220412897,
2020,1932449063,207VG0400X,00935,
2020,1982049029,207V00000X,681242372,
2020,1407291446,207V00000X,981950001,
2020,1326483173,207VE0102X,762446846,
2020,1922443688,207VE0102X,604352879,
2020,1144665670,207Q00000X,393502180,
2020,1215377361,207VX0201X,100656306,
2020,1134569148,207VG0400X,77555,
2020,1457791485,207VE0102X,917101401,
2020,1942641865,207VX0201X,181042258,
2020,1841631520,207R00000X,84108,
2020,1386079481,207VX0201X,631171858,
2020,1992133250,207RX0202X,193179041,
2020,1629406988,207V00000X,193179041,
2020,1700215670,207VE0102X,015272622,
2020,1295158244,207VE0102X,782583992,
2020,1144643081,207V00000X,402021622,
2020,1528481348,176B00000X,112373904,
2020,1386067957,207VE0102X,852584587,
2020,1144644634,207VE0102X,334862349,
2020,1669896163,207VX0201X,208506361,
2020,1851710081,207VM0101X,021111552,
2020,1134548399,207VM0101X,787011907,
2020,1013325125,207VE0102X,208524219,
2020,1194126888,207VM0101X,126013912,
2020,1932504750,207VM0101X,299097506,
2020,1306241831,207V00000X,941332122,
2020,1619372786,207VX0201X,801222648,
2020,1295126779,207VE0102X,334333453,
2020,1104217561,207VG0400X,330644443,
2020,1629469747,207VF0040X,176012433,
2020,1396130357,207VE0102X,852584587,
2020,1871989749,207VF0040X,200103017,
2020,1477933091,207VE0102X,770463726,
2020,1841674264,207V00000X,284038052,
2020,1356725642,207VX0201X,100656007,
2020,1225408248,207VM0101X,123094725,
2020,1033575956,207VE0102X,949455056,
2020,1861854788,207VX0201X,240141838,
2020,1922460799,207VX0201X,441950001,
2020,1780046649,207VE0102X,100214917,
2020,1760844070,207VM0101X,104611900,
2020,1598110991,207VM0101X,559050001,
2020,1033561824,207RX0202X,281442736,
2020,1932654886,207VX0201X,23226,
2020,1265987036,207VG0400X,201765179,
2020,1902348139,207VX0201X,201662247,
2020,1598207102,207VG0400X,080539402,
2020,1639604440,207VX0201X,040747171,
2020,1154856896,207VF0040X,12603,
2020,1154851368,207VE0102X,02459,
2020,1437675550,207VE0102X,522421009,
2020,1609393537,207VM0101X,91307,
2020,1013427871,207VX0201X,105984432,
2020,1447760186,207VM0101X,220302208,
2020,1811407489,207VE0102X,926608725,
2020,1083124721,207VM0101X,201903219,
2020,1073012407,207VE0102X,752481983,
2020,1831699966,207VX0201X,300136320,
2020,1558868570,207V00000X,158012277,
2020,1306338017,207VX0201X,662052003,
2020,1063904530,207VE0102X,941051535,
2020,1568954147,207V00000X,72205,
2020,1720570922,207VM0101X,11572,
2020,1396221248,207VF0040X,296075265,
2020,1578049052,207VE0102X,750344199,
2020,1538645908,207VE0102X,300922203,
2020,1790261055,207VE0102X,319093011,
2020,1093296824,207VF0040X,30606,
2020,1811463904,163WM0102X,782131500,
2020,1003382847,207RC0200X,10601,
2020,1659837896,207VM0101X,T3Z3P3,
2020,1861958985,207VE0102X,928791389,
2020,1861958688,207VE0102X,530-0026,
2020,1255893277,207VM0101X,317926198,
2020,1316501125,207VE0102X,450696331,
2020,1851955421,207VF0040X,852592687,
2020,1669036240,207VE0102X,980043739,
2020,1942864467,207VM0101X,372063531,
2020,1518521905,207VM0101X,276148494,
2020,1659936011,207VX0201X,274104112,
2020,1598320830,207VF0040X,276148494,
2020,1093369530,207VX0201X,280544725,
2020,1245889617,207VF0040X,797015856,
2020,1093350340,207VE0102X,117532109,
2020,1235779299,207VX0201X,782294402,
2020,1720612492,207VM0101X,276077505,
2020,1801421375,207VE0102X,274011448,
2020,1457986937,207VE0102X,282044397,
2020,1689282345,207VM0101X,388215500,
2020,1487268223,207VE0102X,782583222,
2020,1235743071,207VE0102X,750013268,
2020,1295349041,207VE0102X,787051122,
2020,1891308607,207VE0102X,785043968,
2020,1568060689,207VM0101X,291694848,
2020,1710580949,207VX0201X,489121800,
2020,1982609418,207VX0201X,331334214,336076390
2020,1588665525,207VM0101X,274031127,232985051
2020,1902807878,207VF0040X,386715306,381381775
2020,1790786416,207VX0201X,07103,10016
2020,1467453159,207VM0101X,105801404,068306088
2020,1528069861,207V00000X,19001,190471224
2020,1639165368,207V00000X,957578145,121102490
2020,1538156187,207VX0201X,319048915,468251603
2020,1740261973,207VE0102X,352331802,277139089
2020,1669453841,207VM0101X,922624876,328277402
2020,1881679439,207VX0201X,282072134,280252948
2020,1760467252,207VX0201X,85259,322241865
2020,1376528729,207V00000X,197180001,198073019
2020,1124003579,207V00000X,271032930,287049721
2020,1306821590,207VG0400X,347111978,551251712
2020,1952386195,207V00000X,170332036,196059467
2020,1346211323,207RH0003X,727034005,727588602
2020,1881665495,207V00000X,926183734,482012020
2020,1043285752,207SG0202X,895028400,895021181
2020,1558336909,207VE0102X,322569111,328061124
2020,1568421717,207V00000X,799052707,799113602
2020,1881653046,207VE0102X,211335103,212373901
2020,1699734863,207V00000X,288062207,287792747
2020,1093774234,207V00000X,288013266,287911560
2020,1639134588,207V00000X,11434,114351879
2020,1588629570,207V00000X,571086030,571051063
2020,1629021159,207RH0000X,761044611,761324101
2020,1205880911,207V00000X,14626,146264607
2020,1407895741,207V00000X,02445,121802480
2020,1366481244,207VM0101X,314046268,314046200
2020,1013956903,207VM0101X,31404,314046200
2020,1760421382,174400000X,479054917,606222850
2020,1912940982,207VM0101X,284036022,284122207
2020,1093758963,207VX0201X,275990001,276077505
2020,1003859901,207SG0201X,782365638,757012041
2020,1578590469,207VX0000X,303180921,300336149
2020,1801823547,174400000X,923542804,958154305
2020,1215969613,207VX0201X,282072134,280252948
2020,1437181831,207VM0101X,282042963,282072134
2020,1205854049,207VM0101X,94109,949455055
2020,1326066267,207V00000X,334071901,334071901
2020,1881616365,207VM0101X,200601734,212011734
2020,1659394609,207VG0400X,700063000,705086908
2020,1366555377,207VM0101X,181036122,185101724
2020,1689787293,207V00000X,016052903,054011473
2020,1003923095,207VM0101X,229082824,227013959
2020,1962508218,207VM0101X,936368761,436063895
2020,1841396116,207V00000X,77030,77030
2020,1326144940,207VX0201X,081031461,080434689
2020,1881774313,207VM0101X,850134295,229082805
2020,1598834111,207V00000X,021184001,037560001
2020,1851460315,207VM0101X,468451707,463074859
2020,1972673929,207V00000X,326103003,181036122
2020,1972673879,207VM0101X,921303061,443081063
2020,1154487403,207V00000X,10601,775984243
2020,1063560969,207V00000X,029042615,752314387
2020,1265572093,207V00000X,170509422,174035074
2020,1730302175,207VE0102X,59101,661608500
2020,1184844011,174400000X,950080665,065208063
2020,1821217191,207VE0102X,080534161,190013714
2020,1093920332,207VM0101X,152133108,462561714
2020,1154539062,207V00000X,232191901,232351962
2020,1710196589,207VX0201X,314056023,314056093
2020,1306055025,207VX0201X,299105154,299105154
2020,1063615185,207VX0201X,94109,941181506
2020,1992908198,207V00000X,181036122,185101724
2020,1902009616,207VM0101X,372322519,372043609
2020,1689871543,207V00000X,372320001,372320005
2020,1396943965,207V00000X,80112,80220
2020,1396943973,207VX0201X,30501,303421626
2020,1235313867,207V00000X,92868,981950001
2020,1205010980,207V00000X,782344504,02118
2020,1184808651,207VM0101X,984054930,285472538
2020,1043488265,207V00000X,372325100,372043609
2020,1568635589,207V00000X,537151507,436063896
2020,1912165259,207V00000X,95816,952046005
2020,1639336019,207V00000X,402074681,424311658
2020,1811155922,207V00000X,18103,19096
2020,1679736227,207VM0101X,94109,941104422
2020,1326201906,207RC0200X,021156110,021902432
2020,1104089655,207V00000X,904042111,928683217
2020,1033372321,207V00000X,554265000,554073723
2020,1578716304,207VF0040X,95350,132101651
2020,1972745586,207V00000X,031033502,55455
2020,1740422401,207VM0101X,029034829,027471280
2020,1265674782,207V00000X,12211,481087682
2020,1528200904,207V00000X,44143,441462711
2020,1467682690,207VX0201X,606112914,275144220
2020,1093039869,207VX0201X,53227,53227
2020,1679897540,207V00000X,191075127,080122453
2020,1720303126,207VX0201X,15224,150908344
2020,1063731669,207VM0101X,191044238,085361915
2020,1245559848,207V00000X,152133108,152133005
2020,1518286061,207VX0201X,275144220,276077505
2020,1639498801,207V00000X,065115593,606112914
2020,1619296779,207VG0400X,930303722,93036
2020,1750600961,207V00000X,606371443,152133108
2020,1740509728,207VF0040X,917903964,900953676
2020,1366752107,207V00000X,936116885,330635755
2020,1235438037,207V00000X,170332086,170332360
2020,1013201409,207VX0201X,15213,150907376
2020,1932493293,207VE0102X,10577,450692509
2020,1427342294,207VX0201X,90095,900952562
2020,1891089785,207VE0102X,926602956,900958358
2020,1851679765,207V00000X,857240001,857191478
2020,1003194853,207V00000X,78758,78130
2020,1770840274,207VM0101X,022155400,100323720
2020,1043577448,207V00000X,476307909,142213647
2020,1912260373,207VX0201X,27599,276077505
2020,1861755092,207V00000X,951244113,945382299
2020,1285997239,207VX0201X,543116519,923241801
2020,1548516396,207V00000X,17015,174035074
2020,1205179611,207VX0201X,190963437,190635139
2020,1982947149,207VX0201X,98133,622583411
2020,1528301785,207VM0101X,761042133,212870005
2020,1790128957,207V00000X,152133108,921039000
2020,1598108615,207V00000X,602011700,212871824
2020,1437595758,207VE0102X,80045,021156110
2020,1235575218,207VE0102X,35249,35249
2020,1598154387,207VM0101X,271571509,973551509
2020,1447625009,363L00000X,600451658,606543431
2020,1124487210,207RC0000X,196111495,196103221
2020,1528413762,207VX0201X,537920001,554550341
2020,1043734619,207VE0102X,352092647,352096823
2020,1255840674,207VE0102X,352092647,352096823
2020,1508375825,207VE0102X,352092647,352096823
2020,1801389614,207VX0201X,115721551,101281233
2020,1063995710,207VX0201X,191405103,191182722
2020,1770050221,207VE0102X,846041354,840623163
2020,1225502826,207VE0102X,253022344,253022344
2020,1871067116,207VF0040X,191405103,191036231
2020,1548727928,207VX0201X,917541242,917541242
2020,1902807878,207VF0040X,386715306,356132602
2020,1881679439,207VX0201X,282072134,280013417
2020,1760467252,207VX0201X,85259,850544502
2020,1376528729,207V00000X,197180001,197099602
2020,1124003579,207V00000X,271032930,282044397
2020,1952386195,207V00000X,170332036,170332360
2020,1558336909,207VE0102X,322569111,322587418
2020,1568421717,207V00000X,799052707,799025806
2020,1629021159,207RH0000X,761044611,760636426
2020,1205880911,207V00000X,14626,146264607
2020,1407895741,207V00000X,02445,123094725
2020,1912940982,207VM0101X,284036022,284516430
2020,1003859901,207SG0201X,782365638,782293641
2020,1215969613,207VX0201X,282072134,282042990
2020,1437181831,207VM0101X,282042963,282787565
2020,1205854049,207VM0101X,94109,946091710
2020,1881616365,207VM0101X,200601734,212011734
2020,1003923095,207VM0101X,229082824,229080001
2020,1851460315,207VM0101X,468451707,462378601
2020,1972673929,207V00000X,326103003,181036122
2020,1154487403,207V00000X,10601,775984243
2020,1730302175,207VE0102X,59101,59101
2020,1154539062,207V00000X,232191901,232980510
2020,1710196589,207VX0201X,314056023,315015216
2020,1306055025,207VX0201X,299105154,299262738
2020,1063615185,207VX0201X,94109,941181506
2020,1235313867,207V00000X,92868,981950001
2020,1639336019,207V00000X,402074681,405360293
2020,1811155922,207V00000X,18103,19096
2020,1679736227,207VM0101X,94109,949455055
2020,1265674782,207V00000X,12211,481087682
2020,1528200904,207V00000X,44143,841191401
2020,1720303126,207VX0201X,15224,151431300
2020,1619296779,207VG0400X,930303722,930101414
2020,1427342294,207VX0201X,90095,495032562
2020,1861755092,207V00000X,951244113,277053941
2020,1548516396,207V00000X,17015,174035074
2020,1205179611,207VX0201X,190963437,104672401
2020,1124487210,207RC0000X,196111495,196101065
2020,1801389614,207VX0201X,115721551,115805443
2020,1063995710,207VX0201X,191405103,191036231
2020,1770050221,207VE0102X,846041354,846011548
2020,1225502826,207VE0102X,253022344,25302
2020,1871067116,207VF0040X,191405103,191112443
2020,1902807878,207VF0040X,386715306,356132602
2020,1376528729,207V00000X,197180001,198022545
2020,1124003579,207V00000X,271032930,274011448
2020,1629021159,207RH0000X,761044611,760287220
2020,1912940982,207VM0101X,284036022,284032041
2020,1215969613,207VX0201X,282072134,282072134
2020,1437181831,207VM0101X,282042963,280252982
2020,1205854049,207VM0101X,94109,940103226
2020,1003923095,207VM0101X,229082824,229080001
2020,1710196589,207VX0201X,314056023,304582529
2020,1306055025,207VX0201X,299105154,299274546
2020,1679736227,207VM0101X,94109,946091710
2020,1720303126,207VX0201X,15224,152242156
2020,1619296779,207VG0400X,930303722,93036
2020,1861755092,207V00000X,951244113,277053941
2020,1548516396,207V00000X,17015,172682332
2020,1124487210,207RC0000X,196111495,196103222
2020,1801389614,207VX0201X,115721551,115591216
2020,1063995710,207VX0201X,191405103,191112443
2020,1770050221,207VE0102X,846041354,840576316
2020,1376528729,207V00000X,197180001,197132070
2020,1124003579,207V00000X,271032930,240132201
2020,1629021159,207RH0000X,761044611,760142084
2020,1912940982,207VM0101X,284036022,284016676
2020,1205854049,207VM0101X,94109,941095455
2020,1710196589,207VX0201X,314056023,314056015
2020,1679736227,207VM0101X,94109,940103226
2020,1619296779,207VG0400X,930303722,891064007
2020,1548516396,207V00000X,17015,073024321
2020,1124487210,207RC0000X,196111495,196112143
2020,1801389614,207VX0201X,115721551,115203743
2020,1770050221,207VE0102X,846041354,840032956
2020,1376528729,207V00000X,197180001,197132089
2020,1629021159,207RH0000X,761044611,760175871
2020,1710196589,207VX0201X,314056023,314056087
2020,1679736227,207VM0101X,94109,02114
2020,1124487210,207RC0000X,196111495,196102714
2020,1376528729,207V00000X,197180001,197132089
2020,1710196589,207VX0201X,314056023,314056091
2020,1679736227,207VM0101X,94109,941181618
2020,1124487210,207RC0000X,196111495,196111493
2020,1376528729,207V00000X,197180001,198104900
2020,1710196589,207VX0201X,314056023,315450102
2020,1124487210,207RC0000X,196111495,195268779
2020,1376528729,207V00000X,197180001,199771479
2020,1124487210,207RC0000X,196111495,196103222
2020,1376528729,207V00000X,197180001,197138000
2020,1376528729,207V00000X,197180001,198011013
2020,1699770354,207VM0101X,443072432,
2020,1649275348,207VM0101X,060125037,
2020,1679578355,207VM0101X,060300001,
2020,1376548925,207VX0201X,070791904,
2020,1740285303,207VX0201X,235021871,
2020,1760487318,207VX0201X,233201602,
2020,1447255088,207VM0101X,149051634,
2020,1316942857,207VG0400X,294074835,
2020,1710982277,207VX0201X,300335305,
2020,1316943863,207VE0102X,142263800,
2020,1659377018,207VE0102X,14226,
2020,1225034622,207VX0201X,432191531,
2020,1952307266,207VX0201X,100654870,
2020,1992701205,207VX0201X,100191104,
2020,1629074976,207VM0101X,906021018,
2020,1063418226,207VE0102X,060322568,
2020,1730185968,207VX0201X,080433814,
2020,1669478046,207VE0102X,14226,
2020,1487654695,207V00000X,516012355,
2020,1750381877,207VE0102X,10577,
2020,1205836251,207V00000X,64111,
2020,1780684704,207V00000X,891485506,
2020,1497756423,207VM0101X,117948091,
2020,1649270653,207VM0101X,937012184,
2020,1386645315,207V00000X,10532,
2020,1992706923,207VM0101X,11777,
2020,1023019023,207VX0201X,334103463,
2020,1285635193,207VE0102X,802204020,
2020,1497756233,207VM0101X,208506340,
2020,1962403659,207VM0101X,606081610,
2020,1578564266,207VF0040X,100198022,
2020,1356342133,207VX0201X,100162708,
2020,1225039928,207VM0101X,278344300,
2020,1104827831,207RH0003X,080032150,
2020,1225039951,207VX0201X,10016,
2020,1699776385,207VM0101X,606081732,
2020,1356342943,207VE0102X,67337,
2020,1932100559,207V00000X,857126118,
2020,1154322709,207VE0102X,284017507,
2020,1689660532,207VX0201X,021156110,
2020,1679569438,207V00000X,180179424,
2020,1427044460,207V00000X,336076448,
2020,1790771657,207VF0040X,113744511,
2020,1902892953,207V00000X,346956602,
2020,1629064670,207V00000X,346956602,
2020,1134115827,207V00000X,454092722,
2020,1588650287,207VX0201X,122083797,
2020,1639166382,207V00000X,112094805,
2020,1437146081,207VX0201X,468251603,
2020,1255328845,207VX0201X,443041468,
2020,1396732988,207VG0400X,891280835,
2020,1104813633,207VX0201X,631418222,
2020,1699762021,207VE0102X,891482402,
2020,1689661175,207V00000X,871064917,
2020,1962499384,207VE0102X,89142,
2020,1619964046,207VM0101X,280542186,
2020,1659368090,207VX0201X,122081742,
2020,1528049798,207V00000X,681988102,
2020,1376524553,207V00000X,328061008,
2020,1295716496,207VX0201X,972271800,
2020,1861473969,207V00000X,722057101,
2020,1942281928,207VM0101X,761072553,
2020,1366423360,207VX0201X,631101032,
2020,1235110230,207VM0101X,142222006,
2020,1700867686,207V00000X,171095300,
2020,1699756577,207V00000X,152242156,
2020,1992786925,207VX0201X,016052903,
2020,1821079856,207VM0101X,029042609,
2020,1770564726,207VM0101X,016052903,
2020,1104807007,207VM0101X,627025317,
2020,1952382756,207VG0400X,900335313,
2020,1417938267,207VM0101X,171012515,
2020,1003897877,207VM0101X,016052903,
2020,1205817939,207VX0201X,436063856,
2020,1639150394,207VE0102X,02115,
2020,1417938192,207VX0201X,105493417,
2020,1629052253,207VF0040X,046091625,
2020,1588649115,207V00000X,462602188,
2020,1154306702,207V00000X,271031633,
2020,1447235064,207VM0101X,445126778,
2020,1003891565,207VM0101X,554264375,
2020,1609851211,207VM0101X,103053401,
2020,1265417687,207VM0101X,731208366,
2020,1376528711,207V00000X,174035074,
2020,1851376206,207VX0201X,100216007,
2020,1164407540,207VX0201X,100216007,
2020,1326023714,207VX0201X,600533056,
2020,1285619510,207V00000X,405360293,
2020,1245215565,207VX0201X,100216007,
2020,1104801471,207VX0201X,850544502,
2020,1699750943,207VX0201X,100281844,
2020,1174508360,207VM0101X,100191147,
2020,1164407359,207VE0102X,100198022,
2020,1144205477,207VX0201X,110421221,
2020,1134104482,207VX0201X,100216007,
2020,1891770988,207V00000X,60521,
2020,1376528430,207V00000X,271570001,
2020,1871578831,207V00000X,85054,
2020,1134104193,207VE0102X,600265823,
2020,1184609158,207VX0201X,606123841,
2020,1033180286,207V00000X,060521743,
2020,1326019589,207VM0101X,200102927,
2020,1073584207,207VX0201X,303421626,
2020,1659342756,207V00000X,482012013,
2020,1245201201,207V00000X,905022004,
2020,1720059793,207V00000X,214017992,
2020,1326019100,207V00000X,454594465,
2020,1710958558,207VM0101X,837068707,
2020,1023089893,207VX0201X,606740023,
2020,1881665503,207VE0102X,921341098,
2020,1053382705,207VM0101X,483415023,
2020,1124099783,207VE0102X,911052515,
2020,1356312904,207VE0102X,722056417,
2020,1073584728,207VE0102X,672263007,
2020,1891760492,207VM0101X,972271683,
2020,1235104787,207V00000X,652018104,
2020,1194790527,207VM0101X,122083835,
2020,1598730756,207V00000X,55435,
2020,1467427633,207VF0040X,322585468,
2020,1831164227,207VE0102X,170332360,
2020,1285609677,207VX0201X,170332360,
2020,1639144934,207VM0101X,847902123,
2020,1316912603,207V00000X,322096511,
2020,1992770101,207V00000X,627025303,
2020,1134194459,207VM0101X,466011156,
2020,1619942810,207V00000X,112153609,
2020,1679548887,207V00000X,112153609,
2020,1831164748,207LA0401X,44129,
2020,1770558611,207VX0201X,312012100,
2020,1801861885,207VE0102X,333241063,
2020,1205801347,207V00000X,760512100,
2020,1265407183,207VM0101X,891064000,
2020,1053380345,207VM0101X,537151507,
2020,1306815634,207VX0201X,722057101,
2020,1760451090,207VE0102X,069055359,
2020,1144299413,207V00000X,652017166,
2020,1255300497,207V00000X,066102811,
2020,1083683262,207VM0101X,231163818,
2020,1730158999,207V00000X,402023900,
2020,1639148851,207VE0102X,212183322,
2020,1588633770,207VM0101X,850062754,
2020,1891754974,207V00000X,030602919,
2020,1164481156,207VM0101X,852106008,
2020,1093774929,207VX0201X,171101581,
2020,1316906274,207V00000X,257013656,
2020,1801855804,207V00000X,066102811,
2020,1063471092,207SG0201X,066102811,
2020,1164481131,207VM0101X,232294933,
2020,1114986817,207VG0400X,212155229,
2020,1477512119,207V00000X,765080001,
2020,1447215751,207V00000X,841241228,
2020,1770548091,207VM0101X,126015458,
2020,1063477404,207V00000X,14580,
2020,1942265392,207V00000X,146231607,
2020,1376508846,207VM0101X,146264122,
2020,1265497663,207V00000X,329523601,
2020,1295790640,207SC0300X,405360001,
2020,1477518686,207V00000X,761043927,
2020,1154386324,208800000X,441950001,
2020,1114982394,207VM0101X,852245295,
2020,1184689259,207VM0101X,336134657,
2020,1912962978,207V00000X,480754818,
2020,1295790244,207VE0102X,857121282,
2020,1689639668,207VE0102X,197132072,
2020,1467417592,174400000X,480341700,
2020,1073578183,207VE0102X,197132072,
2020,1629033634,207VE0102X,20814,
2020,1902861883,207V00000X,941430001,
2020,1356306328,208800000X,441950001,
2020,1285690131,207VE0102X,33486,
2020,1104875921,207VE0102X,100221009,
2020,1558310391,207VM0101X,323084647,
2020,1932158656,207VX0201X,701212429,
2020,1033168547,207VX0201X,352232457,
2020,1538118997,207VM0101X,366041512,
2020,1659321982,207VX0201X,100221009,
2020,1699725960,207VE0102X,773803285,
2020,1336198761,207VE0102X,46123,
2020,1730139163,207V00000X,212870005,
2020,1255381687,207VX0201X,701212429,
2020,1104875673,207VE0102X,752045225,
2020,1659320174,207VE0102X,436063895,
2020,1972553121,207V00000X,027031518,
2020,1699725085,207V00000X,921243320,
2020,1114977501,207VM0101X,857122805,
2020,1619926185,207VM0101X,483772714,
2020,1689623167,207VX0201X,372320001,
2020,1295785392,207RH0003X,741463628,
2020,1962455543,207VM0101X,981043586,
2020,1144273731,207VE0102X,981041306,
2020,1740233352,207VE0102X,35223,
2020,1518910124,207VE0102X,981041306,
2020,1164475679,207VE0102X,331434806,
2020,1386697472,207VM0101X,441115610,
2020,1871546242,207VG0400X,972256772,
2020,1336192855,207VE0102X,331434806,
2020,1407809411,207VM0101X,296054247,
2020,1699729236,207VX0201X,021142621,
2020,1720031776,207VE0102X,331434806,
2020,1174577944,207V00000X,392021687,
2020,1508819558,207VE0102X,331762144,
2020,1710930698,207VX0201X,432191531,
2020,1730132622,207VM0101X,980044623,
2020,1154374957,207V00000X,392021687,
2020,1801849617,207V00000X,336063589,
2020,1316991169,207RI0200X,543013526,
2020,1558314369,207VX0201X,271033019,
2020,1487693560,207V00000X,333232826,
2020,1861431850,207VE0102X,606113907,
2020,1972542223,207VE0102X,489121800,
2020,1659310613,207VE0102X,482012007,
2020,1891734182,207V00000X,532263522,
2020,1538108766,207V00000X,31404,
2020,1104865344,207V00000X,021156110,
2020,1306885512,207V00000X,333162510,
2020,1871532903,207VX0201X,31404,
2020,1699714626,207V00000X,958172307,
2020,1588603559,207VE0102X,191076130,
2020,1053350199,207V00000X,323084489,
2020,1992744874,207VX0201X,905054035,
2020,1841239753,207VM0101X,462602188,
2020,1578502480,207VX0201X,905054035,
2020,1740229665,207VF0040X,34109,
2020,1477592210,207VX0201X,641115961,
2020,1295774818,207VX0201X,05401,
2020,1598704140,207V00000X,941153006,
2020,1750324513,207V00000X,105322140,
2020,1871536516,207VE0102X,328044049,
2020,1649213158,207VX0201X,752462044,
2020,1629011424,207VM0101X,47630,
2020,1639112451,207VX0201X,430267752,
2020,1831132653,207VG0400X,432144313,
2020,1992748719,207VE0102X,330635755,
2020,1154364867,207VG0400X,28211,
2020,1609819424,207VX0201X,430267752,
2020,1518900133,207VX0201X,06102,
2020,1144263765,207V00000X,100656007,
2020,1891738332,207VE0102X,974016025,
2020,1255374708,207V00000X,606371447,
2020,1063455640,207VE0102X,296054247,
2020,1316980915,207V00000X,275997570,
2020,1134162738,207VX0201X,212022001,
2020,1942243985,207VE0102X,229114627,
2020,1497798854,207VM0101X,303083607,
2020,1255374625,207VM0101X,30308,
2020,1467495325,207VX0201X,761043926,
2020,1346283249,207V00000X,770303000,
2020,1881637783,207V00000X,21215,
2020,1376586271,207V00000X,787011954,
2020,1831132141,207VM0101X,782584084,
2020,1912934886,207V00000X,941103518,
2020,1922035690,207VE0102X,662111362,
2020,1992732887,207VX0201X,770302717,
2020,1306873294,207VE0102X,900950001,
2020,1053348979,207VE0102X,662152305,
2020,1013944750,207V00000X,402074729,
2020,1871520478,207VX0201X,462025149,
2020,1265469860,207VM0101X,631418232,
2020,1164459772,207VM0101X,631418232,
2020,1093742546,207VM0101X,35233,
2020,1457389728,207VM0101X,212011734,
2020,1346278587,207VX0000X,913446343,
2020,1447288626,207V00000X,770463726,
2020,1932136397,207VE0102X,146420001,
2020,1265460620,207VM0101X,900958344,
2020,1164450508,207VX0201X,328044648,
2020,1700813102,207V00000X,750623651,
2020,1285666545,207VE0102X,55118,
2020,1992737258,207R00000X,503141728,
2020,1669404109,207VM0101X,02215,
2020,1740212232,207VX0201X,974778800,
2020,1922030204,207V00000X,911053022,
2020,1649202847,207VM0101X,791061786,
2020,1710919626,207VM0101X,112374006,
2020,1205869187,207V00000X,984055307,
2020,1780616680,207VF0040X,995084608,
2020,1932131166,207VX0201X,100323729,
2020,1528090438,207VM0101X,330295593,
2020,1023041928,207VE0102X,940871022,
2020,1619909850,207VX0201X,452192906,
2020,1851324610,207VE0102X,495032515,
2020,1073546834,207V00000X,800452545,
2020,1477585347,207VX0201X,381202146,
2020,1952333098,207V00000X,774793601,
2020,1629001599,207VM0101X,891022352,
2020,1609809581,207VM0101X,303033031,
2020,1720010648,207VX0201X,381202361,
2020,1437181369,207VG0400X,900332464,
2020,1194757526,207V00000X,443041429,
2020,1841222049,207VE0102X,791061786,
2020,1205868445,207VX0201X,928683201,
2020,1669405361,207VM0101X,176012433,
2020,1316965098,207VX0201X,532263522,
2020,1821017450,207VE0102X,011071112,
2020,1245259654,207VE0102X,01867,
2020,1144249558,207VE0102X,374211983,
2020,1780603191,207VG0400X,100323729,
2020,1336167063,207V00000X,581044603,
2020,1245258151,207VX0201X,029052401,
2020,1497773360,207VM0101X,941181618,
2020,1740208305,207VM0101X,103053401,
2020,1770501694,207VX0201X,606253500,
2020,1912926395,207V00000X,452194231,
2020,1972522480,207VM0101X,946093424,
2020,1023037538,207VG0400X,037561000,
2020,1831117472,207VF0040X,212046831,
2020,1578582979,207V00000X,603022566,
2020,1568481828,207VX0201X,89015,
2020,1700808979,207VM0101X,292036808,
2020,1417979683,207VE0102X,402025700,
2020,1447272927,207VF0040X,080439623,
2020,1790707743,207V00000X,605152869,
2020,1225051204,207VX0201X,366086705,
2020,1942223896,207V00000X,70112,
2020,1801819651,207VE0102X,037561000,
2020,1144243775,174400000X,076521451,
2020,1366464380,207VX0201X,232261934,
2020,1538182571,207V00000X,207352555,
2020,1922021989,207V00000X,926531204,
2020,1972526994,207VM0101X,631312324,
2020,1316960057,207VM0101X,044011000,
2020,1760404784,207V00000X,336063603,
2020,1366465031,207VM0101X,06102,
2020,1013930635,207VM0101X,402021622,
2020,1013930486,207VM0101X,02905,
2020,1043233646,174400000X,33143,
2020,1710993621,207VE0102X,770632315,
2020,1912913880,207VM0101X,283748159,
2020,1730195512,207VE0102X,024217305,
2020,1639185226,207V00000X,787051188,
2020,1821004623,207VM0101X,928431902,
2020,1740297282,207V00000X,282042968,
2020,1295741965,207V00000X,054468025,
2020,1912913658,207V00000X,799052707,
2020,1699782979,207VM0101X,037561000,
2020,1255348744,207V00000X,921232778,
2020,1235146556,207V00000X,532263522,
2020,1396751921,207VX0201X,214017566,
2020,1700893948,207VF0040X,077312169,
2020,1912913401,207V00000X,972015128,
2020,1700893229,207VE0102X,080432601,
2020,1629181763,207VX0201X,452203027,
2020,1922111012,207VM0101X,163231811,
2020,1720191893,207VM0101X,852553659,
2020,1407969587,207VX0201X,198052671,
2020,1891808903,207VM0101X,181036202,
2020,1063525038,207VE0102X,63141,
2020,1760595870,207VM0101X,374032724,
2020,1013020890,207VM0101X,19456,
2020,1144333154,207VM0101X,181036122,
2020,1124131818,207V00000X,83704,
2020,1902919954,207V00000X,604532600,
2020,1417060112,207VX0201X,317093917,
2020,1437262151,207VX0201X,871064917,
2020,1336252063,207VX0201X,871092117,
2020,1528171261,207V00000X,00918,
2020,1992818827,207VE0102X,60133,
2020,1427161306,207VX0201X,483415023,
2020,1710090394,207VE0102X,20852,
2020,1922111202,207VM0101X,672144923,
2020,1851404149,207VM0101X,462025149,
2020,1265549729,207VE0102X,731043252,
2020,1922114651,207VX0201X,54449,
2020,1821105271,207VM0101X,980038727,
2020,1497862643,207VE0102X,532153669,
2020,1821105073,207V00000X,301145256,
2020,1154438265,207VF0040X,543088900,
2020,1629185640,207V00000X,19141,
2020,1881701944,207VX0201X,782293901,
2020,1578670634,207VM0101X,78229,
2020,1336256312,207VM0101X,782073110,
2020,1851408728,207V00000X,559050001,
2020,1417069105,207VM0101X,911053023,
2020,1053422600,207V00000X,191075176,
2020,1710098256,207VE0102X,482012007,
2020,1124139514,207R00000X,672083003,
2020,1811008253,207VM0101X,857047872,
2020,1184735508,207V00000X,672083003,
2020,1699877506,207VX0201X,321142709,
2020,1598861734,207VE0102X,100166402,
2020,1164528741,207VX0201X,91942,
2020,1639275027,207VM0101X,181036202,
2020,1275639783,207V00000X,08043,
2020,1669578282,207VM0101X,305013834,
2020,1114023652,207VM0101X,441115610,
2020,1598861171,207VX0201X,91942,
2020,1962508630,207V00000X,928683855,
2020,1043316912,207V00000X,19713,
2020,1972609899,207VM0101X,081031461,
2020,1407952260,207VX0201X,130579248,
2020,1447341920,207VM0101X,197132137,
2020,1801987508,207VX0201X,77030,
2020,1295826915,207VM0101X,196112143,
2020,1164513560,207VM0101X,50314,
2020,1508957903,207VM0101X,980555772,
2020,1073604336,207VE0102X,22031,
2020,1659462075,207VM0101X,328277884,
2020,1639260987,207VM0101X,770674335,
2020,1780775049,207VE0102X,22031,
2020,1699866962,207VE0102X,22031,
2020,1508957879,207VE0102X,22301,
2020,1326139692,207VE0102X,22031,
2020,1386735827,207VX0201X,284017407,
2020,1770674004,207VE0102X,10019,
2020,1295827574,207VM0101X,333232843,
2020,1669564696,207VX0201X,770304009,
2020,1669564597,207V00000X,158012511,
2020,1972695260,207VM0101X,333232843,
2020,1518059880,207VM0101X,312012100,
2020,1881786986,207VM0101X,770542934,
2020,1356433528,207VE0102X,191074306,
2020,1215029269,207V00000X,26506,
2020,1801982129,207VE0102X,462601969,
2020,1205922416,207V00000X,85260,
2020,1285720417,207VE0102X,926832900,
2020,1902992274,207VG0400X,06708,
2020,1265528335,207VX0201X,443021704,
2020,1316033483,207V00000X,079606422,
2020,1982790226,207VE0102X,462601969,
2020,1013003078,207VE0102X,26506,
2020,1780770792,207VM0101X,30328,
2020,1861589640,207V00000X,481081649,
2020,1740377530,207VX0201X,98405,
2020,1003902040,207VE0102X,100215663,
2020,1356437297,207VE0102X,900335310,
2020,1932295805,207VE0102X,94133,
2020,1548357395,207V00000X,481094276,
2020,1497841431,207VX0201X,770304009,
2020,1528155397,207V00000X,481095902,
2020,1780771535,207V00000X,871062719,
2020,1902993769,207V00000X,481094276,
2020,1174610943,207V00000X,481081649,
2020,1952497968,207VE0102X,100215663,
2020,1093895567,207VX0201X,10461,
2020,1598845067,207VM0101X,10461,
2020,1912087495,207V00000X,10467,
2020,1376623850,207VM0101X,10461,
2020,1083794507,207VM0101X,857122805,
2020,1114007770,207VF0040X,069021627,
2020,1215017785,207VE0102X,43082,
2020,1861572349,207VX0201X,711055634,
2020,1255411815,207VE0102X,10530,
2020,1497835961,207VX0201X,065103220,
2020,1194805663,207VM0101X,10461,
2020,1578643052,207V00000X,076311808,
2020,1356421838,207VM0101X,113555045,
2020,1275613739,207VE0102X,10530,
2020,1790865350,207VE0102X,800452545,
2020,1477633931,207V00000X,100296501,
2020,1639259195,207VM0101X,10461,
2020,1871673335,207V00000X,115014064,
2020,1497835979,207VE0102X,06511,
2020,1235219718,207VM0101X,10461,
2020,1295815736,207VM0101X,905054735,
2020,1962582205,207SG0201X,770302348,
2020,1225118656,207VE0102X,029052401,
2020,1760562193,207VE0102X,065116100,
2020,1811077233,207VE0102X,800452545,
2020,1174603419,207VX0201X,770302348,
2020,1417037789,207VX0201X,770302348,
2020,1306926969,207VE0102X,079202976,
2020,1205916764,207V00000X,606112914,
2020,1720168297,207V00000X,117473193,
2020,1275613747,207VM0101X,10538,
2020,1801976378,207V00000X,115014064,
2020,1861573131,207VX0201X,20720,
2020,1053492322,207VE0102X,708154114,
2020,1194806323,207V00000X,370675665,
2020,1386725521,207VE0102X,27607,
2020,1326129644,207V00000X,303421606,
2020,1316027683,207VE0102X,972394501,
2020,1407937576,207VM0101X,19104,
2020,1942381223,207VM0101X,936368761,
2020,1205917440,207VE0102X,27607,
2020,1396820197,207VM0101X,981043540,
2020,1467538264,207V00000X,98109,
2020,1518043280,207VM0101X,616144896,
2020,1912083601,207VM0101X,616144896,
2020,1811072689,207VX0201X,374031503,
2020,1972689453,207VE0102X,480841744,
2020,1205912847,207VF0040X,922433685,
2020,1427134071,207VM0101X,852584569,
2020,1912083494,207VX0201X,731423017,
2020,1902982473,207VX0201X,13210,
2020,1033295738,207VM0101X,616144896,
2020,1013086727,207VE0102X,068511080,
2020,1457420176,207VE0102X,068511080,
2020,1710056239,207VE0102X,980343030,
2020,1396814174,207VE0102X,061062528,
2020,1033288758,207VE0102X,068511080,
2020,1518036482,207VE0102X,212870005,
2020,1083783823,207V00000X,834023344,
2020,1922177435,207VE0102X,98034,
2020,1003985805,207VE0102X,060322568,
2020,1659440485,207VE0102X,060322568,
2020,1194894956,207VE0102X,060322568,
2020,1124197900,207VE0102X,00873,
2020,1619046257,207VX0201X,537920001,
2020,1336218973,207SG0201X,152133108,
2020,1790855716,207VE0102X,78023,
2020,1306916580,207V00000X,32216,
2020,1730259805,207VM0101X,871091292,
2020,1821168964,207V00000X,11030,
2020,1356411375,207VM0101X,115014064,
2020,1821168998,207VM0101X,87109,
2020,1316017346,207V00000X,913601848,
2020,1285704213,207VM0101X,852582867,
2020,1437229333,207VE0102X,949391137,
2020,1629148408,207V00000X,989429337,
2020,1972677235,207VM0101X,283043682,
2020,1619042462,207VE0102X,381198202,
2020,1225103831,207VF0040X,921275705,
2020,1396810891,207V00000X,02171,
2020,1134294473,207V00000X,928051564,
2020,1932274628,207VE0102X,90266,
2020,1326113663,207VE0102X,907235422,
2020,1558421768,207V00000X,943052200,
2020,1235299538,207VE0102X,926065034,
2020,1285794305,207VM0101X,11021,
2020,1942360086,207VE0102X,100280132,
2020,1568522738,207VE0102X,910077606,
2020,1518027747,207V00000X,146204159,
2020,1407916646,207V00000X,207841744,
2020,1629138763,207VE0102X,11030,
2020,1801956933,207VE0102X,100280132,
2020,1518027663,207VE0102X,117255022,
2020,1306907423,207VE0102X,606112987,
2020,1396805834,207V00000X,481971142,
2020,1962562546,207VM0101X,212242735,
2020,1609936293,207VG0400X,648043015,
2020,1851452262,207VM0101X,191044206,
2020,1265593578,207VX0201X,203070001,
2020,1801957394,207VE0102X,100034528,
2020,1013077528,207VX0201X,926517001,
2020,1700942380,207VM0101X,021142621,
2020,1477619732,207VX0201X,142212642,
2020,1720144918,207VE0102X,920371224,
2020,1336205582,207V00000X,011991001,
2020,1285790337,207V00000X,631101032,
2020,1871650929,207VE0102X,208506352,
2020,1851449821,207VE0102X,900276021,
2020,1730237496,207VE0102X,782293714,
2020,1336297266,207VX0201X,907062246,
2020,1619026846,207V00000X,333232853,
2020,1861541070,207VM0101X,903014036,
2020,1275682429,207VM0101X,87106,
2020,1528117926,207VX0201X,08901,
2020,1013066125,207RE0101X,891181986,
2020,1538218441,207VM0101X,981956460,
2020,1770638009,207VE0102X,076041815,
2020,1275689309,207V00000X,303421626,
2020,1841346756,207VX0201X,840967015,
2020,1982750584,207VX0201X,802055437,
2020,1235285842,207V00000X,981042420,
2020,1417003047,207VE0102X,170113707,
2020,1922154376,207V00000X,009204743,
2020,1942356795,207VX0201X,921038201,
2020,1912053760,207VX0201X,379341983,
2020,1538215371,207V00000X,142282783,
2020,1922154798,207N00000X,943061009,
2020,1447390901,207VE0102X,312101822,
2020,1992845077,207VE0102X,12205,
2020,1356482905,207VX0201X,432123117,
2020,1215078977,207VM0101X,322078334,
2020,1770628927,207VE0102X,402074707,
2020,1205971785,207VM0101X,770302348,
2020,1639204829,207VX0201X,142630001,
2020,1639214190,207VM0101X,333152643,
2020,1902931587,207VX0201X,974778802,
2020,1770618589,207SG0201X,900171800,
2020,1548395486,207V00000X,981950001,
2020,1881729549,207VM0101X,19611,
2020,1861521460,174400000X,452203027,
2020,1700914330,207SG0201X,112016004,
2020,1871621615,207VE0102X,941332122,
2020,1508995986,207VM0101X,900481804,
2020,1144354002,207V00000X,069055359,
2020,1639203516,207VE0102X,60173,
2020,1083748966,207VG0400X,46845,
2020,1487788006,207VE0102X,611075912,
2020,1417081290,207V00000X,482012007,
2020,1922125731,207VE0102X,913162827,
2020,1043338395,207VX0201X,627023749,
2020,1669590295,207V00000X,027402211,
2020,1639297211,207VE0102X,740142000,
2020,1306069661,207VX0201X,722056321,
2020,1891918553,207VE0102X,980347467,
2020,1467675082,207VM0101X,834047533,
2020,1104045913,207VM0101X,770046942,
2020,1992924344,207VM0101X,197132137,
2020,1336368547,207VX0201X,342434271,
2020,1043439367,207V00000X,021142621,
2020,1730308974,207V00000X,021352907,
2020,1386864155,207V00000X,800452545,
2020,1831319540,207VE0102X,94306,
2020,1316152861,207VE0102X,079202976,
2020,1609080233,207VF0040X,054463052,
2020,1720292303,207VX0201X,495463691,
2020,1689888224,207VE0102X,600313322,
2020,1689889891,207VM0101X,907161154,
2020,1679788038,207V00000X,631081402,
2020,1982819058,207VM0101X,064372719,
2020,1124236021,207VM0101X,972393011,
2020,1023227915,207VM0101X,706018911,
2020,1528277290,207VE0102X,009233003,
2020,1295943132,207VX0201X,926633509,
2020,1245448125,207V00000X,288062270,
2020,1174731046,207VX0201X,853061800,
2020,1255540159,207VM0101X,191034804,
2020,1356550123,207VE0102X,60540,
2020,1295944114,207VX0201X,275144220,
2020,1487863247,207V00000X,45219,
2020,1881897908,207V00000X,840623216,
2020,1285837526,207VE0102X,984031646,
2020,1518160720,207V00000X,463111596,
2020,1700089950,207VM0101X,761042158,
2020,1952504284,207V00000X,775984052,
2020,1144423542,207VG0400X,282043215,
2020,1962605360,207SM0001X,28204,
2020,1801099171,207VM0101X,76104,
2020,1558564716,207VE0102X,190032321,
2020,1437352614,207V00000X,761042158,
2020,1427251529,207VX0201X,331361002,
2020,1871796078,207VE0102X,750013268,
2020,1740483601,207VM0101X,917541242,
2020,1255534285,207V00000X,761072553,
2020,1659574648,207V00000X,972271683,
2020,1093918062,207VM0101X,480754403,
2020,1003019001,207VM0101X,941430132,
2020,1689877623,207VE0102X,760226033,
2020,1184827933,207V00000X,152133108,
2020,1497958110,207VX0201X,334779338,
2020,1922201599,207V00000X,191074420,
2020,1972700052,208800000X,940404124,
2020,1447457346,207V00000X,462545620,
2020,1770780744,207VX0201X,346524333,
2020,1386842136,207VG0400X,330734395,
2020,1528266483,207V00000X,441061716,
2020,1508064213,207V00000X,191076130,
2020,1548468259,207VX0201X,197132055,
2020,1114125051,207V00000X,32804,
2020,1851599724,207VF0040X,852151134,
2020,1568660355,207V00000X,77030,
2020,1811195522,207V00000X,402023902,
2020,1952509473,174400000X,61103,
2020,1538367040,207V00000X,680223913,
2020,1740473735,207VX0201X,302144550,
2020,1821281866,207V00000X,041061999,
2020,1821281791,207V00000X,972393011,
2020,1609069525,207VM0101X,972271683,
2020,1285827253,207VX0201X,837126223,
2020,1427241157,207V00000X,294145733,
2020,1316131972,207VM0101X,443081063,
2020,1700070380,207VX0201X,10003,
2020,1215124714,207VE0102X,080534161,
2020,1184811614,207VX0201X,236024414,
2020,1942497359,207V00000X,852245665,
2020,1073700415,207VM0101X,752461713,
2020,1114114584,207V00000X,945633031,
2020,1306033741,207VE0102X,900950001,
2020,1588851604,207VM0101X,891064018,
2020,1730376948,207VM0101X,293071058,
2020,1861689010,207VM0101X,152202907,
2020,1275716144,207VX0201X,895021464,
2020,1295918027,207VE0102X,024201520,
2020,1720262470,207V00000X,928353614,
2020,1477737005,207V00000X,117334079,
2020,1912181553,207V00000X,940404103,
2020,1235313974,207V00000X,900950001,
2020,1225212988,207VE0102X,902121985,
2020,1740464379,207VM0101X,981043586,
2020,1568646198,207V00000X,481094276,
2020,1346424017,207VM0101X,685102471,
2020,1093999740,207VX0201X,981950001,
2020,1639353279,207V00000X,949043119,
2020,1174707608,207V00000X,103053408,
2020,1861676371,207VE0102X,770302312,
2020,1447434923,207R00000X,071051815,
2020,1003084286,207VM0101X,495032515,
2020,1992973036,207VE0102X,079202976,
2020,1184892002,207VE0102X,921303038,
2020,1962670893,207VE0102X,921303038,
2020,1447428420,207V00000X,921232778,
2020,1619145505,207VM0101X,904011421,
2020,1518135367,207VX0201X,956086333,
2020,1255509980,207VM0101X,10016,
2020,1265600902,207VX0201X,48912,
2020,1659549236,207VM0101X,982014168,
2020,1679741268,207VE0102X,208506357,
2020,1144498718,207VE0102X,079202976,
2020,1912175613,207R00000X,20912,
2020,1487827663,207V00000X,235071914,
2020,1184897381,207VM0101X,100296501,
2020,1861665127,207V00000X,972393011,
2020,1659544740,207VE0102X,604772589,
2020,1598938672,207V00000X,601901295,
2020,1033382049,207V00000X,221924163,
2020,1265605174,207V00000X,02215,
2020,1366609877,207VE0102X,190013714,
2020,1336306943,207V00000X,176012644,
2020,1700044054,207V00000X,113555045,
2020,1821256066,207RX0202X,405031400,
2020,1912165291,207VE0102X,481147004,
2020,1467610774,207V00000X,381033409,
2020,1629236930,207RX0202X,405031400,
2020,1275791592,207V00000X,352096899,
2020,1215195516,207VX0201X,787314214,
2020,1063670255,207VX0201X,34243,
2020,1881856797,207V00000X,441061716,
2020,1194988949,207VE0102X,300221408,
2020,1912160771,207VF0040X,212373900,
2020,1649433319,207VX0201X,191044206,
2020,1891958419,207VM0101X,190133902,
2020,1912160680,207VE0102X,191044206,
2020,1619130275,207V00000X,041023100,
2020,1992968416,207VM0101X,631418232,
2020,1225291636,207V00000X,631171858,
2020,1619130010,207V00000X,631171811,
2020,1659534055,207VM0101X,601533328,
2020,1578726915,207VM0101X,441061716,
2020,1609039007,174400000X,208507542,
2020,1881857290,207VE0102X,641311150,
2020,1710140165,207VG0400X,838545275,
2020,1972750099,207V00000X,701156914,
2020,1669629663,207VM0101X,101281233,
2020,1396992400,207VF0040X,181033691,
2020,1033366927,207VX0201X,968595001,
2020,1275780173,207V00000X,405131259,
2020,1891942512,207VF0040X,905022004,
2020,1689821332,207VX0201X,100162708,
2020,1346497963,207V00000X,021184001,
2020,1982856175,207VX0201X,331361002,
2020,1861644858,207VE0102X,750344198,
2020,1144473059,207VM0101X,294258908,
2020,1376796235,207V00000X,114182508,
2020,1215180054,207R00000X,210614024,
2020,1497908206,207VM0101X,180208037,
2020,1417100124,207VM0101X,342312406,
2020,1215174651,207VM0101X,972132981,
2020,1811134273,207VM0101X,334102847,
2020,1114164449,207V00000X,926633523,
2020,1932346251,207VX0201X,571052140,
2020,1548407828,207VE0102X,770242501,
2020,1073755757,207V00000X,55407,
2020,1114169810,207V00000X,77030,
2020,1790927465,207VX0201X,076664245,
2020,1467694083,207VM0101X,331361101,
2020,1831331495,207VX0201X,271033013,
2020,1083856652,207VE0102X,900890121,
2020,1811139330,207V00000X,852584569,
2020,1326280801,207VX0201X,176012644,
2020,1154563427,207VM0101X,10029,
2020,1093957334,390200000X,30342,
2020,1164664389,207VM0101X,972393011,
2020,1700028818,207VX0201X,152133108,
2020,1720220841,207V00000X,972393011,
2020,1871728956,207VM0101X,711183133,
2020,1457586596,207VM0101X,544495703,
2020,1063647063,207V00000X,480341753,
2020,1841425873,207V00000X,222053601,
2020,1174758262,208800000X,481095330,
2020,1851526743,207Q00000X,951233010,
2020,1922233824,207V00000X,070395672,
2020,1871728840,207VX0201X,871092117,
2020,1619102563,207VX0201X,336129416,
2020,1174758031,207VX0201X,921039000,
2020,1417182213,207VE0102X,913553402,
2020,1134354954,207VX0201X,490073731,
2020,1396970109,207VM0101X,303091281,
2020,1841425618,207V00000X,137324101,
2020,1487889168,207V00000X,800452545,
2020,1669607388,207V00000X,984319000,
2020,1255566964,207V00000X,800452545,
2020,1023243698,207VF0040X,339127130,
2020,1558596015,207V00000X,480753710,
2020,1396975520,207VX0201X,07932,
2020,1457581688,207VM0101X,97239,
2020,1639309735,207VX0201X,443041468,
2020,1285864173,207VX0201X,770544124,
2020,1306077227,207VE0102X,152059619,
2020,1205067949,207VE0102X,113754951,
2020,1124352315,207V00000X,190901104,
2020,1063746840,207VF0040X,100198022,
2020,1306170147,207VM0101X,432213502,
2020,1144554601,207VE0102X,100160113,
2020,1194056846,207VE0102X,770704535,
2020,1457675290,207VE0102X,152375928,
2020,1457675159,207V00000X,100166402,
2020,1538483003,207VX0201X,01805,
2020,1467776948,207VX0201X,943042201,
2020,1548584014,207VX0201X,029053240,
2020,1649594136,207VX0201X,021156110,
2020,1336464734,207VX0201X,05401,
2020,1205151628,207VE0102X,460324426,
2020,1295050706,207VX0201X,174035074,
2020,1952620577,207VX0201X,146204155,
2020,1033438684,207VM0101X,100323729,
2020,1841519394,207V00000X,782293926,
2020,1386963791,207VE0102X,10451,
2020,1942529367,207VF0040X,112353020,
2020,1306165717,207RC0000X,39120,
2020,1790004083,207VX0201X,454092939,
2020,1225357395,207VF0040X,850161302,
2020,1205155348,207VX0201X,300336131,
2020,1841519824,207VM0101X,100176256,
2020,1740595313,207V00000X,900484170,
2020,1013222587,207VX0201X,496842345,
2020,1356656656,207VG0400X,708154114,
2020,1144524554,207V00000X,303124205,
2020,1063710390,207VM0101X,100134552,
2020,1093013203,207VM0101X,847703705,
2020,1538467683,207VE0102X,452424400,
2020,1265730337,207VE0102X,379342806,
2020,1699074732,207VM0101X,841430001,
2020,1508165648,207VM0101X,840032096,
2020,1053610196,207VM0101X,841430001,
2020,1083913073,207VM0101X,286029617,
2020,1073812897,207VM0101X,76104,
2020,1780983528,207VE0102X,55435,
2020,1992099220,207VE0102X,27514,
2020,1184918443,207V00000X,191021911,
2020,1316231566,207V00000X,75034,
2020,1962796193,207V00000X,077024151,
2020,1972897825,207V00000X,902747600,
2020,1174817118,207VF0040X,98431,
2020,1891089769,207V00000X,065103206,
2020,1639457831,207VM0101X,100323720,
2020,1508144692,207VM0101X,303421606,
2020,1467730069,390200000X,10016,
2020,1821371006,207VG0400X,224081949,
2020,1992088926,207VE0102X,941051537,
2020,1679857411,207VX0201X,463111705,
2020,1144597881,207VE0102X,339073990,
2020,1255608790,207V00000X,809232607,
2020,1689947640,207V00000X,922536252,
2020,1447523485,207V00000X,631101093,
2020,1902170848,207R00000X,604062428,
2020,1043584956,207VE0102X,90048,
2020,1609140524,207VM0101X,943052200,
2020,1679847396,207VX0201X,088652748,
2020,1346514007,207VM0101X,220332917,
2020,1295092070,207VE0102X,100163295,
2020,1235496076,207VE0102X,296054281,
2020,1104183938,207VX0201X,352491900,
2020,1215294053,207V00000X,296054281,
2020,1669739280,207VE0102X,100215663,
2020,1023376472,207VM0101X,142101484,
2020,1285991679,207VE0102X,606371443,
2020,1093072407,207VM0101X,031033502,
2020,1083972426,207V00000X,937012124,
2020,1912265315,207VX0201X,100750781,
2020,1518220847,207RH0003X,331722624,
2020,1598028755,207V00000X,029105348,
2020,1457614679,207V00000X,077534488,
2020,1649533894,207V00000X,212870005,
2020,1134482268,207V00000X,48084,
2020,1164786166,207VM0101X,631171858,
2020,1053667816,207VX0201X,296312921,
2020,1770839458,207VM0101X,280316591,
2020,1982950648,207VM0101X,708175100,
2020,1942556477,207V00000X,77030,
2020,1457604738,207V00000X,33803,
2020,1770836892,207VM0101X,805243955,
2020,1205173788,207VF0040X,852532604,
2020,1831436153,207VE0102X,770793637,
2020,1295072601,207VM0101X,14203,
2020,1831432087,207V00000X,606112914,
2020,1790028926,207V00000X,100191100,
2020,1831532019,207VX0201X,371293237,
2020,1649613829,207VF0040X,200162618,
2020,1669815817,207VX0201X,301066810,
2020,1386087559,207VX0201X,352492570,
2020,1811330897,207VX0201X,326054384,
2020,1326481433,207V00000X,782344504,
2020,1306282868,207RH0003X,956613988,
2020,1437595840,207VX0000X,800452541,
2020,1093151441,207VE0102X,450692505,
2020,1265878623,207VM0101X,021156110,
2020,1356787626,207V00000X,850062612,
2020,1114363496,207V00000X,100323729,
2020,1871939173,207V00000X,581044603,
2020,1558707877,207VX0201X,021156110,
2020,1518303742,207VF0040X,206784019,
2020,1205272341,207VM0101X,631081495,
2020,1295171338,207VM0101X,432212800,
2020,1790121846,207VF0040X,214010317,
2020,1467898544,207V00000X,841325000,
2020,1376989392,207V00000X,908073353,
2020,1568808566,207VF0040X,175221761,
2020,1144662420,207VM0101X,852606411,
2020,1144655853,207VM0101X,370271748,
2020,1508291220,207VE0102X,852584424,
2020,1518393164,207VX0201X,152242156,
2020,1932530714,207VX0201X,933064018,
2020,1104257559,207V00000X,402025700,
2020,1134550585,207VX0201X,485035993,
2020,1205252426,207VF0040X,402203903,
2020,1396161493,207VX0201X,392021650,
2020,1609292705,207VE0102X,392021650,
2020,1699185652,207VM0101X,631171811,
2020,1043627581,207V00000X,112032012,
2020,1780086884,207VX0201X,222053683,
2020,1780086827,207V00000X,33021,
2020,1952703878,207V00000X,330295614,
2020,1972991222,207RI0200X,857041144,
2020,1598153843,207RH0003X,852841812,
2020,1942692777,207V00000X,92324,
2020,1174916803,207VM0101X,309015107,
2020,1073990032,207VX0201X,342393605,
2020,1053798710,207VM0101X,599013135,
2020,1417334178,207VX0201X,392021689,
2020,1316324973,207VM0101X,898012728,
2020,1811365802,207VF0040X,782583943,
2020,1508234402,207V00000X,271035846,
2020,1932574068,207RH0003X,740744370,
2020,1922473859,207VX0201X,312017512,
2020,1477928125,207VM0101X,024457224,
2020,1487013587,207V00000X,802383324,
2020,1912366022,207V00000X,809207851,
2020,1679932651,207VE0102X,891482445,
2020,1356700298,207VF0040X,358014262,
2020,1629423793,207VX0201X,977016752,
2020,1952756561,207VM0101X,021156110,
2020,1134574775,207VX0201X,190133902,
2020,1477901460,207V00000X,191045502,
2020,1669927752,207V00000X,773843017,
2020,1932654951,207VE0102X,891132215,
2020,1225588528,207VX0201X,198103643,
2020,1992255905,207VM0101X,216014302,
2020,1689117673,207V00000X,087501010,
2020,1679011886,207VM0101X,070132473,
2020,1154869386,207VX0201X,165024602,
2020,1548779861,207V00000X,065103220,
2020,1851890990,207VE0102X,11072020,
2020,1750880118,176B00000X,194606127,
2020,1982108098,207VF0040X,300646426,
2020,1417444803,207V00000X,292012930,
2020,1306333695,207VF0040X,191074408,
2020,1174016844,207VF0040X,330094835,
2020,1518445212,207VM0101X,871065205,
2020,1801360516,207VM0101X,381194713,
2020,1376017715,207VX0201X,773844103,
2020,1194299339,207VF0040X,482022608,
2020,1891351847,207VM0101X,274087021,
2020,1184280042,207VE0102X,142282783,
2020,1598317091,207VE0102X,100222049,
2020,1700434420,207VX0201X,232351979,
2020,1073154894,207VM0101X,323084402,
2020,1851938906,207VE0102X,069055315,
2020,1881227114,207VG0400X,018016389,
2020,1912534884,207V00000X,326054370,
2020,1235750894,207VE0102X,300221408,
2020,1619594496,207VX0201X,064923470,
2020,1326665621,207VE0102X,921212155,
2020,1932711868,207VF0040X,802065328,
2020,1548876923,207VF0040X,282108538,
2020,1326648577,207VM0101X,N8X2R3,
2020,1114527132,207VX0201X,322161463,
2020,1952399701,207VX0201X,191405103,191112443
2020,1053392670,207VM0101X,850134295,857047870
2020,1265412589,207VX0201X,331251610,708175128
2020,1407836646,207V00000X,237082111,229082111
2020,1114997285,207VX0201X,271033019,282043203
2020,1245204114,207VX0000X,559050001,547035222
2020,1598739492,207V00000X,46601,468451707
2020,1619941523,207V00000X,60153,606223778
2020,1629042759,207V00000X,60611,60195
2020,1598739336,207VM0101X,895021196,895021262
2020,1649236480,174400000X,908061553,905054725
2020,1093771792,207VE0102X,282071109,328031456
2020,1508810763,207VE0102X,940631433,940631536
2020,1457399560,207VM0101X,837048729,805243960
2020,1538107644,207VG0400X,117334079,122083797
2020,1235173964,207V00000X,306777311,305776607
2020,1912942962,207VM0101X,229032824,229080001
2020,1790713329,207VE0102X,322569111,328061124
2020,1598793135,207V00000X,804015027,800336034
2020,1255359675,207V00000X,531427884,602011718
2020,1356359020,207VM0101X,080439612,190133902
2020,1144233412,207VM0101X,226012841,254012801
2020,1588677751,207V00000X,880053423,920692973
2020,1003924523,207VE0102X,29464,294258908
2020,1295842029,207V00000X,287047714,288039405
2020,1902902760,207VX0201X,132101529,130579248
2020,1588745327,207VM0101X,32901,300336149
2020,1386725091,207VM0101X,481243057,481245032
2020,1013088400,207VX0201X,079606136,11030
2020,1548324635,207VM0101X,303285510,328376901
2020,1053466011,207VE0102X,921212111,920370972
2020,1033264098,207V00000X,303222614,191042614
2020,1770628794,207V00000X,402021845,450692509
2020,1346454634,207V00000X,532331308,257013656
2020,1194939264,207V00000X,45220,410173403
2020,1356555635,207V00000X,170114518,170332360
2020,1265640676,207V00000X,232191901,232985051
2020,1518175173,207VX0201X,061051208,117940001
2020,1295939148,207V00000X,174035074,152133108
2020,1801090626,207V00000X,40202,174035074
2020,1700080397,207V00000X,17050,19406
2020,1508061003,207VM0101X,972132991,972256689
2020,1528267879,207V00000X,29425,299108965
2020,1518167642,207V00000X,209101476,606124325
2020,1447450499,207VX0201X,79106,770941286
2020,1811197767,207VM0101X,981951250,432101250
2020,1093909228,207VG0400X,922624800,910103200
2020,1336310945,207V00000X,99204,99204
2020,1235306713,207VM0101X,787051012,104611900
2020,1407023989,207VM0101X,972132991,972256689
2020,1366603763,207V00000X,19140,32804
2020,1336395888,207VX0201X,606576704,021184001
2020,1720234107,207V00000X,661608500,648043503
2020,1538315833,207VM0101X,280252982,282108413
2020,1437309283,207VX0201X,352493720,100323720
2020,1679728802,207VM0101X,334106296,334612175
2020,1215172937,207V00000X,904042303,90048
2020,1932340957,207VE0102X,941432202,021156110
2020,1821224437,207V00000X,22205,200372342
2020,1891922340,207V00000X,191405103,296623278
2020,1821225327,207V00000X,37920,376603764
2020,1972735991,207VM0101X,94109,940103226
2020,1609191972,207V00000X,941432202,100146329
2020,1649595752,207V00000X,770303004,941103518
2020,1225353055,207VM0101X,537151830,537151830
2020,1528383163,207VX0201X,27157,77030
2020,1871818534,207VX0201X,770304009,212870005
2020,1568782381,207VX0201X,314056087,299105023
2020,1447570122,207VX0201X,02904,191076130
2020,1033439690,207VM0101X,121599276,24013
2020,1134449697,207V00000X,06106,060522016
2020,1023338472,207V00000X,78234,20889
2020,1669761177,207VM0101X,60611,432101267
2020,1700176070,207V00000X,37916,271570001
2020,1184917841,207V00000X,76104,761044145
2020,1346534948,207VF0040X,346554421,34209
2020,1275827719,207V00000X,452302356,452202475
2020,1932497245,207VX0201X,342393605,200373201
2020,1740558022,207VM0101X,85304,071032496
2020,1053677591,207VX0201X,46250,46250
2020,1730446006,207V00000X,323084600,483365919
2020,1912264151,207VM0101X,294253013,299108965
2020,1386901288,207VF0040X,30909,309096554
2020,1093079634,207V00000X,271572868,294252868
2020,1942557871,390200000X,037560001,97239
2020,1639418452,207VX0201X,55455,212872109
2020,1083954606,207V00000X,495032577,081031438
2020,1174966451,207VX0201X,282072134,280252948
2020,1831532126,207VM0101X,200373201,20037
2020,1265876494,390200000X,731045018,741352536
2020,1346684123,207VE0102X,076041815,331361005
2020,1245678291,207V00000X,13210,191076130
2020,1922447648,207VM0101X,782073154,753907208
2020,1437598968,207V00000X,296054281,296055611
2020,1992123210,207VE0102X,52242,336063475
2020,1598183634,207VF0040X,32224,800452570
2020,1720492317,207V00000X,52242,606371447
2020,1548674971,207V00000X,460323010,631418221
2020,1811374101,207VX0201X,291188235,11201
2020,1417335415,207V00000X,060322568,060308082
2020,1316325244,390200000X,441950001,037561000
2020,1578925723,207V00000X,559050001,303033033
2020,1497118418,207VX0201X,731045418,701122865
2020,1073042859,207VX0201X,794101318,791093900
2020,1932608106,207L00000X,85381,850131399
2020,1952869729,207VX0201X,890307277,891091672
2020,1225676620,207VM0101X,914362429,900486168
2020,1437750932,207VE0102X,100222049,100193149
2020,1952399701,207VX0201X,191405103,191036231
2020,1538107644,207VG0400X,117334079,115014198
2020,1912942962,207VM0101X,229032824,227013959
2020,1790713329,207VE0102X,322569111,441055521
2020,1295842029,207V00000X,287047714,287913760
2020,1265640676,207V00000X,232191901,232351900
2020,1528267879,207V00000X,29425,299026900
2020,1447450499,207VX0201X,79106,770941286
2020,1336310945,207V00000X,99204,993523558
2020,1336395888,207VX0201X,606576704,021182334
2020,1538315833,207VM0101X,280252982,282072134
2020,1215172937,207V00000X,904042303,900481804
2020,1821225327,207V00000X,37920,376046056
2020,1972735991,207VM0101X,94109,954044813
2020,1871818534,207VX0201X,770304009,212870005
2020,1033439690,207VM0101X,121599276,170332360
2020,1700176070,207V00000X,37916,271570001
2020,1184917841,207V00000X,76104,775550587
2020,1932497245,207VX0201X,342393605,559050001
2020,1386901288,207VF0040X,30909,016052903
2020,1174966451,207VX0201X,282072134,282042990
2020,1831532126,207VM0101X,200373201,27705
2020,1952399701,207VX0201X,191405103,191182722
2020,1790713329,207VE0102X,322569111,322587420
2020,1295842029,207V00000X,287047714,287116306
2020,1538315833,207VM0101X,280252982,282042963
2020,1972735991,207VM0101X,94109,941104422
2020,1386901288,207VF0040X,30909,016052903
2020,1831532126,207VM0101X,200373201,35249
2020,1972735991,207VM0101X,94109,946091710
2020,1972735991,207VM0101X,94109,949455055
2020,1972735991,207VM0101X,94109,940104506
2020,1972735991,207VM0101X,94109,229032824
2020,1114929205,207VE0102X,852584588,
2020,1861496739,207VE0102X,503258143,
2020,1245234004,207VX0201X,278345704,
2020,1952305765,207V00000X,483343275,
2020,1336143031,207V00000X,462021264,
2020,1669476370,207VG0400X,630173662,
2020,1437153012,207VX0201X,061051719,
2020,1649274390,207VE0102X,773843002,
2020,1770587248,207VM0101X,705083850,
2020,1689678153,207VM0101X,705083850,
2020,1821092362,207VX0201X,995086903,
2020,1578567053,207VM0101X,485035902,
2020,1437153913,207VX0201X,462502042,
2020,1356345789,207VE0102X,949042017,
2020,1386649713,207VG0400X,911053154,
2020,1811989098,207VM0101X,374032724,
2020,1275525453,207VM0101X,891484858,
2020,1184616369,207VM0101X,371675688,
2020,1518959477,207VE0102X,853083795,
2020,1194717991,207VG0400X,850161302,
2020,1932191749,207VM0101X,278344300,
2020,1316939101,207VG0400X,850161302,
2020,1477545127,207VG0400X,460164389,
2020,1063404812,207V00000X,463201931,
2020,1770575474,207VX0201X,850164880,
2020,1992797682,207VE0102X,278343736,
2020,1942292644,207VX0201X,27858,
2020,1134111867,207VX0201X,392164643,
2020,1841282415,207VM0101X,278344300,
2020,1326030966,207VX0201X,334448193,
2020,1073505681,207VG0400X,458053110,
2020,1417949066,207VM0101X,309015104,
2020,1932191582,207VX0201X,312012100,
2020,1558353193,207VM0101X,309015104,
2020,1336131812,207VG0400X,750938497,
2020,1407848906,207VF0040X,13203,
2020,1073505525,207VX0201X,452203027,
2020,1023000544,174400000X,452203027,
2020,1821080342,207VM0101X,309015104,
2020,1225025547,207VM0101X,100166402,
2020,1508853581,207VE0102X,024217305,
2020,1245227206,207VE0102X,02026,
2020,1841287844,207V00000X,176012433,
2020,1942297080,207VX0201X,122081742,
2020,1669469649,207VE0102X,024217305,
2020,1487641437,207SG0201X,841091660,
2020,1891782736,207VX0201X,485032044,
2020,1124015029,207VE0102X,02026,
2020,1023005865,207VM0101X,191405103,
2020,1487641247,207V00000X,522421009,
2020,1093702862,207V00000X,972393011,
2020,1003803867,207V00000X,522421009,
2020,1811985666,207V00000X,522421009,
2020,1982692737,207V00000X,522421009,
2020,1184605677,207VX0201X,170509497,
2020,1811978281,207V00000X,805385004,
2020,1073594404,207VM0101X,009616910,
2020,1871574285,207VE0102X,021142621,
2020,1538141817,207VM0101X,761044146,
2020,1629050919,207V00000X,021156110,
2020,1730160037,207VM0101X,441242299,
2020,1265414593,207VX0201X,292108239,
2020,1528040854,207VX0201X,292108239,
2020,1871575142,207VX0201X,958172307,
2020,1285616557,207VX0201X,958172307,
2020,1215919535,207VE0102X,782293931,
2020,1164403457,207VM0101X,115591029,
2020,1649252974,207VE0102X,447182408,
2020,1346222692,207V00000X,021184001,
2020,1205818465,207VM0101X,93636,
2020,1316929565,207VX0201X,930032909,
2020,1407838535,207VE0102X,483224182,
2020,1215919477,207VX0201X,958172307,
2020,1477535508,207V00000X,333242754,
2020,1215919428,207VM0101X,022155400,
2020,1972585040,207VX0201X,330281015,
2020,1962484030,207VX0201X,330215424,
2020,1881676906,207VM0101X,750358298,
2020,1184606212,207V00000X,330218103,
2020,1043292113,207V00000X,331251610,
2020,1851377642,207VE0102X,336147144,
2020,1538145339,207VE0102X,337591353,
2020,1205813854,207P00000X,325016339,
2020,1861479354,207V00000X,329033149,
2020,1821075151,207VX0201X,333081412,
2020,1871570044,207VX0201X,197132055,
2020,1013994425,207VE0102X,48124,
2020,1629055074,207V00000X,641324128,
2020,1174503460,207VX0201X,346137372,
2020,1740260082,207VM0101X,752031201,
2020,1003896341,207VM0101X,080802359,
2020,1245210582,207VE0102X,945385818,
2020,1114907581,207VX0201X,271033013,
2020,1760462915,207VM0101X,333263251,
2020,1083694228,207VM0101X,750757738,
2020,1255311494,207VM0101X,752314391,
2020,1164402301,207VM0101X,750937939,
2020,1790765931,207VM0101X,752302505,
2020,1578543740,207V00000X,283104810,
2020,1821078098,207VX0201X,110303816,
2020,1902886120,207VM0101X,038202868,
2020,1780654871,207VX0201X,271033019,
2020,1588644710,207V00000X,328062028,
2020,1669442893,207V00000X,328061008,
2020,1578533709,207V00000X,328061014,
2020,1770553919,207VG0400X,200102927,
2020,1356311443,207VX0201X,037561000,
2020,1275503419,207VE0102X,237082111,
2020,1407826423,207VE0102X,911052515,
2020,1952371973,207VE0102X,900641524,
2020,1336119353,207VE0102X,913613748,
2020,1942270731,207VE0102X,372031513,
2020,1801866603,207VM0101X,333263251,
2020,1528038320,207VM0101X,333242754,
2020,1396715272,207VE0102X,334281759,
2020,1033189014,207VM0101X,322078345,
2020,1033189907,207VE0102X,372031513,
2020,1346210226,207VM0101X,799257647,
2020,1508836396,207V00000X,750937354,
2020,1235109026,207VM0101X,753902420,
2020,1154391951,207RE0101X,55905,
2020,1760452502,207VX0201X,325048615,
2020,1225008071,207V00000X,235071914,
2020,1730159419,207VM0101X,022155400,
2020,1184694705,207V00000X,194034261,
2020,1215901194,207VE0102X,358017416,
2020,1972577989,207VM0101X,972271683,
2020,1144294281,207VE0102X,601691090,
2020,1124092010,207VE0102X,104611138,
2020,1669446696,207VM0101X,02135,
2020,1730153743,207V00000X,200102927,
2020,1518931757,207VM0101X,950515173,
2020,1508830746,207VX0201X,079606136,
2020,1306810429,207VE0102X,019233759,
2020,1740254879,207VM0101X,495032515,
2020,1225002363,207VM0101X,685061276,
2020,1679547715,207VM0101X,601533328,
2020,1841264983,207VM0101X,605213829,
2020,1548234792,207VE0102X,200373201,
2020,1619941879,207V00000X,631081402,
2020,1891769543,207V00000X,802055503,
2020,1821062639,207VX0201X,152375815,
2020,1427022375,174400000X,05401,
2020,1710951413,207V00000X,441061716,
2020,1912971672,207V00000X,152133108,
2020,1780658443,207VM0101X,481971051,
2020,1902871593,207V00000X,187044968,
2020,1982679635,207VM0101X,170332360,
2020,1427023175,207VG0400X,522421009,
2020,1902870611,207VM0101X,37604,
2020,1679548341,207V00000X,985065028,
2020,1639139942,207V00000X,030602921,
2020,1396705554,207VM0101X,358013730,
2020,1932169190,208800000X,765080001,
2020,1750341921,207V00000X,108015503,
2020,1255391058,207V00000X,554073723,
2020,1821058942,207VE0102X,303288102,
2020,1467412585,207V00000X,481971014,
2020,1275593394,207VE0102X,303421522,
2020,1700846821,207VE0102X,30342,
2020,1225098346,207VE0102X,30342,
2020,1255391256,207VE0102X,02421,
2020,1144280249,207V00000X,852842604,
2020,1881654887,207VX0201X,480736710,
2020,1508826629,207VE0102X,30342,
2020,1528028305,207V00000X,232294933,
2020,1881654986,207VM0101X,480736769,
2020,1518927565,207V00000X,11418,
2020,1740240654,207VE0102X,48302,
2020,1659331403,207VE0102X,020262637,
2020,1043270994,207VM0101X,554073723,
2020,1548220320,207V00000X,554073723,
2020,1477513174,207VM0101X,480736712,
2020,1295795854,207VM0101X,294254933,
2020,1467418103,207VM0101X,402074707,
2020,1376509018,207VM0101X,402074707,
2020,1427014380,207VM0101X,077534488,
2020,1972569838,207VM0101X,945871507,
2020,1609832575,207VM0101X,441091900,
2020,1114983038,207VX0201X,296054255,
2020,1144286014,207VG0400X,787051188,
2020,1164488045,207V00000X,800452545,
2020,1821054602,207V00000X,232985054,
2020,1780640441,207V00000X,02115,
2020,1811953540,207VX0201X,40503,
2020,1326004979,207VE0102X,190013725,
2020,1962468512,207VE0102X,920371208,
2020,1295791705,207V00000X,061025037,
2020,1114983780,207VE0102X,152354566,
2020,1235195801,207VE0102X,079013533,
2020,1508822933,207V00000X,26506,
2020,1992761274,207VM0101X,761042158,
2020,1487610705,207V00000X,753907208,
2020,1558327874,207SG0201X,753907208,
2020,1962468223,207VM0101X,191021121,
2020,1528024825,207SG0201X,753907208,
2020,1972569218,207VG0400X,454594779,
2020,1245296409,207V00000X,454092939,
2020,1447208756,207VX0201X,752462003,
2020,1235187543,207VM0101X,282043193,
2020,1376591743,207VM0101X,190963450,
2020,1396794681,207VX0201X,322078432,
2020,1073562393,207VM0101X,605213829,
2020,1831148196,207V00000X,975046193,
2020,1477502656,207VM0101X,537151830,
2020,1134178205,207VE0102X,554071544,
2020,1417906561,207VM0101X,333119026,
2020,1598714644,207VX0201X,288062207,
2020,1477502540,207VM0101X,333162510,
2020,1548219611,207VE0102X,554071544,
2020,1457300527,207VE0102X,554071320,
2020,1275582348,207VE0102X,554071544,
2020,1770532707,207VM0101X,921039000,
2020,1881643989,207VG0400X,871064917,
2020,1710936778,207VX0201X,069022594,
2020,1083663983,207VM0101X,482382793,
2020,1790734366,207VE0102X,895112060,
2020,1245284058,207VM0101X,282043261,
2020,1174577514,207VE0102X,190871824,
2020,1679527113,207V00000X,931054305,
2020,1538113899,207V00000X,392021687,
2020,1467406918,207RH0003X,29210,
2020,1225082704,207VE0102X,752302505,
2020,1487608907,207VM0101X,503143126,
2020,1770537201,207VM0101X,402021835,
2020,1558315853,207V00000X,288032868,
2020,1457305757,207VM0101X,841320001,
2020,1689628992,207V00000X,846043380,
2020,1609820042,207VM0101X,076311809,
2020,1396799730,207VE0102X,190871824,
2020,1346294360,207V00000X,466011073,
2020,1366496465,207VG0400X,291694848,
2020,1336193481,207VE0102X,392021650,
2020,1104864446,207VM0101X,11355,
2020,1295772515,207VX0201X,19104,
2020,1174561401,207VE0102X,920371224,
2020,1225076342,207VE0102X,201903215,
2020,1629016936,207VM0101X,984055307,
2020,1841238060,207VM0101X,532263522,
2020,1871530147,207V00000X,921232778,
2020,1215974506,207VE0102X,024511100,
2020,1124065412,207VE0102X,024457237,
2020,1568409894,207VM0101X,376603764,
2020,1730127069,207V00000X,921038201,
2020,1790722155,207VE0102X,080533900,
2020,1134166598,207VM0101X,980343013,
2020,1134166531,207VE0102X,606575105,
2020,1669410734,207VE0102X,48034,
2020,1396783486,207V00000X,841320002,
2020,1801834809,207VX0201X,787314214,
2020,1639117526,207VF0040X,366041541,
2020,1417995465,207VF0040X,336124742,
2020,1952345647,207VX0201X,100214870,
2020,1801830328,207VG0400X,405360001,
2020,1538103056,207VG0400X,405360001,
2020,1841234580,207VF0040X,174035074,
2020,1467496869,207VX0000X,282043215,
2020,1275577660,207VX0201X,441950001,
2020,1891739173,207VX0201X,631101032,
2020,1346284627,207VE0102X,75231,
2020,1316981699,207VM0101X,945982961,
2020,1669416954,207VM0101X,837048704,
2020,1821032897,207VE0102X,800452545,
2020,1306880398,207VG0400X,837126267,
2020,1205870482,207V00000X,921038201,
2020,1669416756,207VM0101X,600681186,
2020,1780628990,207VE0102X,152133108,
2020,1609810779,207VX0201X,441950001,
2020,1730123910,207VE0102X,405360001,
2020,1407891450,207VE0102X,405360001,
2020,1487699435,207VX0201X,405360001,
2020,1659315869,207VM0101X,146420001,
2020,1366487316,207VM0101X,35233,
2020,1790720761,207VM0101X,405360001,
2020,1316981541,207V00000X,55455,
2020,1639107360,207VM0101X,600681186,
2020,1083642011,207VM0101X,35233,
2020,1376571315,207VX0201X,245032030,
2020,1417985391,207VM0101X,074071842,
2020,1033147913,207VM0101X,900950001,
2020,1861420911,207VX0201X,122051612,
2020,1740218809,207VE0102X,029052401,
2020,1962430884,207V00000X,984031646,
2020,1205864071,207VM0101X,105801404,
2020,1841228442,207V00000X,191076130,
2020,1346278967,207VE0102X,945382299,
2020,1225066848,207V00000X,212870005,
2020,1801824552,207VE0102X,334343959,
2020,1235167719,207V00000X,443041619,
2020,1609805068,207VX0201X,100217215,
2020,1427087881,207VM0101X,021111526,
2020,1255360624,207VG0400X,208154330,
2020,1730118100,207VM0101X,631418232,
2020,1629007091,207SG0201X,941173600,
2020,1932138468,207VX0201X,100217215,
2020,1205865524,207VX0201X,752512100,
2020,1184653511,207VM0101X,152133108,
2020,1336178763,207VE0102X,606371447,
2020,1023046588,207VM0101X,462602495,
2020,1982633228,207V00000X,972393011,
2020,1780618579,207VM0101X,076421340,
2020,1356375380,207VM0101X,752461713,
2020,1467486407,207VX0201X,940287952,
2020,1700810553,207VE0102X,079202976,
2020,1073547840,207VE0102X,079202976,
2020,1326072703,207VM0101X,146420001,
2020,1689608101,207VM0101X,797614572,
2020,1336173251,207V00000X,277100001,
2020,1083648661,207VM0101X,782293901,
2020,1669406302,207VE0102X,011991619,
2020,1265466809,207V00000X,55455,
2020,1689608572,207VG0400X,19107,
2020,1568496453,207VE0102X,079202976,
2020,1730113630,207VE0102X,554071544,
2020,1164456067,207V00000X,122083412,
2020,1326071309,207VE0102X,685061225,
2020,1538193156,207V00000X,189404500,
2020,1083648687,207VE0102X,900950001,
2020,1639103468,207VE0102X,079202976,
2020,1275550352,207VE0102X,037561000,
2020,1578580536,207V00000X,727628704,
2020,1073530572,207VE0102X,606113907,
2020,1306864830,207V00000X,021156110,
2020,1427075936,207V00000X,113731329,
2020,1982622437,207VM0101X,631081402,
2020,1790702322,207V00000X,606123841,
2020,1790702280,207V00000X,113731329,
2020,1790702421,207V00000X,10021,
2020,1518984152,207V00000X,794153300,
2020,1962420463,207VM0101X,631081402,
2020,1619995131,207VX0201X,40536,
2020,1700804242,207VG0400X,350103393,
2020,1518985050,207VE0102X,021156110,
2020,1942224027,207V00000X,336073804,
2020,1720001852,207VG0400X,321743181,
2020,1588688428,207V00000X,77089,
2020,1619990744,207VM0101X,214017580,
2020,1578586798,207VG0400X,365074163,
2020,1861416844,207V00000X,328277401,
2020,1073537676,207VE0102X,229114627,
2020,1164446779,207VM0101X,631418221,
2020,1871517490,207VX0201X,891451119,
2020,1205850823,207VM0101X,837061309,
2020,1407870843,207VE0102X,30342,
2020,1023022167,207V00000X,17101,
2020,1376557389,207VF0040X,495035732,
2020,1174547798,207VX0201X,891692578,
2020,1982628111,207VX0201X,197132081,
2020,1063426195,207V00000X,126014719,
2020,1730103995,207VX0201X,837126223,
2020,1275557829,207VM0101X,331016960,
2020,1780608331,207VM0101X,38301,
2020,1639183767,207V00000X,331732596,
2020,1649288523,207VM0101X,63117,
2020,1093723975,207VM0101X,63117,
2020,1134137813,207VX0201X,483415023,
2020,1083622765,207VX0201X,152242156,
2020,1841208725,207VM0101X,63117,
2020,1598773475,207VM0101X,347445260,
2020,1699783456,207V00000X,152242156,
2020,1972511731,207VE0102X,601813941,
2020,1912915786,207V00000X,152133108,
2020,1205844131,207VE0102X,46032,
2020,1245248988,207VX0201X,152242156,
2020,1013925841,207VX0201X,117954418,
2020,1780692483,207VM0101X,441115610,
2020,1316955321,207VE0102X,46032,
2020,1124036132,207VE0102X,46032,
2020,1669480612,207V00000X,00909,
2020,1275541146,207VX0201X,631171818,
2020,1447268313,207VX0201X,631171818,
2020,1982612743,207V00000X,152242156,
2020,1134137912,207V00000X,292036839,
2020,1477561579,207VE0102X,210937031,
2020,1427067990,207V00000X,606575147,
2020,1578576054,207V00000X,212046800,
2020,1477566958,207V00000X,212046800,
2020,1790798536,207VM0101X,666041301,
2020,1215940911,207VM0101X,905022047,
2020,1619980638,207VM0101X,926633523,
2020,1417960022,207VE0102X,752302505,
2020,1124031745,207VE0102X,752302505,
2020,1871506840,207V00000X,441950001,
2020,1366455362,207VM0101X,900481804,
2020,1679586218,207VE0102X,911053045,
2020,1144233487,207VM0101X,937012184,
2020,1225041510,207V00000X,481081649,
2020,1780797944,207VX0201X,152373348,
2020,1003929126,207V00000X,606112292,
2020,1801809066,207V00000X,100166402,
2020,1639182819,207V00000X,331461501,
2020,1518970995,207V00000X,395312410,
2020,1053424242,207V00000X,753907208,
2020,1760595953,207VX0201X,947042608,
2020,1871606087,207V00000X,750392420,
2020,1851404073,207V00000X,40202,
2020,1437266277,207VE0102X,271035661,
2020,1265549919,207Q00000X,288032868,
2020,1023126562,207VE0102X,926633522,
2020,1659489284,207V00000X,040749692,
2020,1376651091,207VG0400X,341347594,
2020,1487761235,207VM0101X,100382612,
2020,1124136742,207VG0400X,341347594,
2020,1538277181,207L00000X,372122637,
2020,1881701522,207VM0101X,680223913,
2020,1770691289,207VE0102X,29464,
2020,1326156068,207VM0101X,462561714,
2020,1790893287,207VX0201X,968261001,
2020,1033227491,207VE0102X,029052401,
2020,1609984905,207V00000X,871064900,
2020,1184732406,207VX0201X,553443248,
2020,1801904123,207VM0101X,275990001,
2020,1093826828,207VM0101X,591010905,
2020,1700998366,207VG0400X,60068,
2020,1366553497,207VX0201X,605231245,
2020,1437260775,207VX0201X,914032109,
2020,1346351327,207VM0101X,802055503,
2020,1558472696,207V00000X,158252323,
2020,1437260973,207V00000X,040112653,
2020,1790896256,174400000X,040112653,
2020,1083725089,207VM0101X,430177589,
2020,1902918048,207VX0201X,605231245,
2020,1902917081,207VM0101X,106014615,
2020,1922110972,207VX0000X,972103041,
2020,1265538912,207V00000X,922319722,
2020,1013014745,207VE0102X,837027307,
2020,1184720906,207VX0201X,77030,
2020,1558468116,207VM0101X,441091900,
2020,1376640086,207V00000X,908061553,
2020,1083711790,207VM0101X,333232843,
2020,1861599573,207PP0204X,928684900,
2020,1497852107,207V00000X,333232843,
2020,1962509653,207VX0201X,069055339,
2020,1629175336,207V00000X,950080665,
2020,1780781492,207VM0101X,722057202,
2020,1407953110,207VM0101X,333232843,
2020,1407953011,207VX0201X,321142709,
2020,1922105485,207V00000X,857240001,
2020,1154429884,207VE0102X,060522016,
2020,1043318504,207VG0400X,486025303,
2020,1033216007,207VM0101X,011071619,
2020,1568563872,207VE0102X,60504,
2020,1649371972,207VM0101X,445126778,
2020,1043307838,207V00000X,481094276,
2020,1801982624,207VX0201X,770304009,
2020,1134216955,207VE0102X,840924318,
2020,1649367285,207VE0102X,799125504,
2020,1285721605,207V00000X,75013,
2020,1578650818,207V00000X,212242735,
2020,1982791505,207VF0040X,065191369,
2020,1801983275,207VX0201X,329015417,
2020,1144317652,207VE0102X,112202559,
2020,1265529903,207VE0102X,60026,
2020,1346337839,207V00000X,080434689,
2020,1104913425,207VF0040X,93311,
2020,1841387313,207V00000X,975046193,
2020,1790872406,207VX0201X,347445260,
2020,1952498412,207VX0201X,452194231,
2020,1225125669,207VF0040X,283454567,
2020,1235226697,207VE0102X,112291064,
2020,1750462743,207VE0102X,220031275,
2020,1801977749,207VM0101X,454291268,
2020,1770664542,207RH0003X,782293307,
2020,1952482994,207V00000X,336063603,
2020,1942381926,207V00000X,77030,
2020,1760563456,207VM0101X,300336149,
2020,1952482879,207VM0101X,06830,
2020,1902987787,207VM0101X,958154300,
2020,1740361252,207V00000X,857240001,
2020,1952482846,207VE0102X,336171126,
2020,1477634095,207VE0102X,481245032,
2020,1326129982,207VE0102X,106051430,
2020,1134200611,207VM0101X,61801,
2020,1164503058,207VE0102X,208506352,
2020,1356422190,207VG0400X,100214156,
2020,1215012505,207VM0101X,936368761,
2020,1306921283,207VE0102X,016052903,
2020,1679658504,207VE0102X,489121800,
2020,1851476964,207VM0101X,630173662,
2020,1043395122,207VE0102X,37934,
2020,1407931538,207V00000X,802204020,
2020,1235214438,207VM0101X,342081452,
2020,1457436719,207VX0201X,91010,
2020,1639254741,207VX0201X,125504853,
2020,1588749618,207VE0102X,33908,
2020,1366527392,207VF0040X,770304009,
2020,1326118043,207RX0202X,941432204,
2020,1508936964,207VG0400X,30328,
2020,1003986431,207VM0101X,117334080,
2020,1659442044,207VE0102X,11030,
2020,1285705665,207VM0101X,109414028,
2020,1639240732,207VM0101X,571051063,
2020,1396816096,207VX0201X,838142601,
2020,1265503148,207V00000X,91105,
2020,1235200189,207VX0201X,11030,
2020,1740356393,207VM0101X,857126118,
2020,1548336043,207VM0101X,11206,
2020,1265508493,207VE0102X,895112060,
2020,1437225877,207V00000X,071071317,
2020,1487720710,207VE0102X,972015128,
2020,1184783516,207VM0101X,775555302,
2020,1083773469,207VE0102X,85258,
2020,1629137047,207VM0101X,775555302,
2020,1922167352,207VM0101X,787121845,
2020,1104985712,207VE0102X,900276021,
2020,1659431096,207V00000X,253091364,
2020,1104986553,207VX0201X,770047083,
2020,1003976465,207VM0101X,775555302,
2020,1073673448,207V00000X,775555302,
2020,1841359239,207V00000X,775984234,
2020,1053471433,207VG0400X,700017404,
2020,1275693533,207VM0101X,880303755,
2020,1891855763,207V00000X,212046808,
2020,1902966724,207VM0101X,96362,
2020,1346300308,207VX0201X,203070001,
2020,1104986892,207VM0101X,322078334,
2020,1487714127,207VM0101X,075041313,
2020,1700940319,207VX0201X,038017156,
2020,1780748087,207VX0201X,941153010,
2020,1336203496,207VM0101X,921038433,
2020,1649334723,207VM0101X,303421626,
2020,1285798314,207VM0101X,100191147,
2020,1184788374,207VM0101X,176012433,
2020,1811051824,207VM0101X,452670001,
2020,1710041736,207VM0101X,921038434,
2020,1578628350,207V00000X,535482940,
2020,1053461640,207VE0102X,934055813,
2020,1609926294,207VM0101X,285466822,
2020,1861542664,174400000X,606162315,
2020,1851442396,207V00000X,770301608,
2020,1821149238,207VG0400X,600855701,
2020,1962553479,207VX0201X,122081742,
2020,1144371378,207VM0101X,968143801,
2020,1083765226,207VM0101X,77030,
2020,1508911538,207VG0400X,943052200,
2020,1073668034,207VE0102X,352232420,
2020,1457405490,207VM0101X,100211851,
2020,1447304415,207VE0102X,333241063,
2020,1992859904,207VM0101X,100221008,
2020,1639224629,207VE0102X,900256646,
2020,1154476190,207V00000X,197137016,
2020,1861547804,207V00000X,191075176,
2020,1356496301,207V00000X,191075701,
2020,1962557967,207VE0102X,900256646,
2020,1326192428,207V00000X,606113907,
2020,1891849832,207VE0102X,208506478,
2020,1326192337,207VE0102X,191311626,
2020,1336294362,207VE0102X,981011720,
2020,1558416503,207V00000X,191044206,
2020,1972658920,207V00000X,191044238,
2020,1295880995,207V00000X,936383719,
2020,1801941539,207VC0200X,373801305,
2020,1780739359,207VM0101X,303421608,
2020,1356496038,207VX0201X,19102,
2020,1558416339,207VX0201X,110303006,
2020,1124173851,207V00000X,61104,
2020,1487792487,207VE0102X,945382310,
2020,1801934856,207VE0102X,444068149,
2020,1336287093,207VX0201X,605047206,
2020,1679611339,207VE0102X,206784019,
2020,1982742870,207SG0201X,554073723,
2020,1508904475,207VM0101X,337014815,
2020,1013055813,207VX0201X,782293822,
2020,1255479945,207V00000X,800452545,
2020,1023156627,207VE0102X,100164804,
2020,1942349345,207RH0003X,465142477,
2020,1245379510,207V00000X,943052200,
2020,1609915081,207SG0201X,022155400,
2020,1982749834,207VE0102X,45459,
2020,1063557940,207VM0101X,326054381,
2020,1285779355,207VM0101X,086184502,
2020,1669517876,207VE0102X,22003,
2020,1649315284,207VE0102X,00961,
2020,1871622936,207V00000X,208523905,
2020,1275662017,207V00000X,080342413,
2020,1699804815,207VM0101X,809095533,
2020,1740319003,207V00000X,631171818,
2020,1023147055,207VX0201X,303421626,
2020,1932238961,207VX0201X,302742612,
2020,1235269895,207VX0201X,801132736,
2020,1609900695,207VE0102X,60540,
2020,1235262650,207V00000X,891022351,
2020,1063546067,207VM0101X,080431548,
2020,1669505053,207V00000X,602011718,
2020,1326171745,207V00000X,891022351,
2020,1629101928,207QA0401X,833014563,
2020,1922125582,207VE0102X,945835409,
2020,1659499705,207VM0101X,481971096,
2020,1740308808,207VF0040X,054036491,
2020,1790803773,207VE0102X,07039,
2020,1780702761,207VE0102X,07039,
2020,1598883571,207VE0102X,07039,
2020,1851410534,207VE0102X,941332122,
2020,1891817920,207VE0102X,208503472,
2020,1306969480,207VG0400X,257021236,
2020,1508989468,207VX0201X,95816,
2020,1073636940,207VM0101X,928683201,
2020,1285757997,207VM0101X,537151507,
2020,1235252081,207VM0101X,317011943,
2020,1619090107,207V00000X,176012433,
2020,1285757773,207VE0102X,60540,
2020,1003939646,207VE0102X,079202976,
2020,1073730891,207VX0201X,910103012,
2020,1619195922,207VX0201X,631171818,
2020,1962620286,207VE0102X,11355,
2020,1316165608,207VM0101X,770691125,
2020,1609094093,207VM0101X,770704311,
2020,1194943324,207VE0102X,956889430,
2020,1013135599,207VG0400X,215023765,
2020,1720206063,207VE0102X,631171818,
2020,1285852293,207VM0101X,35233,
2020,1093929358,207VG0400X,14617,
2020,1780898973,207V00000X,200162633,
2020,1558575647,207VM0101X,100654870,
2020,1457565426,207VG0400X,606118700,
2020,1427262401,207VE0102X,97205,
2020,1609081140,207VE0102X,900174005,
2020,1831303320,207VM0101X,080434501,
2020,1093923765,207V00000X,240833258,
2020,1821206582,207VE0102X,303082208,
2020,1902014442,207V00000X,319046802,
2020,1619185386,207V00000X,402074707,
2020,1760690440,207V00000X,240132222,
2020,1124236781,207V00000X,867189103,
2020,1710195383,207V00000X,282043215,
2020,1073721635,207VX0201X,379201524,
2020,1942418504,207VM0101X,981956460,
2020,1760690358,207VG0400X,022155400,
2020,1558579078,207VX0201X,142630001,
2020,1811105372,207VX0201X,322078432,
2020,1629286174,207VM0101X,352491900,
2020,1952519365,207V00000X,481044823,
2020,1972711547,207VE0102X,77024,
2020,1316155781,207VX0201X,958172307,
2020,1689882748,207V00000X,110303816,
2020,1780892851,207VM0101X,606115975,
2020,1316155419,207VE0102X,606123841,
2020,1881802965,207V00000X,80923,
2020,1235347477,207V00000X,900481804,
2020,1114121050,207VM0101X,232261926,
2020,1700080785,207V00000X,972393011,
2020,1508060435,207VM0101X,722057101,
2020,1023212180,207VE0102X,27265,
2020,1477757250,207VX0201X,105322140,
2020,1811191604,207VX0201X,071032425,
2020,1699979252,207V00000X,331362137,
2020,1013111608,207V00000X,90033,
2020,1174727770,207V00000X,774794308,
2020,1821292582,207VE0102X,801245331,
2020,1548464183,207VM0101X,981950001,
2020,1891999454,207V00000X,770302351,
2020,1659575256,207V00000X,300601132,
2020,1205031887,207VM0101X,936368761,
2020,1710182126,207VE0102X,100166402,
2020,1629277728,207VM0101X,061025037,
2020,1689873929,208800000X,23235,
2020,1114126364,207VX0201X,616052576,
2020,1225237449,207VE0102X,110303816,
2020,1821297987,207VF0040X,554264702,
2020,1790985802,207V00000X,061025037,
2020,1235339276,207V00000X,753907208,
2020,1619177680,207VF0040X,63141,
2020,1528268463,207VX0201X,753907208,
2020,1861692717,207VM0101X,432213502,
2020,1003016965,207VM0101X,627025303,
2020,1225238058,207VE0102X,450692509,
2020,1477753457,207VF0040X,958172307,
2020,1154521938,207V00000X,372320001,
2020,1316147192,207VX0201X,606123841,
2020,1407056005,207V00000X,122083555,
2020,1881888022,207VX0201X,336129416,
2020,1063606291,207VM0101X,891064000,
2020,1083808265,207V00000X,85340,
2020,1750575742,207V00000X,767128955,
2020,1891984597,207VM0101X,405091805,
2020,1922297423,207VE0102X,752302505,
2020,1821287483,207VX0201X,782583943,
2020,1205025632,207VM0101X,452192399,
2020,1629267042,208800000X,481169416,
2020,1316136682,207VX0201X,303121213,
2020,1992994214,207V00000X,857126115,
2020,1942489174,207VM0101X,087532825,
2020,1932382447,207V00000X,940404103,
2020,1356524409,207V00000X,100751850,
2020,1013194273,207VM0101X,100166058,
2020,1629255880,207VX0201X,466011168,
2020,1699952762,207VF0040X,106015112,
2020,1659558765,207VM0101X,481627815,
2020,1285811315,207V00000X,30303,
2020,1265610380,207V00000X,302658001,
2020,1982882056,207VM0101X,312012100,
2020,1659558773,207VM0101X,476308940,
2020,1174701981,207VM0101X,170332360,
2020,1063684520,207V00000X,152242156,
2020,1699947002,207RH0003X,537920001,
2020,1578735882,207VM0101X,993523525,
2020,1750553020,207VX0201X,933014211,
2020,1952573131,207V00000X,100323720,
2020,1932371002,207V00000X,303033033,
2020,1700053691,207VM0101X,681983255,
2020,1164699807,207V00000X,303421606,
2020,1770750598,207VX0201X,212046831,
2020,1114194933,207V00000X,331461826,
2020,1437326105,207VX0201X,027195208,
2020,1144497728,207VG0400X,980036208,
2020,1740457209,207VX0201X,271033019,
2020,1972770410,207VE0102X,700025031,
2020,1962679241,207VF0040X,392164500,
2020,1033386578,207RH0003X,761324136,
2020,1770750226,207VE0102X,011991001,
2020,1952578486,207V00000X,185102025,
2020,1619144151,207V00000X,926633500,
2020,1972770303,207RH0003X,787453325,
2020,1912174343,207RH0003X,775914048,
2020,1194992537,207RH0003X,777021449,
2020,1003083445,207RH0003X,752462003,
2020,1912174350,207RH0003X,775840100,
2020,1821265265,207RH0003X,775984219,
2020,1235306457,207VX0201X,191045127,
2020,1356502959,207VX0201X,303421631,
2020,1639339237,207V00000X,04102,
2020,1902067432,207V00000X,288032868,
2020,1164683595,207VX0201X,365269594,
2020,1477714863,207VM0101X,857122805,
2020,1902067275,207VE0102X,770242585,
2020,1639330905,207VM0101X,352491900,
2020,1154582443,207VE0102X,846042804,
2020,1184885576,207V00000X,016052726,
2020,1275789919,207VM0101X,152133108,
2020,1285880757,207V00000X,606313716,
2020,1619123270,207V00000X,191045502,
2020,1578719167,207VX0201X,331762118,
2020,1083860753,207V00000X,98104,
2020,1710133046,207V00000X,559050001,
2020,1265689459,207VX0201X,330161897,
2020,1689821902,207VE0102X,374211983,
2020,1174773287,207V00000X,454291262,
2020,1669622619,207V00000X,016052903,
2020,1639329592,207VX0201X,212870005,
2020,1861642811,207VE0102X,077024179,
2020,1124278056,207VM0101X,083606912,
2020,1215187141,207VM0101X,081033109,
2020,1033369962,207VM0101X,080461110,
2020,1932359775,174400000X,021111552,
2020,1578714242,207VE0102X,029034817,
2020,1760627780,207V00000X,442819504,
2020,1427293125,207VF0040X,900153070,
2020,1821233529,207VM0101X,371675688,
2020,1922243674,207VM0101X,296073405,
2020,1083855332,207VX0201X,079606136,
2020,1275774333,207V00000X,282072134,
2020,1861633802,207VM0101X,750718124,
2020,1033350947,207VM0101X,212011734,
2020,1770724676,207VM0101X,379201500,
2020,1316189152,207VE0102X,802181216,
2020,1295977932,207VX0201X,926831491,
2020,1780810614,174400000X,386715306,
2020,1982830899,207VE0102X,920371223,
2020,1871729665,207V00000X,334071901,
2020,1144456880,207V00000X,142217889,
2020,1902032550,207V00000X,016052903,
2020,1467688937,207VX0201X,630262387,
2020,1174750590,390200000X,23235,
2020,1801023122,207VX0201X,432123117,
2020,1548497852,207V00000X,330292811,
2020,1861624801,207RH0003X,33449,
2020,1396977344,207VM0101X,00725,
2020,1639301633,207VG0400X,708154114,
2020,1619109469,207VE0102X,029052401,
2020,1104058718,207VM0101X,224051455,
2020,1891927372,207VE0102X,070395672,
2020,1952636094,207VX0201X,330734365,
2020,1699000695,207VG0400X,328062002,
2020,1407181415,207VM0101X,100166700,
2020,1750610903,207VM0101X,605061449,
2020,1790014827,207VG0400X,212373900,
2020,1841520731,207V00000X,992042307,
2020,1447575568,207VX0201X,925553927,
2020,1952626061,207VM0101X,152133108,
2020,1962727958,207V00000X,22315,
2020,1033434170,207V00000X,235071914,
2020,1750606638,207VX0201X,770304000,
2020,1073838926,207VM0101X,235071914,
2020,1770808537,207VM0101X,27705,
2020,1306161112,207VF0040X,750612299,
2020,1497070239,207V00000X,402025700,
2020,1366767907,207VM0101X,03110,
2020,1508181140,390200000X,606371443,
2020,1043535693,207V00000X,402021622,
2020,1518287572,207V00000X,631082212,
2020,1376862383,207V00000X,142031021,
2020,1194045195,207VX0201X,272624331,
2020,1083934830,207VE0102X,787585387,
2020,1578883187,207VM0101X,752302571,
2020,1477873131,207VM0101X,065115991,
2020,1194045740,207V00000X,850544502,
2020,1992025472,207V00000X,773803260,
2020,1679893069,207VE0102X,065103220,
2020,1912227463,207VF0040X,60153,
2020,1699080598,207VM0101X,928683201,
2020,1164737979,207VE0102X,801125999,
2020,1235444050,207V00000X,442033017,
2020,1861707515,207VX0201X,331762118,
2020,1659687275,207VE0102X,787051223,
2020,1760782817,207V00000X,922319722,
2020,1932409067,207VM0101X,484398065,
2020,1992005086,207VX0201X,331462008,
2020,1730489535,207VM0101X,926183189,
2020,1659671204,101Y00000X,972393011,
2020,1205139284,207VF0040X,112032012,
2020,1740579390,207VX0201X,31201,
2020,1487943742,207V00000X,443041494,
2020,1164711537,207V00000X,60068,
2020,1023307360,207VX0201X,240164962,
2020,1467741769,207V00000X,402023229,
2020,1346530607,207V00000X,753907208,
2020,1922397256,390200000X,94040,
2020,1417246778,207V00000X,981955700,
2020,1215227566,207V00000X,753907208,
2020,1770873085,207VX0201X,19104,
2020,1184914301,207VE0102X,080841354,
2020,1912297102,207VM0101X,537151507,
2020,1467745356,207V00000X,300932711,
2020,1356634117,207VE0102X,452424400,
2020,1194018952,207V00000X,352492475,
2020,1952694846,207V00000X,372325100,
2020,1003109810,207VM0101X,43214,
2020,1952694747,207V00000X,17403,
2020,1760775498,207VF0040X,146420001,
2020,1972896694,207V00000X,33410,
2020,1205129905,207V00000X,068802157,
2020,1710271341,207V00000X,601533328,
2020,1891089298,207VM0101X,950515173,
2020,1417241902,207VM0101X,672182900,
2020,1083902597,207V00000X,80045,
2020,1154619500,207V00000X,077534488,
2020,1902194269,207VX0201X,606371443,
2020,1295023521,207VF0040X,104672401,
2020,1669756318,207VE0102X,110422061,
2020,1912281221,207VE0102X,379223398,
2020,1992073258,207VM0101X,785391404,
2020,1447527767,207VM0101X,554332589,
2020,1063780369,207VM0101X,606575640,
2020,1962770156,207VE0102X,111041707,
2020,1770851776,163WD0400X,912064092,
2020,1669745261,207VM0101X,921202507,
2020,1376816850,207VM0101X,727628704,
2020,1467725812,207VM0101X,852958490,
2020,1144593310,207VM0101X,95819,
2020,1366715435,207RX0202X,405031400,
2020,1568728939,207VM0101X,631081495,
2020,1316203763,207VM0101X,122083797,
2020,1811254154,207VX0201X,100323729,
2020,1417213794,207VM0101X,606371447,
2020,1093071391,207V00000X,972393011,
2020,1558627869,207VX0201X,100323720,
2020,1194081422,207V00000X,300764916,
2020,1629334982,207VM0101X,352491900,
2020,1265799555,207VM0101X,752302571,
2020,1427315522,207V00000X,943052200,
2020,1174880223,207VX0201X,303193059,
2020,1043577158,207VM0101X,800452545,
2020,1144587072,207V00000X,27157,
2020,1518224435,207V00000X,753907208,
2020,1578827077,207V00000X,902925424,
2020,1427312891,207V00000X,559050001,
2020,1568726727,207V00000X,55905,
2020,1518221779,207V00000X,551098767,
2020,1508113689,207VM0101X,284036011,
2020,1952658007,207VE0102X,276178743,
2020,1427305358,207V00000X,770541920,
2020,1760739510,207VM0101X,57105,
2020,1164775292,207VX0201X,801328532,
2020,1548513617,207V00000X,392021651,
2020,1578817540,207V00000X,113731329,
2020,1366796252,207VE0102X,476308940,
2020,1215281910,207V00000X,114321121,
2020,1376882357,207V00000X,95348,
2020,1013256981,207VF0040X,454593999,
2020,1033458898,207VM0101X,126013947,
2020,1629412952,207VM0101X,104612301,
2020,1164866281,207V00000X,495032577,
2020,1669816591,207VX0201X,796065265,
2020,1225472079,207VE0102X,100163295,
2020,1962846832,207V00000X,358013751,
2020,1982042743,207VM0101X,452202475,
2020,1386083178,207VX0201X,708175127,
2020,1992144653,207V00000X,352331900,
2020,1265871867,207VF0040X,606112914,
2020,1932533643,207VE0102X,37777,
2020,1518391275,207V00000X,90048,
2020,1285068783,207VF0040X,958172307,
2020,1972933745,207VM0101X,349944914,
2020,1730519331,207VM0101X,797612803,
2020,1548682990,207VE0102X,611075100,
2020,1568885804,207V00000X,402025700,
2020,1194143776,207VX0201X,770304000,
2020,1558789826,207VX0000X,60637,
2020,1164840385,207VX0201X,40536,
2020,1386062628,207VX0201X,89118,
2020,1154734754,207V00000X,29425,
2020,1730593351,207VM0101X,800452545,
2020,1942614342,207VX0201X,007250000,
2020,1134533136,207VF0040X,327923800,
2020,1962810671,207VE0102X,914362731,
2020,1356759971,207VM0101X,100323720,
2020,1568870087,207VX0201X,100656007,
2020,1639572589,207V00000X,115014064,
2020,1689077539,207RH0003X,272885019,
2020,1073911657,207VX0201X,900153070,
2020,1497147888,207VM0101X,799382639,
2020,1609268960,207VF0040X,770028233,
2020,1073905998,207V00000X,559050001,
2020,1578941761,207VM0101X,117463258,
2020,1669854816,207V00000X,494182679,
2020,1295117299,207VM0101X,925061717,
2020,1891177804,207VE0102X,782584767,
2020,1871976654,207VM0101X,352492401,
2020,1598148223,207VX0201X,85377,
2020,1851774574,207VM0101X,926634248,
2020,1578939435,207VM0101X,77030,
2020,1699141507,207R00000X,085361913,
2020,1851763437,207VE0102X,146264135,
2020,1932561032,207VF0040X,441061716,
2020,1033566526,207VM0101X,281052387,
2020,1730536251,207VE0102X,190133902,
2020,1033566278,207VM0101X,297321158,
2020,1134576937,207V00000X,841322209,
2020,1447601968,207VX0201X,841243318,
2020,1821449190,207VM0101X,911053045,
2020,1699227298,207VM0101X,750878724,
2020,1912445859,207VE0102X,100222049,
2020,1831638519,207VM0101X,254012801,
2020,1114456936,207VX0201X,968261032,
2020,1265951818,207VX0201X,232235311,
2020,1558875898,207VM0101X,770077409,
2020,1689173924,207VE0102X,681271202,
2020,1992204135,207VM0101X,496018111,
2020,1629577804,207VM0101X,103054608,
2020,1801384524,207VF0040X,857413815,
2020,1497249932,207VX0201X,984054210,
2020,1326525650,207VF0040X,95348,
2020,1619453982,207VX0201X,930032909,
2020,1487131579,207VM0101X,019691919,
2020,1699252452,207V00000X,852584480,
2020,1801364039,207V00000X,171012546,
2020,1184192239,207VF0040X,652021605,
2020,1356813844,207V00000X,284053685,
2020,1770055238,207V00000X,232294946,
2020,1346712759,207V00000X,018016389,
2020,1518439579,207VE0102X,101283637,
2020,1417415258,207VF0040X,191074420,
2020,1710540497,207VX0201X,V5Z 1M9,
2020,1750948469,207V00000X,176012644,
2020,1013574722,207V00000X,366041541,
2020,1871150508,207RH0000X,366041405,
2020,1942868500,207VG0400X,220331764,
2020,1679131858,207VE0102X,773843003,
2020,1437702438,207VF0040X,981224328,
2020,1194378034,207VE0102X,209930002,
2020,1740833722,207R00000X,200194555,
2020,1447803028,207VX0201X,100656342,
2020,1043852601,207VE0102X,379342806,
2020,1386286979,207VM0101X,956303832,
2020,1538701990,207V00000X,922434304,
2020,1174154421,207VF0040X,317686771,
2020,1639700727,207VX0201X,934494974,
2020,1649808916,207VX0201X,333162510,
2020,1821610544,207VX0201X,911062423,
2020,1336766492,207VE0102X,631416843,
2020,1114538394,207VE0102X,068803216,
2020,1629685557,207VF0040X,796065266,
2020,1437750874,207VM0101X,940622949,
2020,1528669710,207VE0102X,282071606,
2020,1063013241,207VE0102X,75093,
2020,1891390084,207V00000X,303052214,
2020,1033715974,207VX0201X,303421342,
2021,1487659876,207VX0201X,794153364,785391406
2021,1689679052,207VX0201X,284017407,285460201
2021,1093710212,207VM0101X,800452545,981052003
2021,1376548354,207VX0201X,054011473,342393605
2021,1588665525,207VM0101X,274056967,274031127
2021,1992706923,207VM0101X,142212698,142031021
2021,1780685750,207RH0003X,381032807,381043729
2021,1902807878,207VF0040X,386715306,381381775
2021,1467453159,207VM0101X,105801404,068306088
2021,1528069861,207VM0101X,19001,190471224
2021,1790771657,207VF0040X,113744511,339089617
2021,1639165368,207V00000X,957578145,121102490
2021,1538156187,207VX0201X,319048915,468251603
2021,1063402360,207VE0102X,02467,021142621
2021,1134105323,207VM0101X,176012433,226012808
2021,1427034578,207V00000X,85004,850134224
2021,1710963707,207V00000X,554541517,212011734
2021,1407836646,207V00000X,237082111,229082111
2021,1114997285,207VX0201X,271033019,282043203
2021,1598739492,207V00000X,46601,468451707
2021,1619941523,207V00000X,60153,606223778
2021,1629042759,207V00000X,60611,60195
2021,1598739336,207VM0101X,895021196,895021262
2021,1679548341,207V00000X,985065028,985065063
2021,1043285752,207V00000X,895028400,895021181
2021,1477512226,207VM0101X,480255439,480736710
2021,1326007170,207V00000X,294643793,294406409
2021,1497714968,207VG0400X,142031009,142251319
2021,1659330199,207V00000X,75165,752314339
2021,1952360356,207VM0101X,852106008,936368761
2021,1467411744,207VM0101X,908061735,908061739
2021,1831159177,207VM0101X,112202508,121599221
2021,1649236480,174400000X,908061553,905054725
2021,1093771792,207VE0102X,282071109,328031456
2021,1962468223,207VM0101X,852584569,850041153
2021,1285685503,207VM0101X,481243057,483365970
2021,1508810763,207VE0102X,940631433,940631536
2021,1295772515,207VX0201X,193805414,191044206
2021,1538107644,207VG0400X,171012546,117334079
2021,1477596708,207V00000X,200601734,212011734
2021,1326082157,207V00000X,381033409,381202382
2021,1740224286,173000000X,044012115,490075349
2021,1578590469,207VX0000X,303180921,300336149
2021,1801823547,174400000X,923542804,958154305
2021,1215969613,207VX0201X,282072134,280252948
2021,1437181831,207VM0101X,282042963,282787565
2021,1912925611,207VX0201X,905054037,926633509
2021,1356363154,208000000X,941096978,954044813
2021,1295757631,207VF0040X,493018107,495035732
2021,1881616365,170300000X,200601734,212011734
2021,1356359020,207VM0101X,080439612,190133902
2021,1447268313,207VX0201X,631171818,630442577
2021,1780697870,207V00000X,337137147,33701
2021,1902902760,207VX0201X,132101529,130579248
2021,1659462075,207VM0101X,328277884,338054543
2021,1386735827,207VX0201X,284017407,285460201
2021,1134214802,207V00000X,330216987,980555744
2021,1619063310,207VE0102X,060322568,011071112
2021,1588745327,207VM0101X,32901,300336149
2021,1386725091,207VM0101X,481243057,481245032
2021,1134200611,207VM0101X,627025310,61801
2021,1427134071,207VM0101X,852584569,852064629
2021,1013088400,207VX0201X,079606136,11030
2021,1689739054,207VM0101X,381033409,950601481
2021,1871658831,207V00000X,100191412,191044206
2021,1063560969,207V00000X,029042615,752314387
2021,1639218217,207V00000X,336091104,32504
2021,1770628794,207V00000X,402021845,450692509
2021,1184844011,174400000X,950080665,065208063
2021,1821217191,207VE0102X,080534161,190013714
2021,1194938670,207V00000X,029030290,027471280
2021,1346454634,207V00000X,532331308,257013656
2021,1992908198,207V00000X,181036122,185101724
2021,1659574648,207V00000X,787585654,972271683
2021,1902009616,207VM0101X,372322519,372043609
2021,1922201599,207V00000X,194034243,191074420
2021,1689871543,207V00000X,372320001,372043609
2021,1528266483,207V00000X,152242156,441061716
2021,1396943965,207V00000X,80112,80220
2021,1952509473,174400000X,61103,541532004
2021,1396943973,207VX0201X,30501,303421626
2021,1093909228,207VG0400X,922624800,910103200
2021,1023202769,207V00000X,14621,14625
2021,1235313867,207V00000X,92868,981950001
2021,1205010980,207V00000X,200373201,782344504
2021,1184808651,207VX0000X,984054930,285472538
2021,1588830822,207VE0102X,282071606,277100001
2021,1679736227,207VM0101X,94109,946091710
2021,1891958419,207VM0101X,191075109,080032013
2021,1326201906,207RC0200X,021156110,021902432
2021,1104089655,207V00000X,904042111,928683217
2021,1033372321,207VM0101X,554265000,554073723
2021,1578716304,207VF0040X,95350,132101651
2021,1265674782,207V00000X,12211,481087682
2021,1528200904,207V00000X,44143,441462711
2021,1063654010,207VE0102X,462025149,462025149
2021,1821224437,207V00000X,22205,200372342
2021,1821225327,207V00000X,37920,376603764
2021,1093031676,390200000X,336129416,336063571
2021,1457677627,207VM0101X,986862719,974778800
2021,1154647220,207V00000X,462020001,462561714
2021,1649596693,207V00000X,841241300,972393011
2021,1447576319,207VM0101X,146264122,146213038
2021,1568782381,207VX0201X,314056087,299105023
2021,1447570122,207VX0201X,02904,191076130
2021,1033439690,207VM0101X,121599276,24013
2021,1134449697,207V00000X,06106,060522016
2021,1023338472,207V00000X,78234,20889
2021,1851611123,207V00000X,326103603,336063603
2021,1447563192,207V00000X,191413018,191074420
2021,1316251796,390200000X,606576704,559050001
2021,1194024877,207VE0102X,100191412,021156110
2021,1386943918,207V00000X,21201,065208063
2021,1922307123,390200000X,90015,071032757
2021,1003105214,207VE0102X,68138,661032937
2021,1114210572,207V00000X,546015429,201765177
2021,1982982286,390200000X,90242,90242
2021,1396024600,207VX0201X,90027,937203347
2021,1174802250,207VM0101X,84132,829015863
2021,1740558022,207VM0101X,85304,852024704
2021,1770840274,207VM0101X,022155400,100323720
2021,1043577448,207V00000X,476307909,142213647
2021,1255693149,207VM0101X,366041541,35249
2021,1154684728,207V00000X,606371443,857240001
2021,1477816049,207VF0040X,970158970,191044206
2021,1790048387,207V00000X,37203,37203
2021,1508129081,207VX0201X,061051208,029052401
2021,1467715938,207V00000X,606124795,606371447
2021,1912260373,207VX0201X,27599,276077505
2021,1205179611,207VX0201X,190963437,190635139
2021,1861735136,207VM0101X,704273634,701122865
2021,1982947149,390200000X,98133,622583411
2021,1528301785,207VM0101X,761042133,212870005
2021,1598108615,207V00000X,602011700,212871824
2021,1407299357,207V00000X,275144220,276077505
2021,1538502489,390200000X,212870001,021142696
2021,1619387230,207VM0101X,462025149,462561714
2021,1063822609,207V00000X,32804,174033676
2021,1740690163,207VX0201X,03801,038673236
2021,1366853475,207VM0101X,943041601,021156110
2021,1326459470,207V00000X,80923,809233468
2021,1649685876,390200000X,17406,174035074
2021,1114318474,207VX0201X,604532416,605151562
2021,1922487016,207VM0101X,180151000,180151000
2021,1275912230,207V00000X,73104,787011943
2021,1487002002,207VX0201X,212242735,441091900
2021,1013444637,163WW0101X,110401402,112166165
2021,1073042859,207VX0201X,794101318,791093900
2021,1396274296,207V00000X,757012117,756526070
2021,1003330572,207VM0101X,921039000,90033
2021,1982122453,207VM0101X,070552804,109414018
2021,1578049417,207VX0201X,100657920,100656007
2021,1770050221,207VE0102X,846041354,840623163
2021,1992335848,207VX0201X,972238514,986846930
2021,1326648577,207VM0101X,N8X2R3,490075349
2021,1922672864,207VM0101X,900485421,912064092
2021,1376548354,207VX0201X,054011473,338051965
2021,1902807878,207VF0040X,386715306,356132602
2021,1427034578,207V00000X,85004,850134224
2021,1326007170,207V00000X,294643793,294641900
2021,1962468223,207VM0101X,852584569,850373360
2021,1285685503,207VM0101X,481243057,48124
2021,1538107644,207VG0400X,171012546,122083797
2021,1215969613,207VX0201X,282072134,282042990
2021,1437181831,207VM0101X,282042963,280252982
2021,1356363154,208000000X,941096978,949455055
2021,1881616365,170300000X,200601734,212011734
2021,1447268313,207VX0201X,631171818,630260562
2021,1386735827,207VX0201X,284017407,285460201
2021,1427134071,207VM0101X,852584569,853041273
2021,1639218217,207V00000X,336091104,303421626
2021,1689871543,207V00000X,372320001,372320005
2021,1952509473,174400000X,61103,543013528
2021,1023202769,207V00000X,14621,14626
2021,1235313867,207V00000X,92868,981950001
2021,1205010980,207V00000X,200373201,02118
2021,1679736227,207VM0101X,94109,949455055
2021,1265674782,207V00000X,12211,481087682
2021,1528200904,207V00000X,44143,841191401
2021,1821225327,207V00000X,37920,376046056
2021,1447576319,207VM0101X,146264122,146420001
2021,1033439690,207VM0101X,121599276,170332360
2021,1114210572,207V00000X,546015429,220423307
2021,1396024600,207VX0201X,90027,900153075
2021,1740558022,207VM0101X,85304,850041153
2021,1205179611,207VX0201X,190963437,104672401
2021,1407299357,207V00000X,275144220,191074420
2021,1619387230,207VM0101X,462025149,462242020
2021,1649685876,390200000X,17406,174035074
2021,1275912230,207V00000X,73104,73104
2021,1396274296,207V00000X,757012117,756015622
2021,1982122453,207VM0101X,070552804,079302908
2021,1770050221,207VE0102X,846041354,846011548
2021,1992335848,207VX0201X,972238514,972271800
2021,1902807878,207VF0040X,386715306,356132602
2021,1326007170,207V00000X,294643793,294922902
2021,1962468223,207VM0101X,852584569,852024704
2021,1538107644,207VG0400X,171012546,115014198
2021,1215969613,207VX0201X,282072134,282072134
2021,1437181831,207VM0101X,282042963,282072134
2021,1356363154,208000000X,941096978,946091710
2021,1427134071,207VM0101X,852584569,850041153
2021,1679736227,207VM0101X,94109,940103226
2021,1114210572,207V00000X,546015429,235071914
2021,1396024600,207VX0201X,90027,937202950
2021,1740558022,207VM0101X,85304,852584569
2021,1407299357,207V00000X,275144220,191075100
2021,1770050221,207VE0102X,846041354,840576316
2021,1962468223,207VM0101X,852584569,852064629
2021,1356363154,208000000X,941096978,941181618
2021,1427134071,207VM0101X,852584569,852024704
2021,1679736227,207VM0101X,94109,941104422
2021,1114210572,207V00000X,546015429,220463570
2021,1740558022,207VM0101X,85304,852064629
2021,1770050221,207VE0102X,846041354,840032956
2021,1962468223,207VM0101X,852584569,853041273
2021,1427134071,207VM0101X,852584569,852246236
2021,1679736227,207VM0101X,94109,941181618
2021,1740558022,207VM0101X,85304,852246236
2021,1962468223,207VM0101X,852584569,852246236
2021,1427134071,207VM0101X,852584569,850373360
2021,1679736227,207VM0101X,94109,02114
2021,1740558022,207VM0101X,85304,850373360
2021,1710982178,207VM0101X,159054330,
2021,1669477071,207V00000X,543013528,
2021,1659376069,207VX0201X,443021704,
2021,1659376937,207VM0101X,797614572,
2021,1003811381,207VM0101X,379161839,
2021,1619972031,207VX0201X,443021704,
2021,1811992290,207VM0101X,284017407,
2021,1639174014,207VX0201X,366073513,
2021,1306841648,207VG0400X,900335313,
2021,1023013307,207VM0101X,379161839,
2021,1295730570,207VM0101X,379161839,
2021,1972508133,207VM0101X,402074711,
2021,1235134453,207VM0101X,815061953,
2021,1235134461,207VX0201X,49120,
2021,1083619100,207V00000X,911062423,
2021,1770588899,207VM0101X,900153011,
2021,1457356578,207VG0400X,913563645,
2021,1417952342,207V00000X,900276061,
2021,1235134180,207VM0101X,454092722,
2021,1780689638,207VM0101X,292036875,
2021,1023013976,207VM0101X,454092722,
2021,1578568424,207VM0101X,454092722,
2021,1730184698,207VM0101X,454092793,
2021,1518962513,207V00000X,900153011,
2021,1992700025,207VM0101X,402074711,
2021,1467457549,207VF0040X,571057702,
2021,1669477642,207VM0101X,009071509,
2021,1891790705,207VM0101X,915054551,
2021,1699770354,207VM0101X,443072432,
2021,1487654695,207V00000X,516012355,
2021,1750381877,207VE0102X,10577,
2021,1205836251,207V00000X,64111,
2021,1780684704,207V00000X,891485506,
2021,1497756423,207VM0101X,117948091,
2021,1649270653,207VM0101X,937012184,
2021,1386645315,207V00000X,10532,
2021,1023019023,207VX0201X,334103463,
2021,1285635193,207VE0102X,802204020,
2021,1497756233,207VM0101X,208506340,
2021,1962403659,207VM0101X,606081610,
2021,1578564266,207VF0040X,100198022,
2021,1356342133,207VX0201X,100162708,
2021,1225039928,207VM0101X,278344300,
2021,1790786416,207VX0201X,085361915,
2021,1104827831,2085R0203X,080032150,
2021,1225039951,207VX0201X,10016,
2021,1699776385,207VM0101X,606081732,
2021,1356342943,207VE0102X,67337,
2021,1932100559,207V00000X,857126118,
2021,1154322709,207VE0102X,284017507,
2021,1689660532,207VX0201X,021156110,
2021,1679569438,207V00000X,180179424,
2021,1427044460,207VF0040X,336076448,
2021,1902892953,207V00000X,346956602,
2021,1629064670,207V00000X,346956602,
2021,1134115827,207V00000X,454092722,
2021,1588650287,207VX0201X,122083797,
2021,1639166382,207V00000X,112094805,
2021,1437146081,207VX0201X,468251603,
2021,1255328845,207VX0201X,443041468,
2021,1396732988,207VX0201X,891280835,
2021,1104813633,207VX0201X,631418222,
2021,1699762021,207VE0102X,891482402,
2021,1689661175,207V00000X,871064917,
2021,1962499384,207VE0102X,89142,
2021,1619964046,207VM0101X,280542186,
2021,1659368090,207VX0201X,122081742,
2021,1285624742,207V00000X,782344504,
2021,1629068044,207VX0201X,336063571,
2021,1528058856,207R00000X,021142621,
2021,1841280138,207VE0102X,794151159,
2021,1255321568,207VX0201X,934494974,
2021,1164412300,207VM0101X,775984213,
2021,1235129347,207VX0201X,342393605,
2021,1588654693,207VE0102X,913553701,
2021,1376533406,207V00000X,021142621,
2021,1730179805,207VG0400X,300782016,
2021,1356332357,207VE0102X,454594816,
2021,1235120148,207VM0101X,336063603,
2021,1780675645,207VX0201X,132021147,
2021,1013908037,207VG0400X,041061999,
2021,1184615130,207VE0102X,500103014,
2021,1689665424,207VX0201X,342393605,
2021,1326024811,207V00000X,752082382,
2021,1861478364,207V00000X,765080001,
2021,1720064082,207VM0101X,200072113,
2021,1083690440,207VM0101X,95819,
2021,1669458881,207VE0102X,775984052,
2021,1740266832,207VX0201X,372032131,
2021,1487630646,207VM0101X,00909,
2021,1154307239,207VX0201X,191075701,
2021,1699751784,207VX0201X,190231330,
2021,1710963723,207V00000X,080542267,
2021,1891771853,207VM0101X,115661208,
2021,1740260082,207VM0101X,752031201,
2021,1003896341,207VM0101X,080802359,
2021,1245210582,207VE0102X,945385818,
2021,1245210707,207RH0000X,271033019,
2021,1114907581,207VX0201X,271033013,
2021,1760462915,207VM0101X,333263251,
2021,1083694228,207VM0101X,750757738,
2021,1255311494,207VM0101X,752314391,
2021,1164402301,207VM0101X,750937939,
2021,1790765931,207VM0101X,752302505,
2021,1578543740,207V00000X,283104810,
2021,1821078098,207VX0201X,110303816,
2021,1902886120,207VM0101X,038202868,
2021,1780654871,207VX0201X,271033019,
2021,1588644710,207V00000X,328062028,
2021,1669442893,207V00000X,328061008,
2021,1578533709,207V00000X,328061014,
2021,1770553919,207VG0400X,200102927,
2021,1356311443,207VX0201X,037561000,
2021,1275503419,207VE0102X,237082111,
2021,1407826423,207VE0102X,911052515,
2021,1952371973,207VE0102X,900641524,
2021,1336119353,207VE0102X,913613748,
2021,1942270731,207VE0102X,372031513,
2021,1801866603,207VM0101X,333263251,
2021,1528038320,207VM0101X,333242754,
2021,1629048665,207VF0040X,021381040,
2021,1396715272,207VE0102X,334281759,
2021,1033189089,207VF0040X,021381040,
2021,1033189014,207VM0101X,322078345,
2021,1033189907,207VE0102X,372031513,
2021,1346210226,207VM0101X,799257647,
2021,1508836396,207VM0101X,750937354,
2021,1235109026,207VM0101X,753902420,
2021,1154391951,207VE0102X,55905,
2021,1760452502,207VX0201X,325048615,
2021,1225008071,207VM0101X,235071914,
2021,1730159419,207VM0101X,022155400,
2021,1184694705,207VM0101X,194034261,
2021,1215907084,207VX0201X,190963450,
2021,1215901194,207VE0102X,358017416,
2021,1972577989,207VM0101X,972271683,
2021,1144294281,207VE0102X,601691090,
2021,1124092010,207VE0102X,104611138,
2021,1669446696,207VM0101X,02135,
2021,1730153743,207V00000X,200102927,
2021,1518931757,207VM0101X,950515173,
2021,1508830746,207VX0201X,079606136,
2021,1306810429,207VE0102X,019233759,
2021,1740254879,207VM0101X,495032515,
2021,1225002363,207VM0101X,685061276,
2021,1679547715,207VM0101X,601533328,
2021,1841264983,207VM0101X,605213829,
2021,1548234792,207VE0102X,200373201,
2021,1619941879,207VF0040X,631081495,
2021,1891769543,207V00000X,802055503,
2021,1821062639,207VX0201X,152375815,
2021,1427022375,174400000X,05401,
2021,1710951413,207VE0102X,441061716,
2021,1912971672,207VF0040X,152133108,
2021,1780658443,207VM0101X,481971051,
2021,1902871593,207VM0101X,187044968,
2021,1982679635,207VM0101X,170332360,
2021,1427023175,207VX0201X,522421009,
2021,1902870611,207VM0101X,37604,
2021,1679532337,207VM0101X,330295593,
2021,1336108190,207VE0102X,30342,
2021,1407815293,207VM0101X,546015429,
2021,1912966797,207VE0102X,30342,
2021,1396704078,207V00000X,920371027,
2021,1255390936,207VM0101X,850062727,
2021,1639138258,207VE0102X,93101,
2021,1760441398,207VM0101X,563031901,
2021,1104885763,207V00000X,551022387,
2021,1780643346,174400000X,871310001,
2021,1518926096,207VE0102X,40207,
2021,1114986502,207VX0201X,840496702,
2021,1407815863,207VE0102X,841081223,
2021,1720047103,207VX0201X,142142648,
2021,1750340113,207VE0102X,606115975,
2021,1013976455,207VM0101X,765080001,
2021,1730148073,207VE0102X,146264117,
2021,1992764278,207VE0102X,840623216,
2021,1629037908,207VF0040X,257013656,
2021,1790745040,207VM0101X,554073723,
2021,1770543076,207Q00000X,706054118,
2021,1831159078,207VE0102X,480841744,
2021,1235198516,207V00000X,257013656,
2021,1417916701,207VE0102X,070023915,
2021,1750340071,207V00000X,257013656,
2021,1427014380,207VM0101X,077534488,
2021,1972569838,207VM0101X,945871507,
2021,1609832575,207VM0101X,441091900,
2021,1114983038,207VX0201X,296054255,
2021,1144286014,207VG0400X,787051188,
2021,1164488045,207V00000X,800452545,
2021,1821054602,207VX0201X,232985054,
2021,1780640441,207VE0102X,02115,
2021,1811953540,207VX0201X,40503,
2021,1326004979,207VE0102X,190013725,
2021,1962468512,207VE0102X,920371208,
2021,1295791705,207V00000X,061025037,
2021,1114983780,207VE0102X,152354520,
2021,1235195801,207VE0102X,079013533,
2021,1508822933,207V00000X,26506,
2021,1992761274,207VM0101X,761042158,
2021,1497711790,207VM0101X,100323720,
2021,1487610705,207V00000X,753907208,
2021,1558327874,207SG0201X,753907208,
2021,1528024825,207VM0101X,753907208,
2021,1972569218,207VG0400X,454594779,
2021,1245296409,207V00000X,454092939,
2021,1639135114,207SG0201X,753907208,
2021,1114983590,207VM0101X,089011766,
2021,1548226921,207VM0101X,753907208,
2021,1376593301,207VX0201X,105772574,
2021,1235189069,207VX0201X,727034424,
2021,1164472213,207VE0102X,750937939,
2021,1639129786,207VM0101X,370438946,
2021,1619927639,207VX0201X,11418,
2021,1619927571,207VM0101X,782073154,
2021,1669422440,207VM0101X,701212429,
2021,1174573935,207VM0101X,601941018,
2021,1265482921,207VX0201X,35233,
2021,1427008184,207VX0201X,358015134,
2021,1205887627,207VM0101X,605213829,
2021,1902857352,207VM0101X,325032601,
2021,1205887668,207VM0101X,701212429,
2021,1447201827,207VX0201X,196111428,
2021,1578514956,207VX0201X,681144108,
2021,1245284058,207VM0101X,282043261,
2021,1174577514,207VE0102X,190871824,
2021,1679527113,207V00000X,931054305,
2021,1538113899,207V00000X,392021687,
2021,1467406918,207VX0201X,29210,
2021,1225082704,207VE0102X,752302505,
2021,1487608907,207VM0101X,503143126,
2021,1770537201,207VM0101X,402021835,
2021,1457305757,207VM0101X,841320001,
2021,1689628992,207V00000X,846043380,
2021,1609820042,207VM0101X,076311809,
2021,1396799730,207VE0102X,190871824,
2021,1346294360,207V00000X,466011073,
2021,1366496465,207VG0400X,291694800,
2021,1336193481,207VE0102X,392021650,
2021,1104864446,207VM0101X,11355,
2021,1174561401,207VE0102X,920371224,
2021,1225076342,207VE0102X,201903215,
2021,1629016936,207VM0101X,984055307,
2021,1841238060,207VM0101X,532263522,
2021,1871530147,207V00000X,921232778,
2021,1215974506,207VE0102X,024511100,
2021,1124065412,207VE0102X,024457237,
2021,1568409894,207VM0101X,796012431,
2021,1730127069,207VE0102X,921038201,
2021,1790722155,207VE0102X,080533900,
2021,1134166598,207VM0101X,980343013,
2021,1457399560,207VM0101X,837048729,
2021,1134166531,207VE0102X,606575105,
2021,1669410734,207VE0102X,48034,
2021,1396783486,207V00000X,841320002,
2021,1801834809,207VX0201X,787314214,
2021,1639117526,207VF0040X,366041541,
2021,1417995465,207VF0040X,336124742,
2021,1558305490,207VX0201X,787051165,
2021,1578506820,207VX0201X,029042609,
2021,1548203615,207VM0101X,60194,
2021,1457394520,207VM0101X,605406550,
2021,1093758179,207VX0201X,455042687,
2021,1275576670,207V00000X,20850,
2021,1710920954,207VM0101X,35233,
2021,1942243076,207VE0102X,02459,
2021,1316981194,207VX0201X,339057809,
2021,1679517452,207VX0201X,331462008,
2021,1467496240,207VM0101X,89106,
2021,1003850975,207VM0101X,105301843,
2021,1518901339,207VG0400X,23451,
2021,1245274737,207VE0102X,275990001,
2021,1548204043,207VM0101X,371675688,
2021,1366486870,207VX0201X,336063603,
2021,1134163926,207VX0201X,088652748,
2021,1912934886,207V00000X,941103518,
2021,1922035690,207VE0102X,662111362,
2021,1992732887,207VX0201X,770302717,
2021,1306873294,207VX0201X,900950001,
2021,1053348979,207VE0102X,662152305,
2021,1013944750,2083P0901X,402074729,
2021,1871520478,207VX0201X,462025149,
2021,1265469860,207VM0101X,631418232,
2021,1164459772,207VM0101X,631418232,
2021,1093742546,207VM0101X,35233,
2021,1457389728,207VM0101X,212011734,
2021,1346278587,207VX0000X,913446343,
2021,1447288626,207V00000X,770463726,
2021,1932136397,207VE0102X,146420001,
2021,1265460620,207VM0101X,900958344,
2021,1164450508,207VX0201X,328044648,
2021,1700813102,207V00000X,750623651,
2021,1629005152,207VM0101X,191021121,
2021,1740212232,207VX0201X,974778800,
2021,1922030204,207V00000X,911053022,
2021,1649202847,207VM0101X,791061786,
2021,1710919626,207VM0101X,112374006,
2021,1205869187,207VM0101X,984055307,
2021,1780616680,207VF0040X,995084608,
2021,1932131166,207VX0201X,100323729,
2021,1528090438,207VM0101X,330295593,
2021,1669405577,207VM0101X,333232896,
2021,1023041928,207VE0102X,940871022,
2021,1619909850,207VX0201X,452192906,
2021,1851324610,207VE0102X,495032515,
2021,1073546834,207V00000X,800452545,
2021,1477585347,207VX0201X,381202146,
2021,1952333098,207V00000X,77479,
2021,1629001599,207VM0101X,891022352,
2021,1609809581,207VM0101X,303033031,
2021,1720010648,207VX0201X,381202361,
2021,1437181369,207VG0400X,900332464,
2021,1194757526,207V00000X,443041429,
2021,1841222049,207VE0102X,791061786,
2021,1205868445,207VX0201X,928683201,
2021,1669405361,207VM0101X,176012433,
2021,1891728309,207VX0201X,441950001,
2021,1073531554,207VE0102X,972235442,
2021,1609894187,207VX0201X,631101032,
2021,1730107152,207VE0102X,631101032,
2021,1609893205,207VM0101X,770303000,
2021,1568489169,207V00000X,794309410,
2021,1366460560,207V00000X,27514,
2021,1184642274,207V00000X,750346049,
2021,1487672663,207VM0101X,402025700,
2021,1073531083,207VX0201X,277042121,
2021,1548288673,207VX0201X,100296503,
2021,1063430171,207VX0201X,402023229,
2021,1780602813,207VE0102X,940245602,
2021,1477571537,207VM0101X,100296501,
2021,1154349181,207VX0201X,277102000,
2021,1649298498,207VX0201X,17604,
2021,1871511659,207V00000X,750344198,
2021,1235157025,207VM0101X,037561000,
2021,1619995354,207VM0101X,631171811,
2021,1518985217,207VX0201X,631101032,
2021,1972521565,207VE0102X,652018076,
2021,1598783318,207VM0101X,982014168,
2021,1316965098,207VX0201X,532263522,
2021,1356363550,207VX0201X,923543450,
2021,1417979626,207VE0102X,923543450,
2021,1528080892,207VM0101X,787585654,
2021,1487676169,207VM0101X,941095455,
2021,1093737413,207VF0040X,495035732,
2021,1972525723,207VM0101X,784124938,
2021,1427070655,207V00000X,115014198,
2021,1376565952,207VM0101X,87106,
2021,1841212081,174400000X,921211002,
2021,1730101239,207V00000X,132022240,
2021,1548282619,207VX0201X,232261934,
2021,1427070598,207VX0201X,229080001,
2021,1740202258,207VM0101X,209031400,
2021,1174545479,202K00000X,321642452,
2021,1235151796,207VX0201X,900481804,
2021,1821010158,207V00000X,054011473,
2021,1427070291,207VM0101X,430818971,
2021,1245252014,207RC0000X,705083850,
2021,1154343929,207V00000X,70115,
2021,1316969660,207VE0102X,321142730,
2021,1700808979,207VM0101X,292036808,
2021,1417979683,207VE0102X,402025700,
2021,1447272927,207VF0040X,080439623,
2021,1649288523,207VM0101X,63117,
2021,1093723975,207VM0101X,63117,
2021,1134137813,207VX0201X,483415023,
2021,1083622765,207VX0201X,152242156,
2021,1841208725,207VX0000X,63117,
2021,1598773475,207VM0101X,347445260,
2021,1699783456,207V00000X,152242156,
2021,1972511731,207VE0102X,601813941,
2021,1912915786,207VF0040X,152133108,
2021,1205844131,207VE0102X,46032,
2021,1245248988,207VX0201X,152242156,
2021,1013925841,207VX0201X,117954418,
2021,1780692483,207VM0101X,441115610,
2021,1316955321,207VE0102X,46032,
2021,1124036132,207VE0102X,46032,
2021,1669480612,207V00000X,00909,
2021,1275541146,207VX0201X,631171818,
2021,1982612743,207VE0102X,152242156,
2021,1134137912,207V00000X,292036839,
2021,1477561579,207VE0102X,210937031,
2021,1427067990,207V00000X,606575147,
2021,1962411447,207V00000X,921039001,
2021,1043229529,207V00000X,850164872,
2021,1184633570,207V00000X,073024393,
2021,1336151950,207VE0102X,100221009,
2021,1871505438,207VM0101X,381194713,
2021,1275545634,207VE0102X,483045130,
2021,1912919200,207VX0201X,900246992,
2021,1952313140,207VE0102X,926771267,
2021,1659383941,207VE0102X,958211618,
2021,1154334209,207V00000X,602011777,
2021,1477565737,207VE0102X,891092307,
2021,1619980208,207VM0101X,06102,
2021,1114930997,207VX0201X,481971014,
2021,1114930898,207V00000X,330295593,
2021,1336152818,207V00000X,753907201,
2021,1417960998,207V00000X,753907208,
2021,1356354252,207V00000X,112091811,
2021,1578576054,207VM0101X,212046800,
2021,1477566958,207V00000X,212046800,
2021,1851409924,207VX0201X,952106676,
2021,1568570620,207VM0101X,633664771,
2021,1124137658,207V00000X,146264605,
2021,1821106642,207VE0102X,191044206,
2021,1598873481,207VE0102X,068511080,
2021,1306954243,207R00000X,088613654,
2021,1851409692,207VM0101X,02115,
2021,1831208420,207VE0102X,152242156,
2021,1790893550,207VM0101X,511043796,
2021,1861500704,207VE0102X,068306074,
2021,1326156480,207VE0102X,074104617,
2021,1811005895,207VE0102X,232294942,
2021,1417069105,207VM0101X,911053023,
2021,1053422600,207V00000X,191075176,
2021,1710098256,207VE0102X,482012007,
2021,1124139514,207R00000X,672083003,
2021,1811008253,207VM0101X,857126118,
2021,1184735508,207V00000X,672083003,
2021,1699877506,207VX0201X,321142709,
2021,1265538912,207V00000X,922319722,
2021,1013014745,207VE0102X,837027307,
2021,1184720906,207VX0201X,77030,
2021,1558468116,207VM0101X,441091900,
2021,1083711790,207V00000X,333232843,
2021,1962509653,207VX0201X,069055339,
2021,1629175336,207V00000X,950080665,
2021,1780781492,207VM0101X,722057202,
2021,1407953110,207VM0101X,333232843,
2021,1407953011,207VX0201X,321142709,
2021,1922105485,207V00000X,857240001,
2021,1154429884,207VE0102X,060522016,
2021,1043318504,207VG0400X,486025303,
2021,1033216007,207VM0101X,011071619,
2021,1013014430,207VM0101X,008023132,
2021,1073604336,207VE0102X,22031,
2021,1639260987,207VM0101X,770674335,
2021,1780775049,207VE0102X,22031,
2021,1699866962,207VE0102X,22031,
2021,1508957879,207VE0102X,22301,
2021,1326139692,207VE0102X,22031,
2021,1770674004,207VE0102X,10019,
2021,1295827574,2080P0203X,333232843,
2021,1669564696,207VX0201X,770304009,
2021,1669564597,207V00000X,158012511,
2021,1972695260,207VM0101X,333232843,
2021,1518059880,207VM0101X,312012100,
2021,1881786986,207VM0101X,770542934,
2021,1356433528,207VE0102X,191074306,
2021,1215029269,207V00000X,26506,
2021,1467544460,207VF0040X,983352215,
2021,1467547398,207V00000X,91010,
2021,1013002872,207VE0102X,07604,
2021,1801981584,207V00000X,60201,
2021,1679668362,207V00000X,602011718,
2021,1407941370,207VE0102X,770541920,
2021,1477648350,207VE0102X,114191235,
2021,1952496853,207V00000X,366041512,
2021,1851486765,207VE0102X,076012255,
2021,1942396627,207VE0102X,117473193,
2021,1265528988,207VE0102X,22204,
2021,1982790622,363L00000X,174035074,
2021,1225123433,207VG0400X,11204,
2021,1568557692,207VM0101X,611033655,
2021,1588759864,207V00000X,197182200,
2021,1073609749,207VE0102X,950322019,
2021,1235225913,207VE0102X,14626,
2021,1497841027,207VX0201X,296054255,
2021,1679669303,207V00000X,481094276,
2021,1366538084,207VX0201X,981338414,
2021,1801982129,207VE0102X,462601969,
2021,1750462743,207VE0102X,220031275,
2021,1801977749,207VM0101X,454291268,
2021,1770664542,207VX0201X,782293307,
2021,1952482994,207VX0201X,336063603,
2021,1942381926,207VM0101X,77030,
2021,1760563456,207VM0101X,300336149,
2021,1952482879,207VM0101X,06830,
2021,1902987787,207VM0101X,958154300,
2021,1740361252,207V00000X,857240001,
2021,1952482846,207VE0102X,336171126,
2021,1477634095,207VE0102X,481245032,
2021,1326129982,207VE0102X,106051430,
2021,1164503058,207VE0102X,208506352,
2021,1356422190,207VG0400X,100214156,
2021,1235211442,207VE0102X,303281709,
2021,1396820197,207VM0101X,981043540,
2021,1467538264,207VX0201X,98109,
2021,1518043280,207VM0101X,616144896,
2021,1912083601,207VM0101X,616144896,
2021,1811072689,207VX0201X,374031503,
2021,1972689453,207VE0102X,480841744,
2021,1205912847,207VF0040X,922433685,
2021,1912083494,207VX0201X,731423017,
2021,1902982473,207VX0201X,13210,
2021,1033295738,207VM0101X,616144896,
2021,1508936964,207VF0040X,30328,
2021,1003986431,207VM0101X,117334080,
2021,1659442044,207VE0102X,11030,
2021,1285705665,207VM0101X,109414028,
2021,1639240732,207VM0101X,571051063,
2021,1396816096,207VX0201X,838142601,
2021,1265503148,207V00000X,91105,
2021,1235200189,207VX0201X,11030,
2021,1578634275,207VM0101X,454092722,
2021,1740356393,207VM0101X,857126118,
2021,1548336043,207VM0101X,11206,
2021,1265508493,207VE0102X,895112060,
2021,1437225877,207V00000X,071071317,
2021,1487720710,207VE0102X,972015128,
2021,1548336795,207V00000X,953552707,
2021,1154497303,207VE0102X,44304,
2021,1235205345,207VM0101X,01040,
2021,1528134566,207VE0102X,943012302,
2021,1629137047,207VM0101X,775555302,
2021,1922167352,207VM0101X,787121845,
2021,1104985712,207VE0102X,916044020,
2021,1659431096,207VF0040X,253091364,
2021,1104986553,207VX0201X,770047083,
2021,1003976465,207VM0101X,775555302,
2021,1073673448,207V00000X,775555302,
2021,1841359239,207V00000X,775984234,
2021,1053471433,207VG0400X,700017404,
2021,1275693533,207VM0101X,880303755,
2021,1891855763,207VE0102X,212046808,
2021,1902966724,207VM0101X,96362,
2021,1346300308,207VX0201X,203070001,
2021,1104986892,207VM0101X,322078334,
2021,1487714127,207VM0101X,075041313,
2021,1558421768,207VM0101X,943052200,
2021,1073678439,207VM0101X,680223986,
2021,1760547277,207VE0102X,232294942,
2021,1609931112,207VE0102X,232351941,
2021,1952466419,207VF0040X,516012355,
2021,1134284466,207V00000X,274056967,
2021,1558426890,207VM0101X,214013404,
2021,1720143852,207V00000X,32610,
2021,1851456990,207V00000X,641163276,
2021,1922163963,207V00000X,100656007,
2021,1548325582,207V00000X,782293931,
2021,1881759827,207V00000X,191076130,
2021,1306901350,207V00000X,100166058,
2021,1417012535,207VE0102X,900641525,
2021,1396800355,207V00000X,271570001,
2021,1003971060,207VX0201X,170332360,
2021,1801951868,207VF0040X,330734395,
2021,1649335621,207V00000X,080436130,
2021,1447315726,207VE0102X,294643254,
2021,1811052889,207VM0101X,207745374,
2021,1568527869,207VX0201X,441091900,
2021,1508921818,207VX0201X,330635755,
2021,1619026846,207V00000X,333232853,
2021,1861541070,207VM0101X,903014036,
2021,1275682429,207VM0101X,87106,
2021,1528117926,207VX0201X,08901,
2021,1013066125,207RE0101X,891181986,
2021,1538218441,207VM0101X,981956460,
2021,1639224017,207VM0101X,306067721,
2021,1629123286,207V00000X,921232778,
2021,1750437752,207VE0102X,92130,
2021,1477608677,207VM0101X,079603242,
2021,1194871186,207VE0102X,891175890,
2021,1508912601,207VM0101X,968595001,
2021,1770638009,207VE0102X,076041815,
2021,1871632364,207VE0102X,631312330,
2021,1770621252,207VE0102X,480843526,
2021,1992844179,207VE0102X,024217305,
2021,1881733293,207VX0201X,463919523,
2021,1003955485,207VX0201X,465451470,
2021,1871632570,207VE0102X,921202507,
2021,1720127426,207VE0102X,60521,
2021,1295874014,207RH0003X,49120,
2021,1134269723,207VE0102X,943041805,
2021,1982749834,207VE0102X,45459,
2021,1063557940,207VM0101X,326054381,
2021,1285779355,207VM0101X,086184502,
2021,1669517876,207VE0102X,22003,
2021,1649315284,207VE0102X,00961,
2021,1700914330,207SG0201X,112016004,
2021,1871621615,207VE0102X,941332122,
2021,1508995986,207VM0101X,900481804,
2021,1871622936,207V00000X,208523905,
2021,1609900695,207VE0102X,60540,
2021,1235262650,207VE0102X,891022351,
2021,1063546067,207VM0101X,080431548,
2021,1669505053,207V00000X,602011718,
2021,1326171745,207V00000X,891022351,
2021,1629101928,207QA0401X,833014563,
2021,1205955739,207VX0201X,190133902,
2021,1164541579,207VE0102X,374213157,
2021,1962521484,207VE0102X,190133902,
2021,1235258450,207VM0101X,190133902,
2021,1942329792,207VE0102X,234527331,
2021,1295855070,207VM0101X,481971142,
2021,1689794356,207VM0101X,331362137,
2021,1386763274,207VE0102X,680223913,
2021,1306969480,207VH0002X,257021236,
2021,1508989468,207VX0201X,95816,
2021,1073636940,207VM0101X,928683201,
2021,1285757997,207VM0101X,537151507,
2021,1235252081,207VM0101X,317011943,
2021,1619090107,2080P0203X,176012433,
2021,1285757773,207VE0102X,60540,
2021,1003939646,207VE0102X,079202976,
2021,1699898940,207VX0000X,495032572,
2021,1386863421,207VE0102X,229114669,
2021,1336368547,208D00000X,342434271,
2021,1043439367,207V00000X,021142621,
2021,1730308974,207V00000X,021352907,
2021,1386864155,207V00000X,800452545,
2021,1831319540,207VE0102X,94306,
2021,1124231998,207V00000X,43026,
2021,1861605453,207VX0000X,981043540,
2021,1861605479,207VE0102X,208503323,
2021,1316150907,207VM0101X,618012529,
2021,1164635553,207V00000X,452192364,
2021,1144434119,207VE0102X,857121282,
2021,1558575977,207VX0201X,232242020,
2021,1093929358,207VG0400X,14617,
2021,1780898973,207V00000X,200162633,
2021,1063622959,207V00000X,277100001,
2021,1821208729,207VM0101X,194681415,
2021,1770792251,207VM0101X,146234285,
2021,1639389661,207VM0101X,616144896,
2021,1194934273,207VM0101X,760142083,
2021,1932318490,207VG0400X,208506228,
2021,1538378856,207VX0201X,77030,
2021,1306055645,207VM0101X,591017595,
2021,1710197330,207VX0201X,958172307,
2021,1710197256,207V00000X,441061716,
2021,1437352614,207VM0101X,761042158,
2021,1427251529,390200000X,331361002,
2021,1871796078,207VE0102X,750013268,
2021,1740483601,207VM0101X,917541242,
2021,1255534285,390200000X,761072553,
2021,1093918062,207VM0101X,480754403,
2021,1003019001,207VM0101X,941430132,
2021,1689877623,207VE0102X,760226033,
2021,1497958110,207VX0201X,334779338,
2021,1386842136,207VG0400X,330734395,
2021,1508064213,207V00000X,191076130,
2021,1548468259,207VX0201X,197132055,
2021,1114125051,207V00000X,32804,
2021,1851599724,207VF0040X,852151134,
2021,1346448057,207VE0102X,945834416,
2021,1568660355,207V00000X,77030,
2021,1538367040,207V00000X,680223913,
2021,1265630602,207V00000X,931032264,
2021,1881888022,207VX0201X,336129416,
2021,1063606291,207VM0101X,891064000,
2021,1083808265,207V00000X,85340,
2021,1750575742,207V00000X,767128955,
2021,1922297423,207VE0102X,752302505,
2021,1821287483,207VX0201X,782583943,
2021,1205025632,207VM0101X,452192399,
2021,1629267042,207VF0040X,481169416,
2021,1316136682,207VX0201X,303121213,
2021,1992994214,207VM0101X,857126115,
2021,1942489174,207VM0101X,087532825,
2021,1295918027,207VE0102X,024201520,
2021,1720262470,207VF0040X,928353614,
2021,1477737005,207V00000X,117334079,
2021,1912181553,207V00000X,940404103,
2021,1235313974,207V00000X,900950001,
2021,1225212988,207VE0102X,902121985,
2021,1740464379,207VM0101X,981043586,
2021,1568646198,207VM0101X,481094276,
2021,1346424017,207VM0101X,685102471,
2021,1093999740,207VX0201X,981950001,
2021,1639353279,207V00000X,949043119,
2021,1174707608,207VX0201X,103053408,
2021,1861676371,207VE0102X,770302312,
2021,1447434923,207R00000X,071051815,
2021,1699952762,207VF0040X,106015112,
2021,1659558765,207VM0101X,481627815,
2021,1285811315,207V00000X,30303,
2021,1265610380,207V00000X,302658001,
2021,1982882056,207VM0101X,312012100,
2021,1659558773,207VM0101X,476308940,
2021,1174701981,207VM0101X,170332360,
2021,1548448442,207VX0201X,711033950,
2021,1063684520,207V00000X,152242156,
2021,1699947002,207RH0003X,537920001,
2021,1578735882,207VM0101X,993523525,
2021,1750553020,207VX0201X,933014211,
2021,1952573131,207VM0101X,100323720,
2021,1932371002,207V00000X,303033033,
2021,1568638997,207VG0400X,100384831,
2021,1821264227,207VG0400X,480753707,
2021,1932375078,207VE0102X,190875227,
2021,1962678144,207VE0102X,700704349,
2021,1891961975,207VM0101X,178221334,
2021,1336315456,207V00000X,443041468,
2021,1194992263,207VM0101X,761042133,
2021,1538336664,207VM0101X,115014064,
2021,1871760900,207V00000X,068106099,
2021,1063689057,390200000X,981043586,
2021,1700053691,207VM0101X,681983255,
2021,1194988949,207VE0102X,300221408,
2021,1912160771,207VF0040X,212373900,
2021,1649433319,207VX0201X,191044206,
2021,1912160680,207VE0102X,191044206,
2021,1619130275,207V00000X,041023100,
2021,1992968416,207VM0101X,631418232,
2021,1225291636,207V00000X,631171858,
2021,1619130010,207V00000X,631171811,
2021,1659534055,207VM0101X,601533328,
2021,1578726915,207VM0101X,441061716,
2021,1609039007,174400000X,208507542,
2021,1881857290,207VE0102X,641311150,
2021,1710140165,207VF0040X,838545275,
2021,1639332984,207VE0102X,054011473,
2021,1104089382,207VE0102X,800452545,
2021,1033366927,207VX0201X,968595001,
2021,1275780173,207VE0102X,405131259,
2021,1891942512,207VF0040X,905022004,
2021,1689821332,207VX0201X,100162708,
2021,1346497963,207VM0101X,021184001,
2021,1467609842,207VE0102X,106012214,
2021,1083861462,207VE0102X,115303322,
2021,1861644858,207VE0102X,750344198,
2021,1144473059,207VM0101X,294258908,
2021,1376796235,207V00000X,114182508,
2021,1215180054,207R00000X,210614024,
2021,1497908206,207VM0101X,180208037,
2021,1417100124,207VM0101X,342312406,
2021,1164675609,207VE0102X,100215663,
2021,1215174651,207VM0101X,972132981,
2021,1811134273,207VM0101X,334102847,
2021,1114164449,207V00000X,926633522,
2021,1932346251,207VX0201X,571052140,
2021,1548407828,207VE0102X,770242501,
2021,1467694083,207VM0101X,331361101,
2021,1831331495,390200000X,271033013,
2021,1083856652,207VE0102X,801245331,
2021,1811139330,207V00000X,852584569,
2021,1326280801,207VX0201X,802055437,
2021,1154563427,207VM0101X,10029,
2021,1093957334,207VF0040X,30342,
2021,1164664389,207VX0000X,972393011,
2021,1700028818,207VX0201X,152133108,
2021,1184866279,207V00000X,100323720,
2021,1720220841,207V00000X,972393011,
2021,1013159029,207V00000X,55125,
2021,1871729665,207V00000X,349942503,
2021,1144456880,207V00000X,142217889,
2021,1902032550,207V00000X,016052903,
2021,1467688937,207VX0201X,630262387,
2021,1174750590,390200000X,23235,
2021,1801023122,207VX0201X,432123117,
2021,1548497852,207V00000X,330292811,
2021,1962639203,207VX0201X,900890121,
2021,1467689752,207VG0400X,100384831,
2021,1194952457,207VF0040X,96817,
2021,1962639104,207VX0201X,392164643,
2021,1386871689,207VX0201X,071032757,
2021,1396975520,207VX0201X,040747171,
2021,1457581688,207VM0101X,97239,
2021,1639309735,363A00000X,443041468,
2021,1285864173,207VX0201X,770544124,
2021,1821229741,207V00000X,984054234,
2021,1306077227,207VE0102X,152059619,
2021,1205067949,207VE0102X,113754951,
2021,1821229568,207VM0101X,787585614,
2021,1063746840,207VF0040X,100198022,
2021,1306170147,207VM0101X,432213502,
2021,1144554601,207VE0102X,100160113,
2021,1467783795,207V00000X,77030,
2021,1114258258,207VF0040X,009092275,
2021,1558692665,207VE0102X,761044124,
2021,1306178348,207VX0201X,078342901,
2021,1467784579,207VE0102X,606112987,
2021,1437475027,207VX0201X,74344,
2021,1316263866,207VF0040X,72205,
2021,1801112305,207V00000X,276101855,
2021,1235455684,207VX0201X,021156110,
2021,1306162771,207V00000X,333172836,
2021,1275859654,207V00000X,841033186,
2021,1033435367,207VX0201X,760122510,
2021,1235455403,207VE0102X,450692509,
2021,1417273541,207VE0102X,895112366,
2021,1407172414,390200000X,208506339,
2021,1073839007,207VE0102X,061054318,
2021,1386960359,207VX0201X,641115905,
2021,1679899629,207VF0040X,926916374,
2021,1144546151,207VE0102X,958414166,
2021,1194045195,207VX0201X,272624331,
2021,1083934830,207VE0102X,787585387,
2021,1578883187,2080P0202X,752302571,
2021,1477873131,207VM0101X,065115991,
2021,1194045740,207VF0040X,850544502,
2021,1992025472,207V00000X,773803260,
2021,1679893069,207VE0102X,065103220,
2021,1700106184,207VX0201X,330272905,
2021,1912227463,207VF0040X,60153,
2021,1578876199,207VE0102X,940873832,
2021,1194038604,207VX0201X,900255007,
2021,1255645594,207V00000X,366041405,
2021,1760782817,207V00000X,922319722,
2021,1144524554,207VM0101X,303124205,
2021,1104125806,207VM0101X,100751851,
2021,1730488347,207VE0102X,110303816,
2021,1699074237,207VM0101X,476307906,
2021,1497054993,207SG0201X,770302351,
2021,1194024562,207VX0201X,75390,
2021,1427357854,207VM0101X,341344390,
2021,1780983114,207VM0101X,339901763,
2021,1215236641,207VM0101X,341143589,
2021,1841599255,207VF0040X,600761214,
2021,1114226396,207VF0040X,180177334,
2021,1720377963,207V00000X,441950001,
2021,1699064840,207VM0101X,37204,
2021,1619266772,207VF0040X,752513127,
2021,1801189113,207V00000X,76508,
2021,1295028611,390200000X,029052401,
2021,1184917544,207VX0201X,381381762,
2021,1851684252,207V00000X,522421009,
2021,1528351640,207VF0040X,331362137,
2021,1851684831,207VE0102X,331461842,
2021,1265725261,207VM0101X,750757738,
2021,1467745356,207V00000X,300932711,
2021,1356634117,207VE0102X,452424400,
2021,1194018952,207V00000X,352492475,
2021,1952694846,207V00000X,372325100,
2021,1669750907,207VF0040X,110215335,
2021,1750660098,207VM0101X,900644189,
2021,1912281221,207VE0102X,379223398,
2021,1992073258,207VM0101X,785391404,
2021,1447527767,261Q00000X,554332589,
2021,1063780369,207VM0101X,606575640,
2021,1962770156,207VE0102X,111041707,
2021,1770851776,163WD0400X,912064092,
2021,1619249612,207VE0102X,44708,
2021,1154694909,207VX0201X,891450376,
2021,1215294053,207V00000X,296054281,
2021,1669739280,207VE0102X,100215663,
2021,1023376472,207VM0101X,142101484,
2021,1285991679,207VE0102X,606371443,
2021,1093072407,207VM0101X,031033502,
2021,1083972426,207V00000X,937012124,
2021,1912265315,207VX0201X,100750781,
2021,1316205578,207VF0040X,481242023,
2021,1114285350,390200000X,282043215,
2021,1851653703,207VX0201X,288032493,
2021,1225390107,207VM0101X,296054281,
2021,1093078966,207VE0102X,782584891,
2021,1750644415,207V00000X,532263522,
2021,1407119191,207VM0101X,441091900,
2021,1386907053,207V00000X,100323720,
2021,1447513908,390200000X,065116100,
2021,1003179581,207V00000X,441950001,
2021,1982967444,207VX0201X,021184001,
2021,1942556477,207V00000X,77030,
2021,1457604738,207V00000X,33803,
2021,1770836892,207VM0101X,805243958,
2021,1164775292,207VX0201X,801328532,
2021,1548513617,207V00000X,392021651,
2021,1356687255,207VX0201X,551022424,
2021,1205173788,207VF0040X,852532604,
2021,1861735110,207V00000X,522421009,
2021,1831432087,207V00000X,606112914,
2021,1790028926,207V00000X,087015897,
2021,1831532019,207VX0201X,371293237,
2021,1649613829,207VF0040X,200162618,
2021,1669815817,207VX0201X,301066810,
2021,1790128957,207VF0040X,152133108,
2021,1689017873,390200000X,782584192,
2021,1386087559,207VX0201X,352492570,
2021,1811330897,390200000X,326054384,
2021,1326481433,207V00000X,782344504,
2021,1659714475,207VX0201X,915054504,
2021,1457799140,207V00000X,011071619,
2021,1760820385,207VF0040X,041061999,
2021,1497193924,207V00000X,00726,
2021,1790123156,207VX0201X,782241469,
2021,1790123081,207VM0101X,280252982,
2021,1033557343,207VM0101X,934051818,
2021,1326486655,207V00000X,770303004,
2021,1144662420,207VM0101X,852606411,
2021,1114359080,207VE0102X,220314617,
2021,1699102012,207VM0101X,280367601,
2021,1760819007,207VM0101X,152242156,
2021,1326475542,207VF0040X,231161804,
2021,1003243361,207V00000X,180177334,
2021,1184051104,207VX0201X,319046877,
2021,1932530714,207VX0201X,933064018,
2021,1104257559,207V00000X,402025700,
2021,1134550585,207VX0201X,485035993,
2021,1881019909,207VF0040X,240184569,
2021,1497170518,207VM0101X,934013306,
2021,1417372327,207V00000X,117334079,
2021,1699190421,207VX0201X,452424498,
2021,1609291376,207V00000X,024722861,
2021,1588080147,207VF0040X,196102216,
2021,1497165955,207VE0102X,857189103,
2021,1760892301,207VE0102X,021156110,
2021,1932519204,207VF0040X,85259,
2021,1639580962,207VM0101X,782293931,
2021,1336550375,207VM0101X,276101247,
2021,1659782654,207V00000X,331461842,
2021,1225449291,207VM0101X,537151507,
2021,1811302995,207VM0101X,394017206,
2021,1437564663,207V00000X,770571535,
2021,1568877538,207VM0101X,33837,
2021,1093120156,207VE0102X,221822710,
2021,1487069415,207VE0102X,191075701,
2021,1790191542,207VE0102X,554352137,
2021,1225437635,207VM0101X,904042090,
2021,1437559564,207VE0102X,750346049,
2021,1497151351,207VE0102X,770542935,
2021,1578969465,207VE0102X,770542935,
2021,1295126779,207VE0102X,334333453,
2021,1104217561,207VG0400X,330644443,
2021,1629469747,2088F0040X,176012433,
2021,1841686219,207VM0101X,022155400,
2021,1720474091,207VF0040X,333211617,
2021,1760861678,207VF0040X,276148494,
2021,1902285752,207VX0201X,482301923,
2021,1669851242,207R00000X,774785016,
2021,1356725642,207VX0201X,100656007,
2021,1144690546,207VE0102X,450423678,
2021,1003280652,207VF0040X,631223356,
2021,1962876045,207VX0201X,741466236,
2021,1215397823,207VE0102X,775984052,
2021,1134576879,207VM0101X,799025814,
2021,1669829487,207VE0102X,731045018,
2021,1225485899,207V00000X,461431049,
2021,1508219445,207VE0102X,641311150,
2021,1063865822,207VG0400X,009212213,
2021,1902348139,207VX0201X,201662247,
2021,1598207102,207VG0400X,080539402,
2021,1073050936,363A00000X,100195923,
2021,1568993855,207VE0102X,221822710,
2021,1780116830,207VM0101X,930306757,
2021,1215464359,207V00000X,532263522,
2021,1669900825,207VX0201X,800452517,
2021,1396273330,207VX0201X,352333110,
2021,1750819793,390200000X,606371443,
2021,1386173144,207VM0101X,022155400,
2021,1114456936,207VX0201X,968261032,
2021,1558875898,207VM0101X,770077409,
2021,1063919512,207VE0102X,45209,
2021,1265929459,207VE0102X,631416713,
2021,1306338017,207VX0201X,662052003,
2021,1063904530,207VE0102X,941051535,
2021,1568954147,207VF0040X,72205,
2021,1396221248,207VF0040X,296075265,
2021,1578049052,261QA0006X,750344199,
2021,1538645908,207VE0102X,300922203,
2021,1699252452,207V00000X,852584480,
2021,1598247439,207VM0101X,191405103,
2021,1477020907,207RH0000X,432191530,
2021,1710450929,207VM0101X,960011802,
2021,1881151454,207VE0102X,273028022,
2021,1245798800,207VE0102X,331434800,
2021,1144788548,207VM0101X,00902,
2021,1336607647,207VX0201X,336129416,
2021,1780146753,207RH0000X,452451898,
2021,1255893277,207VM0101X,317926198,
2021,1043877301,207VB0002X,522421009,
2021,1023675220,207VE0102X,100221688,
2021,1144887274,207VE0102X,339073990,
2021,1548827496,207VX0201X,770304000,
2021,1700434420,207VX0201X,232351979,
2021,1730724501,207VX0201X,92663,
2021,1215573860,207VE0102X,220314631,
2021,1457986937,207VE0102X,282044397,
2021,1518592823,207VH0002X,323084489,
2021,1548879356,207VM0101X,809232607,
2021,1528677192,207VX0201X,196112143,
2021,1275142648,363LF0000X,871064051,
2021,1114538394,207VE0102X,068803216,
2021,1548876923,207VF0040X,282108538,
2021,1114527132,363A00000X,322161463,
2021,1912593971,207VE0102X,024671976,
2021,1669062865,207VM0101X,599013128,
2021,1447830971,363LW0102X,806315154,
2021,1821678954,207VE0102X,900364241,
2021,1679153597,363LF0000X,750344199,
2021,1952972812,2086X0206X,366041405,
2021,1386215168,207VM0101X,805243958,
2021,1811667868,207VM0101X,532161076,
2021,1467117820,207VE0102X,073064029,
2021,1063419638,207V00000X,65201,503143034
2021,1396744736,207VM0101X,911053022,900276005
2021,1255330353,207VM0101X,705086908,705174239
2021,1508850041,207V00000X,40202,785046104
2021,1497749907,2088F0040X,201905898,221013851
2021,1245225424,207VX0201X,379323330,379341983
2021,1225026669,207VM0101X,466011171,466011035
2021,1760470959,207V00000X,271574597,277054597
2021,1386627974,207VM0101X,857191454,857191454
2021,1427031061,207VE0102X,100023411,100062516
2021,1639153018,207V00000X,92123,78234
2021,1073590287,207V00000X,199046920,199634366
2021,1851378871,207VX0201X,17603,176012433
2021,1518930601,207V00000X,454311261,600052355
2021,1164495925,207V00000X,21401,21401
2021,1932178738,207VM0101X,75701,543116519
2021,1255300802,207V00000X,852024704,850373360
2021,1043289531,207VM0101X,232351900,232985051
2021,1851360317,207VX0000X,853041273,850041153
2021,1811966211,207VM0101X,537034415,537151507
2021,1265495337,207VM0101X,770674335,381033409
2021,1699733808,207VX0201X,22003,943052200
2021,1932156809,207VE0102X,606113907,601814808
2021,1346297298,207VM0101X,080431548,080439590
2021,1275574519,207VM0101X,200373201,208142924
2021,1538100722,207VX0201X,06810,100296503
2021,1942236179,207VM0101X,87106,871062719
2021,1013947142,207VM0101X,984054930,284036011
2021,1679504179,207V00000X,60611,606253645
2021,1710912316,207VM0101X,193824882,190351421
2021,1265451058,207VX0201X,934545915,933119505
2021,1649299520,207V00000X,32804,327924120
2021,1457370595,207VM0101X,850134224,860041816
2021,1982623658,207VE0102X,331762118,191074420
2021,1497765556,207VM0101X,405031431,424311658
2021,1629088869,207VM0101X,405031431,424311658
2021,1265545784,207V00000X,554352137,581044603
2021,1861506917,207VE0102X,943041807,029052401
2021,1518071315,207VX0201X,28801,287394329
2021,1164532685,207VE0102X,366073514,480841744
2021,1326158502,207VM0101X,611033655,490075349
2021,1134239338,207VM0101X,972256603,405360293
2021,1720198880,207V00000X,708175128,544495703
2021,1285733139,207VF0040X,60076,60076
2021,1417042854,207VX0201X,972103025,992042307
2021,1962596551,207V00000X,94109,95128
2021,1487742888,207VX0201X,274031118,275990001
2021,1972691376,207VX0201X,275990001,274031118
2021,1952499345,207VX0201X,275990001,276077505
2021,1073601365,207V00000X,275990001,276077505
2021,1912081811,207VM0101X,468451707,463074859
2021,1124106323,207V00000X,871094407,871091226
2021,1437237575,207VG0400X,024812109,016052726
2021,1437237674,207V00000X,941181636,941096920
2021,1295814390,207V00000X,29902,294145733
2021,1518046499,207V00000X,54301,543013528
2021,1710050869,207VX0201X,74133,741368384
2021,1497828644,207V00000X,10013,10013
2021,1548337041,207VM0101X,19107,080122453
2021,1316000698,207VF0040X,11355,103053401
2021,1982767810,207VX0201X,70112,921341098
2021,1104983766,207VE0102X,191074414,19107
2021,1326105511,207VX0201X,546015429,773803222
2021,1548302482,207V00000X,943041601,943052200
2021,1376686907,207VE0102X,60026,606107461
2021,1174666705,207VE0102X,60026,605213644
2021,1598892945,207V00000X,104571045,104611900
2021,1265563019,207VE0102X,981056008,981956110
2021,1215053962,207VE0102X,95204,111041707
2021,1326169699,207VX0201X,852595452,850544502
2021,1154442283,207V00000X,01915,021111552
2021,1508078577,207VX0201X,366041405,294250100
2021,1497966477,367A00000X,405031489,405092480
2021,1063612521,207VM0101X,66160,980555767
2021,1659561553,207VM0101X,853041273,852584569
2021,1841485257,207VE0102X,90404,333084025
2021,1932385978,207V00000X,021156110,021155724
2021,1659540490,207VX0201X,02903,063204956
2021,1063687655,207V00000X,220312220,220314867
2021,1134394695,207VM0101X,180151152,191074420
2021,1326213794,207VX0201X,46845,46845
2021,1437324407,207V00000X,220312220,201765155
2021,1346415494,207VX0201X,48201,482012087
2021,1942468830,207VF0040X,100166058,100166058
2021,1215195144,207VF0040X,454313837,454292207
2021,1134387996,207VE0102X,352424817,35205
2021,1114185923,207V00000X,910103012,910301814
2021,1053579698,207V00000X,170509422,172014217
2021,1053579490,207VX0201X,75093,752302571
2021,1578727574,207VX0201X,076012191,070424837
2021,1124283858,207VM0101X,464026001,464107035
2021,1023273687,207V00000X,452451898,453564199
2021,1194974535,207VM0101X,284038052,284036022
2021,1013159094,207V00000X,276178744,770302351
2021,1740423623,207VX0201X,601533328,606223778
2021,1245473149,207V00000X,782293307,14263
2021,1306089057,207VE0102X,926633662,926537622
2021,1053554527,207V00000X,681242319,303421752
2021,1114155041,207VM0101X,546015429,537151532
2021,1962630830,207V00000X,309096580,309120004
2021,1811126246,207V00000X,103143418,103053436
2021,1750609376,207VE0102X,750342476,20037
2021,1568780062,207VM0101X,271034014,271033013
2021,1497073704,207V00000X,852245298,857047872
2021,1295053569,207V00000X,68198,405360001
2021,1902124001,207V00000X,78758,78130
2021,1407168305,207V00000X,522421009,522412209
2021,1376855080,207V00000X,405082678,381033409
2021,1821304882,207VF0040X,928683217,928684303
2021,1336431840,207VM0101X,11706,910062125
2021,1790077253,207VX0201X,98372,481095000
2021,1366734550,207VX0201X,191045127,191044551
2021,1477845667,207VX0201X,708175129,100656007
2021,1578855656,207V00000X,871062719,871095566
2021,1679860894,207V00000X,46250,631101010
2021,1841588993,207V00000X,53715,631081402
2021,1720344591,207V00000X,229032981,22908
2021,1407112246,207VX0201X,079606136,100191147
2021,1245596907,390200000X,105322140,277042555
2021,1043576747,207VF0040X,31707,065191304
2021,1285990861,390200000X,100323720,331434800
2021,1649536228,390200000X,87109,87109
2021,1467718932,207VF0040X,83712,97239
2021,1568728939,207VM0101X,837048729,631081495
2021,1053677591,390200000X,46250,46250
2021,1487916235,390200000X,100221009,100166402
2021,1114289790,207VE0102X,554352137,481971014
2021,1548516396,207V00000X,17015,174035074
2021,1639418452,207VX0201X,55455,212872109
2021,1841633757,390200000X,300601132,352331900
2021,1710320627,207V00000X,731045018,731208300
2021,1811330699,207VG0400X,061028000,061065525
2021,1598108243,207V00000X,55905,55905
2021,1396188611,390200000X,100654870,117948091
2021,1174966451,207VX0201X,282072134,282042990
2021,1831532126,390200000X,200373201,20037
2021,1477993160,207V00000X,029052401,027471280
2021,1801236401,390200000X,900952401,029052401
2021,1669899522,207V00000X,02903,02747
2021,1316364276,207V00000X,597156903,972393011
2021,1730507666,207VX0201X,305013816,152133108
2021,1801213731,207VF0040X,85340,852584500
2021,1609294438,207V00000X,606112955,606112909
2021,1841618766,207V00000X,402074725,462601902
2021,1962820886,207VM0101X,800452545,606112909
2021,1871911685,207V00000X,731045418,70115
2021,1467870261,207V00000X,606113907,606112909
2021,1104244888,207V00000X,146264135,146213038
2021,1205255056,207V00000X,303092410,30310
2021,1376962894,207V00000X,773803880,60612
2021,1487068037,207VM0101X,462561714,462025149
2021,1730593351,207VM0101X,276101874,800452545
2021,1548674971,207V00000X,460323010,631418221
2021,1790173292,207V00000X,945985901,945835405
2021,1346637709,207V00000X,841322209,606371443
2021,1174910657,390200000X,606112914,958172307
2021,1427445816,390200000X,559050001,452672827
2021,1548657745,390200000X,522421009,958172307
2021,1396122537,390200000X,731045018,753909032
2021,1578925723,207V00000X,559050001,303033033
2021,1497118418,390200000X,731045418,701122865
2021,1528413762,207VX0201X,537920001,554550341
2021,1669825717,207VX0201X,559050001,00935
2021,1346770229,390200000X,460323010,480754818
2021,1861913048,207VM0101X,480736712,480736770
2021,1063937092,390200000X,925085077,852595452
2021,1235646985,207VE0102X,914362612,900244003
2021,1831699966,207VX0201X,300978497,300136320
2021,1518437748,207VB0002X,288062270,287773035
2021,1437755147,207Q00000X,604488802,608052814
2021,1912671397,2080P0202X,750350507,799151806
2021,1508850041,207V00000X,40202,785046104
2021,1760470959,207V00000X,271574597,191405103
2021,1427031061,207VE0102X,100023411,02920
2021,1851378871,207VX0201X,17603,176012433
2021,1164495925,207V00000X,21401,224018451
2021,1932178738,207VM0101X,75701,75701
2021,1255300802,207V00000X,852024704,850041153
2021,1851360317,207VX0000X,853041273,850373360
2021,1265495337,207VM0101X,770674335,477140541
2021,1013947142,207VM0101X,984054930,334143164
2021,1518071315,207VX0201X,28801,287911561
2021,1417042854,207VX0201X,972103025,546015429
2021,1962596551,207V00000X,94109,95128
2021,1972691376,207VX0201X,275990001,275180002
2021,1912081811,207VM0101X,468451707,463073676
2021,1437237674,207V00000X,941181636,949455055
2021,1518046499,207V00000X,54301,543114240
2021,1497828644,207V00000X,10013,303033031
2021,1548337041,207VM0101X,19107,220312238
2021,1376686907,207VE0102X,60026,600265823
2021,1174666705,207VE0102X,60026,600265823
2021,1265563019,207VE0102X,981056008,021156110
2021,1215053962,207VE0102X,95204,111041707
2021,1326169699,207VX0201X,852595452,850544502
2021,1497966477,367A00000X,405031489,40356
2021,1659561553,207VM0101X,853041273,852246236
2021,1841485257,207VE0102X,90404,331345722
2021,1659540490,207VX0201X,02903,063602208
2021,1063687655,207V00000X,220312220,201765101
2021,1326213794,207VX0201X,46845,45433
2021,1437324407,207V00000X,220312220,220314867
2021,1053579698,207V00000X,170509422,283102600
2021,1053579490,207VX0201X,75093,750938104
2021,1194974535,207VM0101X,284038052,284038052
2021,1053554527,207V00000X,681242319,753907208
2021,1811126246,207V00000X,103143418,103053401
2021,1568780062,207VM0101X,271034014,20060
2021,1497073704,207V00000X,852245298,857102157
2021,1295053569,207V00000X,68198,405360001
2021,1407168305,207V00000X,522421009,972393011
2021,1821304882,207VF0040X,928683217,275997570
2021,1790077253,207VX0201X,98372,481095000
2021,1578855656,207V00000X,871062719,871241577
2021,1841588993,207V00000X,53715,631081402
2021,1720344591,207V00000X,229032981,229039353
2021,1245596907,390200000X,105322140,109246749
2021,1649536228,390200000X,87109,871310001
2021,1548516396,207V00000X,17015,174035074
2021,1174966451,207VX0201X,282072134,280252948
2021,1831532126,390200000X,200373201,27705
2021,1669899522,207V00000X,02903,029052401
2021,1790173292,207V00000X,945985901,945202096
2021,1669825717,207VX0201X,559050001,559050001
2021,1518437748,207VB0002X,288062270,287417623
2021,1427031061,207VE0102X,100023411,029053240
2021,1164495925,207V00000X,21401,06520
2021,1932178738,207VM0101X,75701,227013959
2021,1255300802,207V00000X,852024704,853041273
2021,1851360317,207VX0000X,853041273,852064629
2021,1518071315,207VX0201X,28801,287394329
2021,1417042854,207VX0201X,972103025,981338414
2021,1376686907,207VE0102X,60026,600265823
2021,1174666705,207VE0102X,60026,60555
2021,1326169699,207VX0201X,852595452,559050001
2021,1659561553,207VM0101X,853041273,852064629
2021,1063687655,207V00000X,220312220,220423307
2021,1326213794,207VX0201X,46845,405360293
2021,1437324407,207V00000X,220312220,201765155
2021,1053579490,207VX0201X,75093,75251
2021,1194974535,207VM0101X,284038052,284516430
2021,1568780062,207VM0101X,271034014,271570001
2021,1497073704,207V00000X,852245298,856359114
2021,1720344591,207V00000X,229032981,229039353
2021,1245596907,390200000X,105322140,105951530
2021,1548516396,207V00000X,17015,172682332
2021,1831532126,390200000X,200373201,35249
2021,1518437748,207VB0002X,288062270,288062343
2021,1932178738,207VM0101X,75701,229083108
2021,1255300802,207V00000X,852024704,852064629
2021,1851360317,207VX0000X,853041273,852246236
2021,1659561553,207VM0101X,853041273,850373360
2021,1063687655,207V00000X,220312220,212011544
2021,1326213794,207VX0201X,46845,454591294
2021,1437324407,207V00000X,220312220,220423307
2021,1568780062,207VM0101X,271034014,271570001
2021,1497073704,207V00000X,852245298,857126115
2021,1720344591,207V00000X,229032981,277076865
2021,1245596907,390200000X,105322140,109014812
2021,1548516396,207V00000X,17015,073024321
2021,1518437748,207VB0002X,288062270,287210107
2021,1255300802,207V00000X,852024704,852584569
2021,1851360317,207VX0000X,853041273,852024704
2021,1659561553,207VM0101X,853041273,850041153
2021,1063687655,207V00000X,220312220,201765155
2021,1326213794,207VX0201X,46845,454591294
2021,1245596907,390200000X,105322140,109014837
2021,1518437748,207VB0002X,288062270,287718500
2021,1255300802,207V00000X,852024704,852246236
2021,1851360317,207VX0000X,853041273,852584569
2021,1659561553,207VM0101X,853041273,852024704
2021,1326213794,207VX0201X,46845,405360293
2021,1518437748,207VB0002X,288062270,287137752
2021,1518437748,207VB0002X,288062270,287526568
2021,1518437748,207VB0002X,288062270,287342632
2021,1518437748,207VB0002X,288062270,287792747
2021,1518437748,207VB0002X,288062270,287149010
2021,1518437748,207VB0002X,288062270,288062246
2021,1518437748,207VB0002X,288062270,287525116
2021,1518437748,207VB0002X,288062270,287795412
2021,1518437748,207VB0002X,288062270,287773035
2021,1518437748,207VB0002X,288062270,286554673
2021,1518437748,207VB0002X,288062270,287525239
2021,1518437748,207VB0002X,288062270,287123210
2021,1518437748,207VB0002X,288062270,287342612
2021,1437156064,174400000X,480341753,
2021,1376540906,207VX0201X,060300001,
2021,1477550036,207VE0102X,060322568,
2021,1740286343,207VE0102X,700053212,
2021,1639176290,207VX0201X,652013792,
2021,1477550085,207VE0102X,100164804,
2021,1881691210,207VX0201X,331990001,
2021,1326045766,207VX0201X,641321136,
2021,1235136680,207VM0101X,060300001,
2021,1578560991,207VM0101X,325045719,
2021,1235136599,207VM0101X,480753712,
2021,1710984000,207VM0101X,152242156,
2021,1821095035,207VM0101X,060302950,
2021,1306843370,207VX0201X,339057816,
2021,1669479747,207VX0201X,339057816,
2021,1821095829,207VX0201X,331462008,
2021,1043219488,207VM0101X,331461501,
2021,1831198043,207VM0101X,891485506,
2021,1386643575,207V00000X,891485506,
2021,1184623357,207VM0101X,200072113,
2021,1336148543,207VM0101X,891485506,
2021,1588663744,207VM0101X,200072113,
2021,1689673725,207VM0101X,334143105,
2021,1083613061,207VM0101X,641161878,
2021,1497754493,207V00000X,641115941,
2021,1811996796,207VM0101X,532331305,
2021,1366442253,207V00000X,303033031,
2021,1730189697,207VX0201X,330635755,
2021,1346249273,207V00000X,303033031,
2021,1477553378,207VM0101X,185102025,
2021,1154320083,207V00000X,132022240,
2021,1518967355,207VM0101X,753909032,
2021,1396739868,207VX0201X,379201632,
2021,1245224864,207V00000X,532264216,
2021,1679567101,207VM0101X,981953835,
2021,1386639821,207VM0101X,672144923,
2021,1922093350,207VX0201X,300336131,
2021,1881688398,207VM0101X,278344300,
2021,1952396459,207VX0201X,330161897,
2021,1245225762,207VX0201X,330273661,
2021,1962497305,207VX0201X,794101301,
2021,1881689081,207VM0101X,782293931,
2021,1255326633,207VM0101X,841241228,
2021,1821083148,207V00000X,77002,
2021,1194710467,207VM0101X,379201511,
2021,1174518401,207VF0040X,32250,
2021,1780679969,207VX0201X,061051770,
2021,1679568703,207VE0102X,336171126,
2021,1184619215,207VE0102X,336063603,
2021,1528053667,207VE0102X,336171126,
2021,1215922463,207VX0000X,77030,
2021,1386639565,207VF0040X,468251633,
2021,1972598001,207VE0102X,336171126,
2021,1013905884,207VF0040X,151463500,
2021,1780672527,207V00000X,339194102,
2021,1811985518,207VX0201X,100166402,
2021,1588652143,207V00000X,94133,
2021,1649268137,207V00000X,347613498,
2021,1467440917,207VE0102X,174035121,
2021,1457349623,207VM0101X,770704535,
2021,1699763896,207VX0201X,191405103,
2021,1033107107,207VX0201X,065191369,
2021,1568445302,207V00000X,271031628,
2021,1851374656,207VM0101X,011042377,
2021,1881677680,207VE0102X,333241840,
2021,1689657355,207VM0101X,031106736,
2021,1740263425,207VX0201X,209025020,
2021,1386627081,207VE0102X,958172307,
2021,1881677508,207V00000X,191461613,
2021,1962485557,207VM0101X,972256772,
2021,1285617878,207VE0102X,080542267,
2021,1457334047,207V00000X,080533209,
2021,1568445005,207Q00000X,785399140,
2021,1942283403,207VM0101X,900485421,
2021,1710960216,207VX0201X,32504,
2021,1295718799,207V00000X,112032056,
2021,1467435982,207VX0201X,78539,
2021,1588647127,207VE0102X,06519,
2021,1134103658,207VM0101X,339083618,
2021,1346224797,207VM0101X,606112292,
2021,1255315602,207VE0102X,606123841,
2021,1639153943,207VX0201X,142252591,
2021,1053395384,207VM0101X,601901295,
2021,1891779369,207V00000X,958172307,
2021,1568446912,207VM0101X,606112292,
2021,1649254095,174400000X,606371447,
2021,1083698542,207VE0102X,923543450,
2021,1013991587,207VE0102X,322078334,
2021,1528042835,207VX0201X,142252594,
2021,1164406286,207V00000X,967341868,
2021,1790762789,207VX0201X,554162527,
2021,1104803279,207VM0101X,799023584,
2021,1285611384,207VX0201X,802204020,
2021,1770560815,207VM0101X,081082047,
2021,1174500128,174400000X,309120004,
2021,1689651614,207VE0102X,01028,
2021,1679550529,207V00000X,559050001,
2021,1518944420,207VM0101X,282043261,
2021,1194702001,207VX0201X,011071112,
2021,1447237375,207VE0102X,309120004,
2021,1407834351,207VM0101X,443081063,
2021,1356329205,207VM0101X,784124946,
2021,1568440451,207VX0201X,190901104,
2021,1780662502,207VM0101X,197132137,
2021,1902884737,207VG0400X,559050001,
2021,1780662601,207VG0400X,895112060,
2021,1407834211,207V00000X,376603805,
2021,1043298623,207VM0101X,785033006,
2021,1245203678,207V00000X,240132222,
2021,1861465015,207VX0201X,559050001,
2021,1386617603,207VM0101X,30122,
2021,1053384149,207V00000X,271570001,
2021,1932172079,207VM0101X,981950001,
2021,1174596241,207V00000X,11215,
2021,1174596167,207VX0201X,329408288,
2021,1942273958,207V00000X,329011973,
2021,1770556714,207VM0101X,295062773,
2021,1063485142,207VM0101X,20037,
2021,1215900212,207V00000X,631081495,
2021,1770556797,207VX0201X,200162633,
2021,1376516211,207VG0400X,441061716,
2021,1659344422,207V00000X,537920001,
2021,1265405096,207VM0101X,931054305,
2021,1801865878,207VF0040X,871061314,
2021,1518936590,261QM2500X,481242023,
2021,1861461840,207VE0102X,801291901,
2021,1285603159,207VM0101X,895090907,
2021,1144299025,207VM0101X,853087140,
2021,1306815287,207VX0201X,235021871,
2021,1386613156,207VM0101X,079606092,
2021,1275502072,207VG0400X,077024151,
2021,1073582888,207VC0200X,900950001,
2021,1639148331,207VG0400X,321598975,
2021,1891764502,207VX0201X,857112701,
2021,1801865605,207VX0201X,077533036,
2021,1265401061,207VM0101X,070805127,
2021,1497724116,207VM0101X,87106,
2021,1790754414,207VM0101X,871064924,
2021,1609845320,207VM0101X,87106,
2021,1407825300,207VE0102X,113753961,
2021,1740259324,207VM0101X,480736710,
2021,1679542252,207VM0101X,900043025,
2021,1144299751,207VE0102X,801291901,
2021,1407825045,207VM0101X,853087140,
2021,1801865373,207V00000X,984317324,
2021,1730158338,207VM0101X,29303,
2021,1861461287,207VM0101X,77030,
2021,1962471425,207VM0101X,850062754,
2021,1447229802,207VX0201X,85704,
2021,1255300653,174400000X,068304608,
2021,1598734998,207V00000X,951282604,
2021,1104889120,207VM0101X,802055503,
2021,1568425767,207VX0201X,100198022,
2021,1720041858,207VE0102X,905054731,
2021,1881657922,207VM0101X,89118,
2021,1295798270,207VM0101X,802181216,
2021,1821051814,207V00000X,303421626,
2021,1457314312,207VE0102X,441950001,
2021,1588627236,207V00000X,212155216,
2021,1033172713,207V00000X,522421009,
2021,1700849635,207VM0101X,441950001,
2021,1457314205,207VE0102X,336094051,
2021,1467415216,207VE0102X,770541920,
2021,1992768675,207VM0101X,850545180,
2021,1356304034,207VC0200X,92868,
2021,1366405052,207V00000X,752462003,
2021,1215991856,174400000X,895093683,
2021,1033177472,207VM0101X,17822,
2021,1528026143,207VE0102X,021142621,
2021,1154389831,207VE0102X,080533900,
2021,1831157411,207VX0201X,402074700,
2021,1427016039,207V00000X,92868,
2021,1427016989,207VX0201X,787585444,
2021,1477511830,207V00000X,372032699,
2021,1184682379,207VM0101X,92037,
2021,1821056045,207VM0101X,981043586,
2021,1972551117,207VM0101X,190963450,
2021,1316995574,207VM0101X,190963450,
2021,1225086424,207VF0040X,980278969,
2021,1922056043,207VE0102X,751152057,
2021,1982652921,207VM0101X,19456,
2021,1992753032,207VF0040X,672144915,
2021,1992753974,207VM0101X,071121720,
2021,1134177124,207V00000X,373884756,
2021,1700838505,207V00000X,105493412,
2021,1134171952,207VM0101X,837026135,
2021,1043262777,207V00000X,35233,
2021,1386696052,207VE0102X,752314339,
2021,1508819145,207VE0102X,352051200,
2021,1114979804,207VE0102X,752314339,
2021,1104879204,207VM0101X,180151155,
2021,1710930029,207VM0101X,100296501,
2021,1417900697,207VM0101X,293071058,
2021,1235182411,207VM0101X,981043586,
2021,1093768145,207VF0040X,770542935,
2021,1780637983,207VE0102X,761044062,
2021,1225081441,207VX0201X,950321551,
2021,1699728691,207VM0101X,928683217,
2021,1386697571,207V00000X,559050001,
2021,1942253174,207VM0101X,799025814,
2021,1962455543,207VM0101X,981043586,
2021,1063468429,207VM0101X,100654870,
2021,1487600763,207VE0102X,601941090,
2021,1740236025,207VE0102X,601941090,
2021,1023065158,207VE0102X,100163214,
2021,1821045956,207VE0102X,07652,
2021,1578519674,207VX0201X,070791904,
2021,1508812850,207V00000X,722057101,
2021,1205883352,207VM0101X,980044623,
2021,1073560199,207VM0101X,770302351,
2021,1891742805,207VM0101X,336134657,
2021,1881641835,207VE0102X,554071544,
2021,1184671158,207VE0102X,29201,
2021,1639126717,207VM0101X,071122027,
2021,1447207527,207VE0102X,100163214,
2021,1992752083,207VE0102X,309120004,
2021,1316994403,207VE0102X,100163214,
2021,1770530784,207VM0101X,328062028,
2021,1578510582,235Z00000X,328062134,
2021,1487601357,207VM0101X,926533633,
2021,1538116322,207V00000X,178222920,
2021,1194772020,207VX0201X,483415023,
2021,1003863945,207VX0201X,112016004,
2021,1073560835,207VM0101X,100166402,
2021,1598712275,207VM0101X,891064004,
2021,1841247483,207VX0201X,212047735,
2021,1366499907,207VE0102X,212042600,
2021,1225085715,207V00000X,33701,
2021,1659328201,207V00000X,537151911,
2021,1932140480,207VE0102X,532263522,
2021,1437190998,207VX0201X,462601902,
2021,1548201809,207VM0101X,212022102,
2021,1598706806,207VM0101X,232295253,
2021,1346281532,207VE0102X,212042600,
2021,1053352302,207V00000X,941432202,
2021,1053352427,207VX0201X,834047533,
2021,1669413035,207VX0201X,911053150,
2021,1518908995,207VG0400X,405360001,
2021,1457392763,207Q00000X,117972036,
2021,1063453470,207V00000X,405360001,
2021,1821039215,207VM0101X,405099087,
2021,1902847171,207VX0201X,328041360,
2021,1639110802,207VX0201X,11901,
2021,1760423941,207VC0200X,452192364,
2021,1285675587,207VX0201X,992042307,
2021,1356382212,207VE0102X,060521446,
2021,1427094200,207VX0000X,405360001,
2021,1447296306,207VX0201X,606371447,
2021,1740226554,207VX0201X,100217215,
2021,1366488041,207VF0040X,973303876,
2021,1629014394,207VE0102X,452091900,
2021,1356387021,207V00000X,941153006,
2021,1548206139,207VM0101X,337014619,
2021,1356387096,207V00000X,212022102,
2021,1922044528,207VX0201X,303033031,
2021,1083650543,207VE0102X,606115975,
2021,1548206097,207VM0101X,13210,
2021,1699711069,207VM0101X,837048729,
2021,1467498675,390200000X,325048615,
2021,1164468484,207VE0102X,486025303,
2021,1376589531,207V00000X,554151623,
2021,1811923055,207V00000X,191075176,
2021,1467488619,207VE0102X,117473193,
2021,1093745978,207VE0102X,391106379,
2021,1902836810,207V00000X,12110,
2021,1962432773,207VE0102X,741194044,
2021,1952331779,207VM0101X,60540,
2021,1568492643,207VM0101X,900950001,
2021,1184654147,207VE0102X,104577606,
2021,1659301570,207V00000X,937012184,
2021,1235169061,207VE0102X,079202976,
2021,1124058227,207VM0101X,191074420,
2021,1134159072,207T00000X,272158700,
2021,1184654824,207VE0102X,079202976,
2021,1942230040,2088F0040X,232354730,
2021,1609806710,207V00000X,307208379,
2021,1699705442,207VE0102X,328228232,
2021,1194755967,207VE0102X,146420002,
2021,1467482505,207VM0101X,146420001,
2021,1083644132,207V00000X,13202,
2021,1780614834,207VM0101X,146420001,
2021,1801826680,207VM0101X,060011380,
2021,1225068372,207VX0201X,071073000,
2021,1619907516,207VX0201X,180151155,
2021,1144251786,207V00000X,577017375,
2021,1043241607,207VM0101X,054011473,
2021,1699706390,207VM0101X,392164500,
2021,1912938572,207VE0102X,94538,
2021,1942231402,207VM0101X,336134657,
2021,1235160748,207VE0102X,631082212,
2021,1992736292,207VE0102X,443041437,
2021,1861423121,207V00000X,951282604,
2021,1265463871,207VX0201X,326103003,
2021,1568493179,207VE0102X,741335708,
2021,1750312179,207VM0101X,946093424,
2021,1245265123,207VE0102X,191044238,
2021,1346275096,207VM0101X,071032425,
2021,1316972318,207VE0102X,294643254,
2021,1689609273,207V00000X,054011473,
2021,1124053087,207VE0102X,100132904,
2021,1235164120,207V00000X,117181830,
2021,1629003389,207VE0102X,92103,
2021,1255365409,207VM0101X,100296501,
2021,1316971526,207VX0201X,277100001,
2021,1386678597,207VX0201X,240164962,
2021,1326073404,207VM0101X,392164500,
2021,1235164500,207VX0201X,220036800,
2021,1245265529,207VX0201X,220036800,
2021,1407881790,207VF0040X,220036800,
2021,1699700971,207VM0101X,925063920,
2021,1770518284,207VX0201X,802181903,
2021,1275568610,207V00000X,770303000,
2021,1942235163,207VC0200X,48116,
2021,1598780751,207VX0201X,791061786,
2021,1912932203,207VM0101X,402074707,
2021,1194750414,207VG0400X,220036800,
2021,1023043361,207VF0040X,220036800,
2021,1750306726,207VX0201X,190013720,
2021,1841225133,207VF0040X,208890004,
2021,1447275615,207VM0101X,104611138,
2021,1255356309,207SG0201X,037561000,
2021,1639104854,207VC0200X,481095000,
2021,1538184791,207VF0040X,197132089,
2021,1629003926,207VX0201X,220036800,
2021,1093734956,207VE0102X,631171818,
2021,1538188420,207V00000X,016052726,
2021,1649299546,207V00000X,65065,
2021,1538188743,207VF0040X,181033628,
2021,1316966443,207VX0201X,109942226,
2021,1538188487,207VX0000X,19096,
2021,1487673265,207V00000X,441061716,
2021,1942229919,207V00000X,750346049,
2021,1649299892,207VE0102X,029052401,
2021,1003835786,207V00000X,191075127,
2021,1689693384,207V00000X,490073731,
2021,1770502692,207VM0101X,330654042,
2021,1124047071,207V00000X,191075127,
2021,1053326835,207V00000X,76104,
2021,1396750857,207V00000X,282042963,
2021,1831104397,207VM0101X,87106,
2021,1932114402,207VE0102X,880010605,
2021,1891700514,207VM0101X,440702166,
2021,1174538813,207VM0101X,331434806,
2021,1205841947,207VM0101X,782293901,
2021,1144235938,207VG0400X,750938122,
2021,1326053083,207VF0040X,483223013,
2021,1831104645,207VX0201X,616052576,
2021,1558376137,207VG0400X,155011613,
2021,1588674386,207VM0101X,081031461,
2021,1851301485,207VE0102X,956187851,
2021,1669482212,207V00000X,77385,
2021,1821008285,207V00000X,672182961,
2021,1528078748,174400000X,405360294,
2021,1891705059,207VM0101X,75075,
2021,1871503094,207VM0101X,770542934,
2021,1386654408,207VG0400X,60068,
2021,1033129044,207VX0201X,146204159,
2021,1649280843,207V00000X,551022401,
2021,1780694653,207VX0201X,950321438,
2021,1144230251,207VM0101X,303421606,
2021,1487664595,207VX0201X,522421009,
2021,1477563302,207V00000X,921232778,
2021,1730199704,207V00000X,276101247,
2021,1043323355,207VM0101X,300336149,
2021,1053425389,207VM0101X,112153609,
2021,1922111376,207V00000X,488583057,
2021,1477667756,207VM0101X,011071619,
2021,1174636591,207VE0102X,60435,
2021,1093829210,207VM0101X,871095566,
2021,1912011164,207VE0102X,445143667,
2021,1336252691,207VM0101X,112153609,
2021,1598879587,207VM0101X,75230,
2021,1851405740,207VM0101X,02111,
2021,1013021922,207VG0400X,600855701,
2021,1346354404,207VG0400X,146263249,
2021,1659485431,207VE0102X,112153609,
2021,1750495545,207VM0101X,926183189,
2021,1538273321,207V00000X,100654870,
2021,1497869291,207V00000X,681242319,
2021,1194835181,207VX0201X,658042206,
2021,1093825408,207VE0102X,571051503,
2021,1821108200,207V00000X,402025700,
2021,1245340223,207VX0201X,495032562,
2021,1760592950,207VM0101X,61104,
2021,1740390947,207VM0101X,680223913,
2021,1639289697,207V00000X,871064900,
2021,1053421024,207VX0201X,495032562,
2021,1922118041,207VM0101X,900171912,
2021,1376655266,207V00000X,441091998,
2021,1194837930,207V00000X,850134224,
2021,1831201540,207VX0201X,805385006,
2021,1881798460,207VM0101X,928683217,
2021,1588768188,207VM0101X,282043261,
2021,1104921535,207VE0102X,041023100,
2021,1588769608,207VE0102X,381202353,
2021,1720183049,207VX0201X,770304009,
2021,1790880177,207VM0101X,436082603,
2021,1346345725,207VM0101X,445126778,
2021,1043315443,207VM0101X,19046,
2021,1245335652,207VE0102X,07649,
2021,1710082987,207VE0102X,381202353,
2021,1881799088,207VE0102X,366073520,
2021,1790880896,207VE0102X,381202353,
2021,1609971738,207VE0102X,37421,
2021,1528166733,207V00000X,489121800,
2021,1528166626,207VE0102X,60477,
2021,1003915968,207VF0040X,61701,
2021,1972601821,207VM0101X,379201511,
2021,1033217930,207V00000X,372320001,
2021,1124126040,207VX0201X,60657,
2021,1568561397,207VX0201X,787314214,
2021,1851490502,207VE0102X,462564692,
2021,1164521035,207V00000X,950322425,
2021,1548369424,207V00000X,757013359,
2021,1639278120,207VX0201X,100281844,
2021,1255430906,207V00000X,312101822,
2021,1801994793,207VF0040X,379201500,
2021,1689772584,207VM0101X,307208379,
2021,1972602852,207V00000X,530663844,
2021,1720187347,207VE0102X,07604,
2021,1063511590,207VM0101X,700582302,
2021,1760581334,207V00000X,022153904,
2021,1326146341,207VX0201X,77030,
2021,1669570685,207VX0201X,770304009,
2021,1295829265,207VM0101X,982014168,
2021,1821182999,207VX0201X,770304009,
2021,1154415974,207VX0201X,21204,
2021,1740374586,207VM0101X,232980032,
2021,1801980065,207VX0201X,770304009,
2021,1821182882,207VE0102X,454291264,
2021,1972697530,207VX0201X,405360001,
2021,1801980784,207VE0102X,454291264,
2021,1528153137,207VX0201X,33701,
2021,1457445256,207VE0102X,018673218,
2021,1730273830,207VX0201X,91942,
2021,1477647154,207VF0040X,662092002,
2021,1346334489,207VM0101X,982014168,
2021,1790879799,207VE0102X,852584587,
2021,1649364746,207VX0201X,91942,
2021,1831283886,207VM0101X,982014168,
2021,1841384401,207V00000X,65201,
2021,1104910082,207VF0040X,12603,
2021,1104910090,207VM0101X,981950001,
2021,1538253448,207VM0101X,982014168,
2021,1831283738,207VM0101X,981950001,
2021,1629166582,207VX0201X,482022608,
2021,1821187832,207VX0201X,770302717,
2021,1750470696,207VX0201X,554332598,
2021,1144318569,207VM0101X,275990001,
2021,1871681247,207VC0200X,871024517,
2021,1679661045,207VM0101X,190133902,
2021,1457449852,207VX0201X,275990001,
2021,1689762072,207VM0101X,275144220,
2021,1316035694,207VM0101X,275990001,
2021,1992893200,207VE0102X,660617218,
2021,1790873016,207VF0040X,61104,
2021,1790873008,207VM0101X,441061716,
2021,1992893390,207VE0102X,275990001,
2021,1780772020,207V00000X,07901,
2021,1750479044,207VM0101X,275198617,
2021,1568550986,207VE0102X,630173662,
2021,1104914324,207VE0102X,770744337,
2021,1295823474,207VM0101X,100191147,
2021,1962591990,207VE0102X,91436,
2021,1225126378,207VM0101X,081031461,
2021,1730263930,207VM0101X,902622646,
2021,1346324969,207VX0201X,46260,
2021,1063596468,207VX0201X,482022608,
2021,1538243837,207VM0101X,405099087,
2021,1528141124,207VM0101X,196013501,
2021,1588748933,207VE0102X,992012262,
2021,1780768176,207V00000X,55454,
2021,1053495341,207VM0101X,181036122,
2021,1245314301,207VM0101X,277054597,
2021,1831273937,207VE0102X,852584422,
2021,1447334545,207VM0101X,432101267,
2021,1407930514,207VX0201X,212011544,
2021,1972687010,207VX0201X,079321049,
2021,1326122375,207VE0102X,443041594,
2021,1093899965,207VE0102X,441950001,
2021,1942384839,207VM0101X,282043261,
2021,1306924469,207VE0102X,20814,
2021,1881772960,207VX0201X,945965318,
2021,1871671966,207VE0102X,945982419,
2021,1255419610,207V00000X,981956158,
2021,1992883011,207VE0102X,947052116,
2021,1457439531,207VM0101X,174035074,
2021,1932287034,207VM0101X,945965318,
2021,1053490094,207V00000X,941432202,
2021,1356420491,207VM0101X,950515173,
2021,1265511323,207VM0101X,477500001,
2021,1780763615,207VE0102X,968261001,
2021,1326110925,207VE0102X,100163295,
2021,1932271582,207VE0102X,914362754,
2021,1801968425,207VM0101X,089012020,
2021,1891867412,207VM0101X,92121,
2021,1437221256,207VM0101X,950515173,
2021,1730252180,207VE0102X,841078100,
2021,1154494128,207V00000X,98104,
2021,1790858090,207VM0101X,372031580,
2021,1285707356,207VE0102X,021803335,
2021,1811060783,207VE0102X,927087501,
2021,1093883159,207V00000X,477140541,
2021,1548337736,207VM0101X,315332201,
2021,1649348699,207VE0102X,770792203,
2021,1396812582,207VM0101X,315204265,
2021,1013085174,207V00000X,77024,
2021,1215005160,207V00000X,958154807,
2021,1841353307,207VE0102X,379201505,
2021,1215090691,207VE0102X,328044049,
2021,1063575322,207VM0101X,381043627,
2021,1992868988,207VM0101X,100323720,
2021,1649333436,207V00000X,921340001,
2021,1639232770,207VE0102X,90211,
2021,1972666931,207VE0102X,100751842,
2021,1013074780,207VM0101X,900331019,
2021,1225195944,207VM0101X,105322140,
2021,1811054448,207VM0101X,11501,
2021,1225195274,207VX0201X,152195114,
2021,1265599088,207VE0102X,920371224,
2021,1750448486,207VM0101X,981043586,
2021,1245397686,207VM0101X,601344209,
2021,1528125903,207VE0102X,191075127,
2021,1891852240,207VM0101X,871092129,
2021,1144387432,207V00000X,018050001,
2021,1164589529,207VM0101X,537151830,
2021,1063579431,207VE0102X,191074414,
2021,1952468340,207VX0201X,813014699,
2021,1033261037,207VE0102X,900254594,
2021,1821140872,207VE0102X,920371224,
2021,1285787838,207VM0101X,070792636,
2021,1801949540,207V00000X,481095000,
2021,1568515633,174400000X,904042310,
2021,1427101591,207VE0102X,900256646,
2021,1689727752,207VE0102X,750637518,
2021,1659427946,207VM0101X,069023628,
2021,1629124888,207V00000X,680223913,
2021,1902952187,207V00000X,322168713,
2021,1215073127,207V00000X,197132137,
2021,1760528954,207V00000X,275492256,
2021,1982740114,207RX0202X,941430001,
2021,1972649051,207VM0101X,606371447,
2021,1932245990,207VX0201X,178225671,
2021,1821134610,207VM0101X,054011473,
2021,1154467280,207VM0101X,070323802,
2021,1407992167,207V00000X,333083807,
2021,1992847131,207VM0101X,921232771,
2021,1598807455,207VE0102X,926607720,
2021,1083756183,207VM0101X,191044319,
2021,1164564266,207VM0101X,799024672,
2021,1164564100,207VM0101X,940402833,
2021,1588706741,207V00000X,943041805,
2021,1235271172,207VM0101X,681312128,
2021,1841332970,207VM0101X,392329527,
2021,1346382314,207VM0101X,945964180,
2021,1821130865,207VM0101X,943052200,
2021,1144362294,207VE0102X,943052200,
2021,1003958083,207VE0102X,98431,
2021,1528100476,207VE0102X,943052200,
2021,1407998412,207VM0101X,943052200,
2021,1568504579,207VM0101X,943052200,
2021,1851433874,207VM0101X,943052200,
2021,1336282946,207VE0102X,600265823,
2021,1710029616,207VM0101X,902622646,
2021,1871636746,207V00000X,661607316,
2021,1164565917,207VE0102X,945382299,
2021,1386770725,207VX0201X,930036551,
2021,1275669616,207V00000X,432213502,
2021,1912034257,207VE0102X,800452545,
2021,1578690806,207SG0201X,372031872,
2021,1912034901,207VE0102X,760226033,
2021,1386771723,207VM0101X,43214,
2021,1750418182,207VE0102X,801245331,
2021,1730216706,207VX0201X,11030,
2021,1124155007,207VM0101X,972256652,
2021,1356478408,207VM0101X,060601404,
2021,1639206733,207VE0102X,943032289,
2021,1306976287,207VE0102X,750937939,
2021,1932230752,207VX0201X,346524333,
2021,1760513204,207VM0101X,809067981,
2021,1427174028,207VE0102X,077406303,
2021,1083735294,207VE0102X,481090999,
2021,1811018880,207VM0101X,722074750,
2021,1427179845,207VX0201X,711014443,
2021,1649391954,207V00000X,908061740,
2021,1033230354,207VX0201X,454291262,
2021,1679695050,207VM0101X,972256689,
2021,1477675072,207V00000X,275990001,
2021,1548487143,207VM0101X,907102076,
2021,1821215120,207VE0102X,337591353,
2021,1376760850,207VM0101X,770302348,
2021,1245442177,207VG0400X,460323008,
2021,1750593448,207VG0400X,800452545,
2021,1437361037,207VX0201X,142630001,
2021,1770795429,207VM0101X,212870005,
2021,1568674208,207VM0101X,841075701,
2021,1497967079,207VG0400X,11206,
2021,1881806719,174400000X,60031,
2021,1831301308,207VM0101X,191413018,
2021,1033321658,207VM0101X,850134224,
2021,1952513483,207VE0102X,62702,
2021,1013129642,207VE0102X,80524,
2021,1902018534,207VE0102X,208503323,
2021,1134331671,207VF0040X,731124462,
2021,1548472962,207VM0101X,952046117,
2021,1134331549,207V00000X,936116889,
2021,1275749129,207V00000X,681144108,
2021,1447466636,207V00000X,021184001,
2021,1508072752,207VM0101X,87131,
2021,1164638490,207VG0400X,220314867,
2021,1497961767,207VM0101X,14623,
2021,1730395633,207V00000X,200102927,
2021,1023224177,207V00000X,800452545,
2021,1356557250,207VX0201X,100296503,
2021,1356558050,207VF0040X,178227709,
2021,1891906780,207VX0201X,891073711,
2021,1336350446,207VM0101X,330271207,
2021,1225249386,207VX0000X,325048785,
2021,1992916936,207VM0101X,212870005,
2021,1881805679,207VE0102X,891181840,
2021,1235340720,207VE0102X,342331504,
2021,1134330673,207V00000X,912064106,
2021,1285845735,207VE0102X,958211618,
2021,1538364369,207VF0040X,078711777,
2021,1841495595,207VM0101X,921202507,
2021,1679779292,207VE0102X,926771219,
2021,1770788481,207VE0102X,071032757,
2021,1013113760,207VX0201X,366086705,
2021,1154527828,207VM0101X,224014467,
2021,1831394568,207VF0040X,981950001,
2021,1346446648,207V00000X,294258908,
2021,1306042619,207VM0101X,65807,
2021,1114123429,207VM0101X,77380,
2021,1235335472,207V00000X,782405251,
2021,1578769667,207VM0101X,96826,
2021,1316143514,207V00000X,011071112,
2021,1477759512,207VM0101X,265061200,
2021,1437359007,207V00000X,752314354,
2021,1619177250,207VM0101X,330295593,
2021,1932309416,207VE0102X,460323008,
2021,1518167030,207VE0102X,460323008,
2021,1649470162,207VE0102X,100222130,
2021,1730389057,207VX0201X,981094405,
2021,1831389097,207V00000X,943041805,
2021,1932399193,207V00000X,537920001,
2021,1730379934,207V00000X,750936383,
2021,1154515849,207VM0101X,532263522,
2021,1790970416,207VM0101X,928684929,
2021,1992999619,207VG0400X,100073001,
2021,1508051020,207V00000X,984031646,
2021,1184819799,207VE0102X,782293717,
2021,1386839819,207VF0040X,850161302,
2021,1396930814,207V00000X,559050001,
2021,1528253929,174400000X,11901,
2021,1841485273,207VE0102X,110421011,
2021,1144415480,207VM0101X,222053601,
2021,1740461961,207VE0102X,98225,
2021,1407037500,207VG0400X,201104419,
2021,1053592733,207VM0101X,940402458,
2021,1255517421,207V00000X,77030,
2021,1609052950,207VM0101X,78731,
2021,1568648756,207VE0102X,661608500,
2021,1922284108,207VX0201X,672083003,
2021,1053597104,207VE0102X,303082247,
2021,1932385077,207VE0102X,77433,
2021,1396921367,207VE0102X,852842604,
2021,1669659595,207VF0040X,277076865,
2021,1427235449,207VM0101X,723428998,
2021,1861661548,207V00000X,490075341,
2021,1669641403,207VM0101X,10032,
2021,1710156377,207VM0101X,432143908,
2021,1912176512,207VX0201X,208141617,
2021,1609045194,207VE0102X,10530,
2021,1326217951,207VE0102X,024812137,
2021,1043489586,207V00000X,142264723,
2021,1609041292,207V00000X,296073405,
2021,1376718767,207V00000X,232351941,
2021,1780859298,207V00000X,232354730,
2021,1730354259,207VE0102X,292012967,
2021,1285809509,207VM0101X,199013530,
2021,1366617532,207VM0101X,209101459,
2021,1144495581,207VM0101X,275144220,
2021,1962677195,207VE0102X,100191412,
2021,1205001351,207VX0201X,452192906,
2021,1801061866,207VE0102X,773396405,
2021,1811155849,207VM0101X,060300001,
2021,1043478092,207VX0201X,100323720,
2021,1871751867,207V00000X,571052140,
2021,1255599130,207VX0201X,936116889,
2021,1609034578,207VM0101X,921232795,
2021,1003074808,207VM0101X,296054253,
2021,1912165713,207VM0101X,852046683,
2021,1841458692,207VM0101X,016052903,
2021,1770741415,207VE0102X,770541900,
2021,1649438367,207V00000X,900950001,
2021,1962660621,207VE0102X,079202976,
2021,1639337306,207VM0101X,379201520,
2021,1790943314,207VX0201X,029052401,
2021,1245498864,207V00000X,452192906,
2021,1356509996,207VM0101X,065115991,
2021,1346408994,207V00000X,200102989,
2021,1548428089,207VE0102X,956187851,
2021,1205094745,207V00000X,701122865,
2021,1184882524,207V00000X,301158023,
2021,1669631099,207VX0201X,526279601,
2021,1619136082,207VX0201X,452192906,
2021,1013172022,207V00000X,641321105,
2021,1932364775,207VE0102X,770704535,
2021,1063677920,207VM0101X,537151507,
2021,1346405263,207VM0101X,352096899,
2021,1881859684,207V00000X,537920001,
2021,1912162660,207V00000X,641084619,
2021,1770748204,207VE0102X,100195923,
2021,1255589966,207VM0101X,076011997,
2021,1679721351,207VX0201X,463202352,
2021,1992953541,207V00000X,852592687,
2021,1154579795,207V00000X,070431596,
2021,1174772594,207VX0201X,422235318,
2021,1447409834,207VX0201X,554332569,
2021,1457500787,207V00000X,602011718,
2021,1467605766,207VX0201X,900950001,
2021,1023261237,207V00000X,481094276,
2021,1699928788,207VM0101X,100321559,
2021,1881847903,207VE0102X,601813941,
2021,1467690446,207VX0201X,070596792,
2021,1205074085,207V00000X,132101688,
2021,1437397262,207VM0101X,333232843,
2021,1073751731,207V00000X,303180921,
2021,1790923316,207VE0102X,774294697,
2021,1336387927,207VE0102X,079202976,
2021,1861630451,207VE0102X,079202976,
2021,1780822304,207VM0101X,100323720,
2021,1003058025,207V00000X,981950001,
2021,1730322702,207VX0201X,986846930,
2021,1346483260,207V00000X,800452545,
2021,1003059825,207VE0102X,327467682,
2021,1932342730,207VX0201X,559050001,
2021,1609019371,207VM0101X,752461707,
2021,1740423425,207VM0101X,432143908,
2021,1932342524,207VX0201X,047363567,
2021,1467695007,207VE0102X,303082212,
2021,1699918003,207V00000X,296054253,
2021,1649413162,207VX0201X,481971051,
2021,1780812586,207VF0040X,329402239,
2021,1477781334,207V00000X,294258908,
2021,1245469865,207VM0101X,92123,
2021,1265765812,207VX0201X,770304009,
2021,1316270846,207VM0101X,189601548,
2021,1841523248,207VE0102X,553697073,
2021,1457684995,207VM0101X,703014847,
2021,1124352315,207V00000X,190901104,
2021,1750618385,207VX0201X,191431805,
2021,1467789792,207VM0101X,941432350,
2021,1457683195,207VM0101X,928694347,
2021,1275865917,207VX0201X,92354,
2021,1396077962,207VM0101X,336063603,
2021,1922330562,207VE0102X,60435,
2021,1306178702,207VE0102X,021803335,
2021,1720310089,207V00000X,346551112,
2021,1942532239,207VM0101X,274011027,
2021,1912225665,207V00000X,402021845,
2021,1356669907,207VM0101X,843412455,
2021,1477871937,207V00000X,972393011,
2021,1043538432,207VM0101X,809095533,
2021,1447578604,207VE0102X,900951740,
2021,1104144377,207VE0102X,794101347,
2021,1326366691,390200000X,770302717,
2021,1568780773,207VM0101X,100198022,
2021,1083932032,207VE0102X,606112927,
2021,1265750228,207V00000X,016052726,
2021,1376855288,207V00000X,722057101,
2021,1811209703,207VX0201X,352331802,
2021,1982916698,207VE0102X,06511,
2021,1043522410,207V00000X,275144220,
2021,1760794143,207VM0101X,900275814,
2021,1508172982,207VX0201X,741466236,
2021,1316253305,207VM0101X,482022153,
2021,1609183474,207V00000X,080439612,
2021,1164722401,207V00000X,750346008,
2021,1770883050,207VE0102X,902120861,
2021,1023319076,207VX0201X,402181038,
2021,1104123678,207V00000X,900453818,
2021,1619274677,207VM0101X,352491900,
2021,1447557426,207V00000X,110303816,
2021,1467743096,207VM0101X,303221059,
2021,1467743906,207VM0101X,15224,
2021,1821380387,207VE0102X,209104003,
2021,1790077246,390200000X,065103220,
2021,1649562877,207VE0102X,770542949,
2021,1770875056,363A00000X,452203027,
2021,1114219300,207VE0102X,10022,
2021,1538451786,207VE0102X,105772574,
2021,1528350717,207VM0101X,021111552,
2021,1972895092,207VX0201X,495032562,
2021,1982992095,207V00000X,190901104,
2021,1053609867,207VM0101X,076664245,
2021,1073801965,207VX0201X,37403,
2021,1871873174,207VE0102X,581044603,
2021,1104106244,207VE0102X,068511080,
2021,1528348679,163WM0705X,787326083,
2021,1316227358,207VM0101X,799382622,
2021,1689954745,207VE0102X,787464945,
2021,1194005934,207V00000X,100287173,
2021,1003196692,207VM0101X,908134508,
2021,1649557695,207VX0000X,100212810,
2021,1154608115,207VM0101X,490859159,
2021,1770860694,207VM0101X,496018111,
2021,1497032106,207VX0201X,112291902,
2021,1407133150,207VE0102X,11790,
2021,1104196641,207V00000X,627025303,
2021,1568732071,207VM0101X,19104,
2021,1346510559,207VX0201X,392164643,
2021,1104196245,207VE0102X,100221009,
2021,1033475025,207VF0040X,152133108,
2021,1679839625,207VE0102X,303082212,
2021,1578829362,207VE0102X,900174005,
2021,1134485881,207VX0201X,100656007,
2021,1134485741,207VM0101X,900153068,
2021,1316203763,207VM0101X,122083797,
2021,1043571144,207VE0102X,194061438,
2021,1912268814,207V00000X,522421009,
2021,1871854604,207VE0102X,100281433,
2021,1891056677,207V00000X,958172307,
2021,1134481880,207V00000X,016052903,
2021,1629330220,207VE0102X,066116337,
2021,1255687513,207VM0101X,100323720,
2021,1528314564,207VE0102X,180208058,
2021,1871849810,207VE0102X,85718,
2021,1053667816,207VX0201X,296312921,
2021,1770839458,207VM0101X,280316591,
2021,1982950648,207VM0101X,708175100,
2021,1790036036,207VE0102X,100215663,
2021,1154672152,207VX0201X,912081468,
2021,1528303336,207VX0201X,984317075,
2021,1720323496,207VM0101X,011071619,
2021,1013256981,207VF0040X,454593999,
2021,1033458898,207VM0101X,126013947,
2021,1083954606,207V00000X,495032577,
2021,1386087062,207VM0101X,100166058,
2021,1013350743,207V00000X,334071901,
2021,1346683034,207V00000X,100176739,
2021,1366885972,207V00000X,731044637,
2021,1063855666,207V00000X,943041601,
2021,1811330376,207VM0101X,537151507,
2021,1619310984,207VX0000X,300764916,
2021,1245674571,207VX0201X,275997572,
2021,1104260439,207VF0040X,314046270,
2021,1629412952,207VM0101X,104612301,
2021,1306286166,390200000X,761042154,
2021,1679913206,207V00000X,333162510,
2021,1457791154,207V00000X,972393011,
2021,1912347519,207VX0201X,011071112,
2021,1215377361,207VX0201X,100656306,
2021,1932533643,207VE0102X,37777,
2021,1518391275,207V00000X,90048,
2021,1285068783,207VF0040X,958172307,
2021,1205265972,207VX0201X,187110027,
2021,1588093918,207VX0201X,170369791,
2021,1285063461,207VM0101X,224051455,
2021,1487076485,207VE0102X,630051364,
2021,1427470525,207VF0040X,402025700,
2021,1679995773,207V00000X,402025700,
2021,1013339183,207VM0101X,905054826,
2021,1871915835,207VM0101X,402025700,
2021,1588086540,207VX0201X,402025700,
2021,1447677687,207VX0201X,432141419,
2021,1467879403,101YM0800X,941152047,
2021,1629495668,390200000X,701156227,
2021,1982022877,207VF0040X,152133108,
2021,1366860249,207VF0040X,011071112,
2021,1467870295,207VM0101X,972393011,
2021,1295153062,207VF0040X,496842369,
2021,1548688310,207VF0040X,391106833,
2021,1518385244,207VX0201X,537922909,
2021,1215355938,207VE0102X,956889494,
2021,1558789586,207VE0102X,294868140,
2021,1023437076,207VM0101X,77030,
2021,1871912782,390200000X,770896050,
2021,1548689565,207V00000X,800452541,
2021,1467871376,207V00000X,770303411,
2021,1487073250,390200000X,800452545,
2021,1629497375,207VM0101X,20010,
2021,1215356787,207VX0201X,200103017,
2021,1043639487,207VF0040X,225546203,
2021,1568876068,390200000X,462025149,
2021,1942614342,207VX0201X,007250000,
2021,1346654704,207VX0201X,770896050,
2021,1437563897,207VX0201X,631101032,
2021,1447664875,207V00000X,174033676,
2021,1780098053,207V00000X,100198022,
2021,1326452319,207V00000X,441954419,
2021,1134533136,207VF0040X,327923800,
2021,1962810671,207VE0102X,914362731,
2021,1356759971,207VM0101X,100323720,
2021,1568870087,207VX0201X,100656007,
2021,1053714410,207SG0201X,100062516,
2021,1578966529,207VM0101X,395322109,
2021,1235527342,207VX0201X,191045127,
2021,1336537448,207VM0101X,191045502,
2021,1245628353,261QA0006X,191045502,
2021,1326436437,207V00000X,191044238,
2021,1285022111,207V00000X,852516410,
2021,1043608847,207V00000X,972393011,
2021,1174916803,207VM0101X,309015107,
2021,1306233895,207VM0101X,19047,
2021,1053708446,207VM0101X,452202475,
2021,1013385467,207VF0040X,303285338,
2021,1144698481,207VF0040X,953504500,
2021,1003289919,207VX0201X,945631619,
2021,1861865479,207VF0040X,941152382,
2021,1992178537,207VE0102X,450692509,
2021,1356714950,207VM0101X,104672401,
2021,1033575956,207VE0102X,949455056,
2021,1932561032,207VF0040X,441061716,
2021,1629423793,207VX0201X,977016752,
2021,1952756561,390200000X,021156110,
2021,1134574775,207VX0201X,190133902,
2021,1851747794,390200000X,601533328,
2021,1154777837,207VM0101X,190133902,
2021,1447607809,207VX0201X,801245640,
2021,1497102875,207VE0102X,370676667,
2021,1033566526,207VM0101X,281052387,
2021,1437501988,207VM0101X,775467896,
2021,1487100202,207VE0102X,232351957,
2021,1407386501,207VE0102X,024671959,
2021,1295265312,207VE0102X,328044049,
2021,1942730817,207V00000X,482012014,
2021,1255861035,207V00000X,55905,
2021,1497275044,207VM0101X,115301153,
2021,1952821217,207VM0101X,347445260,
2021,1902326283,207V00000X,775551101,
2021,1487179495,207VE0102X,616025009,
2021,1033634084,207VX0201X,100654870,
2021,1740706415,207VX0201X,100656342,
2021,1376069914,207VM0101X,176013982,
2021,1558872382,207VM0101X,074101812,
2021,1750880118,176B00000X,194606127,
2021,1073012407,207VE0102X,752481983,
2021,1467957654,207VM0101X,928683855,
2021,1245735281,207VM0101X,773396406,
2021,1013497213,207VF0040X,900153075,
2021,1093285223,207VE0102X,132052544,
2021,1679131858,207VE0102X,773843003,
2021,1538728357,207RH0003X,190471224,
2021,1437702438,207VF0040X,981224328,
2021,1194378034,207VE0102X,209930002,
2021,1740833722,207VM0101X,200194555,
2021,1992353189,207VM0101X,221913355,
2021,1538701990,207VX0201X,922434304,
2021,1851938906,207VE0102X,069055315,
2021,1639700727,207VX0201X,934494974,
2021,1578180444,207VE0102X,809103140,
2021,1417574393,207V00000X,806014004,
2021,1326665621,207VE0102X,921212155,
2021,1629685557,207VF0040X,796065266,
2021,1528669710,207VE0102X,282071606,
2021,1063013241,207VE0102X,75093,
2021,1033715974,207VX0201X,303421342,
2021,1295314037,207VM0101X,775981636,
2021,1396319752,207VM0101X,00725,
2021,1114597846,207VF0040X,602011700,
2021,1851961668,207VM0101X,323127053,
2021,1912577628,207VM0101X,271032930,
2021,1285204834,207VE0102X,927084056,
2021,1942870399,207VX0201X,100656007,
2021,1316517881,207VF0040X,346136897,
2021,1356911564,207VM0101X,354017479,
2021,1609540210,207VM0101X,816205428,
2021,1881368496,207VM0101X,327924120,
2021,1730853219,207VM0101X,330161584,
2021,1912671512,207VE0102X,294641901,
2021,1124793567,207VM0101X,333119026,
2021,1609545870,207VM0101X,317926136,
2021,1851054373,207VM0101X,176012433,
2021,1992468482,207VF0040X,323083833,
2021,1306500665,207V00000X,200363603,
2021,1215691415,207VM0101X,816218352,
2021,1184627549,207VM0101X,80033,546015429
2021,1568456622,207VG0400X,23708,559051302
2021,1750370110,207VG0400X,080434501,080602099
2021,1710976899,207VM0101X,543013528,381033409
2021,1467435891,207VM0101X,852246255,851222957
2021,1609859586,207V00000X,90095,902121842
2021,1699753152,207VE0102X,600313322,600143650
2021,1952389231,207VM0101X,481245032,481243057
2021,1649258948,207VM0101X,75701,45433
2021,1649258856,207V00000X,462601986,460324410
2021,1679545982,207VX0201X,850274017,850274017
2021,1154393411,207VX0201X,631410001,06519
2021,1730151796,207V00000X,32804,327924120
2021,1396713889,207VG0400X,331762118,331762144
2021,1952379497,207VG0400X,554352281,551251709
2021,1710955141,207VG0400X,303315511,303315583
2021,1831167162,207VF0040X,923241801,07410
2021,1629047626,207VF0040X,631418232,631282176
2021,1790747533,207VM0101X,765083641,782293641
2021,1902862121,207VM0101X,921039000,922703221
2021,1255398004,207VG0400X,379201510,379201527
2021,1376500942,207V00000X,08534,08618
2021,1003867623,207VM0101X,180151155,180151155
2021,1730131509,207V00000X,618012529,781303174
2021,1154374890,207V00000X,021156110,038012847
2021,1063464915,207V00000X,021111552,132022240
2021,1134166200,207VM0101X,480255439,482012007
2021,1437196177,207VM0101X,02115,021155724
2021,1003858952,207VM0101X,060308085,75701
2021,1609818657,207QA0401X,582016009,59405
2021,1710913306,207VM0101X,641084619,631171811
2021,1578590642,207V00000X,641113220,666041301
2021,1780615856,207V00000X,891485506,799025806
2021,1568494250,207VM0101X,921039000,100323729
2021,1265465140,207VX0201X,30076,303443608
2021,1619992724,207VX0201X,981043551,982011621
2021,1033134093,207V00000X,200600001,060300001
2021,1134144587,207VM0101X,328031465,443081063
2021,1881615102,207VF0040X,972256634,972132983
2021,1811001209,207V00000X,78758,78130
2021,1669580676,207VE0102X,170332086,170332360
2021,1053416958,207VE0102X,912064153,910073493
2021,1083719637,207V00000X,641113220,462025109
2021,1962508218,207VM0101X,936368761,436063895
2021,1841396116,207V00000X,77030,77030
2021,1326148651,207V00000X,752512101,750938104
2021,1013018449,207VM0101X,605151552,604611010
2021,1780766261,207QS0010X,465451468,465451464
2021,1568545713,207V00000X,27157,277100001
2021,1184796070,207VM0101X,220302208,201903300
2021,1346307709,207V00000X,142630001,972393011
2021,1467509505,207VX0201X,33701,342393605
2021,1184757080,207V00000X,940631433,941090456
2021,1659493054,207VM0101X,800452545,800336018
2021,1891817391,207VG0400X,773843003,773396406
2021,1437376373,207VE0102X,23320,236062572
2021,1811104961,207V00000X,292036839,490075349
2021,1962604181,207VM0101X,292036839,292036839
2021,1467654368,207V00000X,322096511,322074918
2021,1659573558,390200000X,381202363,229080001
2021,1447446265,207V00000X,554044514,784124938
2021,1174702948,207V00000X,958166039,60453
2021,1740464882,207VM0101X,543013528,543114240
2021,1871767384,207VM0101X,921039000,922703221
2021,1275707606,207VX0201X,977016015,977016752
2021,1508030958,207V00000X,701122256,704273634
2021,1912166737,207V00000X,92121,921232771
2021,1396904876,207V00000X,921039000,922703221
2021,1962661595,207VM0101X,452202475,410173403
2021,1457510091,207VM0101X,022155400,021155724
2021,1396905642,207VE0102X,01107,325032673
2021,1164682373,207VE0102X,291694716,294641901
2021,1154581304,207VX0201X,100656007,041023134
2021,1427211374,207VM0101X,941096978,949455055
2021,1427211366,207VX0201X,122081742,122065014
2021,1053555706,207V00000X,229114669,275144220
2021,1275777922,207VF0040X,301014112,432212849
2021,1700020138,207VF0040X,441366951,445125980
2021,1407083645,207VX0201X,799052707,191112434
2021,1497982268,207Q00000X,750623651,750623651
2021,1326275256,207VM0101X,334862349,115014077
2021,1760619324,207VM0101X,20901,20060
2021,1366770554,207VM0101X,146422916,112192916
2021,1861715096,207V00000X,980555738,770304009
2021,1194043984,207VE0102X,559050002,44109
2021,1720399769,390200000X,90503,104577606
2021,1508177353,207VM0101X,226012841,22601
2021,1699086173,207VX0201X,606371447,600052355
2021,1508173493,207VX0201X,284017407,285460201
2021,1992006407,207QH0002X,170509497,173312276
2021,1326349887,207VM0101X,068304608,105322170
2021,1922304153,207VM0101X,770303000,482263194
2021,1992097786,207VM0101X,296054281,275144220
2021,1336431287,207VM0101X,53226,530959274
2021,1841583473,207VM0101X,100323720,100440097
2021,1043502677,390200000X,95926,068106099
2021,1730475203,207V00000X,029052401,027471280
2021,1508152034,207V00000X,43210,606112914
2021,1033405246,207V00000X,95356,174033676
2021,1497042444,207V00000X,67218,631418221
2021,1154602670,207VE0102X,600313322,600143650
2021,1447526587,390200000X,941090456,462601902
2021,1831465806,207V00000X,606112955,601901222
2021,1326314055,207VM0101X,891064007,152133180
2021,1205102092,207VF0040X,441951705,943052200
2021,1942576772,207VE0102X,208924517,200102916
2021,1710253422,207VM0101X,303091754,303421606
2021,1669748406,207VM0101X,02903,029053244
2021,1003182734,207VM0101X,226012841,254012801
2021,1568738102,207VE0102X,94085,30303
2021,1740556232,207VX0201X,44109,44109
2021,1376819854,207V00000X,70115,559050001
2021,1235498114,207V00000X,631418265,631171811
2021,1720347545,207VM0101X,89148,968261032
2021,1992064539,207V00000X,374033329,374217162
2021,1316207962,207VM0101X,076011915,070476217
2021,1184983702,207VM0101X,229032824,227013942
2021,1548520133,207VF0040X,925085077,871310001
2021,1639434087,207V00000X,212011544,21061
2021,1811241003,207V00000X,334633462,334364540
2021,1265876494,390200000X,731045018,741352536
2021,1346684123,390200000X,076041815,331361005
2021,1750725206,207VE0102X,968595001,208890004
2021,1245678291,207VX0201X,13210,191076130
2021,1922447648,207VM0101X,782073154,753907208
2021,1437598968,207V00000X,296054281,296055611
2021,1043659634,207VX0201X,958165616,441061716
2021,1285064626,170300000X,171012515,173312275
2021,1962822650,390200000X,770304000,752357708
2021,1952715898,390200000X,60201,104611900
2021,1285038059,207VM0101X,85013,936368761
2021,1598154387,390200000X,271571509,973551509
2021,1356735716,390200000X,122083797,122083412
2021,1578957767,207VM0101X,77030,212011544
2021,1033503131,207VM0101X,27705,21287
2021,1154701530,390200000X,352331900,27599
2021,1841675287,207VG0400X,115811233,102792704
2021,1831568971,207VE0102X,100657471,104672401
2021,1447625009,207VF0040X,600451658,606543431
2021,1124487210,207RI0011X,196111495,196103222
2021,1790139269,207VX0201X,606124325,191112434
2021,1134578594,207VM0101X,191044238,029052401
2021,1376992727,207V00000X,559050001,652016986
2021,1811346141,207V00000X,191045502,029052401
2021,1235661059,207VF0040X,322241865,331361005
2021,1841722485,207VM0101X,921039000,920371300
2021,1043734619,207VE0102X,352092647,352096823
2021,1619433034,207VM0101X,75165,751655258
2021,1225676620,207VM0101X,914362429,900486168
2021,1720669880,207V00000X,483601437,480096201
2021,1497321798,207VF0040X,336032626,336032626
2021,1306517297,207VE0102X,980043055,980342901
2021,1417612102,207VE0102X,450692509,454291266
2021,1568456622,207VG0400X,23708,325421302
2021,1750370110,207VG0400X,080434501,080804006
2021,1710976899,207VM0101X,543013528,17101
2021,1467435891,207VM0101X,852246255,851222957
2021,1609859586,207V00000X,90095,900951865
2021,1699753152,207VE0102X,600313322,606302338
2021,1649258856,207V00000X,462601986,461236911
2021,1629047626,207VF0040X,631418232,630284101
2021,1063464915,207V00000X,021111552,132022240
2021,1003858952,207VM0101X,060308085,75701
2021,1609818657,207QA0401X,582016009,594055183
2021,1780615856,207V00000X,891485506,799113602
2021,1265465140,207VX0201X,30076,303443608
2021,1669580676,207VE0102X,170332086,174035121
2021,1053416958,207VE0102X,912064153,917864965
2021,1083719637,207V00000X,641113220,152133108
2021,1780766261,207QS0010X,465451468,465451464
2021,1568545713,207V00000X,27157,277100001
2021,1437376373,207VE0102X,23320,220662904
2021,1740464882,207VM0101X,543013528,070247016
2021,1164682373,207VE0102X,291694716,284017407
2021,1154581304,207VX0201X,100656007,041023134
2021,1427211374,207VM0101X,941096978,940103226
2021,1407083645,207VX0201X,799052707,191112434
2021,1497982268,207Q00000X,750623651,750623651
2021,1508177353,207VM0101X,226012841,178222920
2021,1699086173,207VX0201X,606371447,606371447
2021,1508173493,207VX0201X,284017407,285460201
2021,1992006407,207QH0002X,170509497,173312276
2021,1326349887,207VM0101X,068304608,100191047
2021,1992097786,207VM0101X,296054281,275144220
2021,1336431287,207VM0101X,53226,530514002
2021,1154602670,207VE0102X,600313322,606302338
2021,1669748406,207VM0101X,02903,029052401
2021,1235498114,207V00000X,631418265,631418265
2021,1720347545,207VM0101X,89148,891022230
2021,1316207962,207VM0101X,076011915,076011962
2021,1750725206,207VE0102X,968595001,546015429
2021,1043659634,207VX0201X,958165616,958172307
2021,1285038059,207VM0101X,85013,850138569
2021,1578957767,207VM0101X,77030,77030
2021,1124487210,207RI0011X,196111495,196103221
2021,1790139269,207VX0201X,606124325,943052200
2021,1619433034,207VM0101X,75165,752431912
2021,1497321798,207VF0040X,336032626,336032626
2021,1417612102,207VE0102X,450692509,452192906
2021,1750370110,207VG0400X,080434501,080439612
2021,1710976899,207VM0101X,543013528,83704
2021,1467435891,207VM0101X,852246255,852970424
2021,1609859586,207V00000X,90095,904041240
2021,1649258856,207V00000X,462601986,462201003
2021,1609818657,207QA0401X,582016009,594055183
2021,1780615856,207V00000X,891485506,328061014
2021,1427211374,207VM0101X,941096978,941104422
2021,1497982268,207Q00000X,750623651,750623621
2021,1699086173,207VX0201X,606371447,921039001
2021,1992006407,207QH0002X,170509497,172014217
2021,1336431287,207VM0101X,53226,170332360
2021,1669748406,207VM0101X,02903,027471280
2021,1235498114,207V00000X,631418265,631171811
2021,1316207962,207VM0101X,076011915,076011915
2021,1285038059,207VM0101X,85013,850138569
2021,1124487210,207RI0011X,196111495,196101065
2021,1497321798,207VF0040X,336032626,336032626
2021,1467435891,207VM0101X,852246255,850487645
2021,1609859586,207V00000X,90095,900951865
2021,1427211374,207VM0101X,941096978,940404103
2021,1497982268,207Q00000X,750623651,750623649
2021,1992006407,207QH0002X,170509497,172013411
2021,1235498114,207V00000X,631418265,405360293
2021,1316207962,207VM0101X,076011915,100166402
2021,1124487210,207RI0011X,196111495,196112143
2021,1497321798,207VF0040X,336032626,336032626
2021,1467435891,207VM0101X,852246255,852246235
2021,1609859586,207V00000X,90095,900481865
2021,1497982268,207Q00000X,750623651,75039
2021,1992006407,207QH0002X,170509497,173312275
2021,1316207962,207VM0101X,076011915,100191147
2021,1124487210,207RI0011X,196111495,196103222
2021,1992006407,207QH0002X,170509497,170031643
2021,1124487210,207RI0011X,196111495,195268779
2021,1992006407,207QH0002X,170509497,171095317
2021,1124487210,207RI0011X,196111495,196111493
2021,1992006407,207QH0002X,170509497,176037605
2021,1124487210,207RI0011X,196111495,196102714
2021,1992006407,207QH0002X,170509497,172338559
2021,1992006407,207QH0002X,170509497,170509401
2021,1992006407,207QH0002X,170509497,174088815
2021,1962405654,207VE0102X,660617209,
2021,1811990401,207VF0040X,761808848,
2021,1073516464,207V00000X,770242413,
2021,1467455816,207VE0102X,12110,
2021,1467455881,207V00000X,452492309,
2021,1205839560,207V00000X,476308954,
2021,1316949621,207VE0102X,852584588,
2021,1992707293,207VM0101X,070395672,
2021,1639171903,207VF0040X,770542935,
2021,1548262819,207VM0101X,070395672,
2021,1588666879,207VE0102X,770542934,
2021,1750383048,207VM0101X,070395672,
2021,1003818394,207VF0040X,770542949,
2021,1467454751,207VM0101X,070395672,
2021,1699777953,207VE0102X,770542949,
2021,1639171838,207VX0201X,253042696,
2021,1881696037,207V00000X,283043682,
2021,1881696185,207VM0101X,070395672,
2021,1013919356,207VE0102X,770542900,
2021,1497759773,207VX0201X,379162300,
2021,1891797999,207VE0102X,770542934,
2021,1598763104,207VM0101X,452202475,
2021,1669470274,207VX0201X,837048704,
2021,1730187287,207VX0201X,331462008,
2021,1598763997,207VE0102X,064432674,
2021,1871591297,207VX0201X,323085333,
2021,1922006311,207VE0102X,064432674,
2021,1114925211,207VM0101X,024457224,
2021,1982602173,207VX0201X,782583943,
2021,1376541458,207VM0101X,022155400,
2021,1265430318,207VM0101X,200072113,
2021,1881692002,174400000X,941171035,
2021,1629076765,207VX0201X,200072113,
2021,1376541318,207V00000X,207464207,
2021,1659379527,207VG0400X,864093247,
2021,1205834363,207V00000X,060023088,
2021,1649264938,207V00000X,480841744,
2021,1306830591,207V00000X,522421009,
2021,1740274935,207V00000X,191044238,
2021,1083608194,207VE0102X,029052401,
2021,1336133594,207VM0101X,336063603,
2021,1144214339,207V00000X,522468671,
2021,1548254741,207V00000X,522421009,
2021,1366436560,207VM0101X,522421009,
2021,1538153739,207V00000X,522421009,
2021,1225022486,207VG0400X,522421009,
2021,1518951797,207VX0201X,452425621,
2021,1124012125,207V00000X,170112207,
2021,1790779866,207V00000X,522421009,
2021,1013901008,207VX0201X,770304009,
2021,1689668493,207VG0400X,852151134,
2021,1699769307,207VM0101X,443081063,
2021,1982693404,207VF0040X,322241865,
2021,1740279272,207VM0101X,33486,
2021,1104815679,207VE0102X,142244658,
2021,1235128661,207V00000X,17043,
2021,1760471122,207VM0101X,077534488,
2021,1861481038,207VM0101X,336124742,
2021,1043209224,207VM0101X,278344300,
2021,1528057734,207VM0101X,303421606,
2021,1710976048,207VF0040X,301066810,
2021,1235128315,207VE0102X,945982419,
2021,1215926399,207VE0102X,432142300,
2021,1992794085,207VE0102X,01867,
2021,1093704231,207VE0102X,502661900,
2021,1811986987,207VE0102X,432142300,
2021,1538158613,207VM0101X,08103,
2021,1508855602,207VM0101X,641321180,
2021,1922098938,207VM0101X,265061200,
2021,1841289824,207VF0040X,27514,
2021,1124017157,207VE0102X,432142300,
2021,1750371795,207VX0201X,432141419,
2021,1750363180,207VM0101X,958172307,
2021,1871576199,207V00000X,03756,
2021,1124001441,207V00000X,968261001,
2021,1033192356,207VM0101X,900481865,
2021,1679556997,207VF0040X,016052726,
2021,1073596300,207VX0201X,103053417,
2021,1528041969,207V00000X,021182371,
2021,1144203548,207V00000X,021184001,
2021,1447233788,207VE0102X,029052401,
2021,1407839764,207VM0101X,958172307,
2021,1144203472,207VF0040X,021182371,
2021,1851374193,207V00000X,021184001,
2021,1619950821,207V00000X,652018144,
2021,1205819505,207V00000X,021142621,
2021,1508849811,207VM0101X,021352907,
2021,1811970049,207VM0101X,972256772,
2021,1730162876,207VM0101X,383013923,
2021,1821071994,207V00000X,331362137,
2021,1457334542,207VM0101X,065103220,
2021,1265415350,207V00000X,065191369,
2021,1881677979,207V00000X,78229,
2021,1851374946,207VM0101X,797634206,
2021,1659354702,207VE0102X,921212111,
2021,1730162884,207VM0101X,336063603,
2021,1720061880,207VM0101X,346551810,
2021,1033192109,207V00000X,432213502,
2021,1588647655,207V00000X,60612,
2021,1760465819,207VM0101X,065191369,
2021,1073596151,207VM0101X,210442998,
2021,1053394197,207VM0101X,773396405,
2021,1194708230,207VM0101X,972256772,
2021,1235112392,207VM0101X,065103220,
2021,1962485045,207V00000X,432212800,
2021,1295718138,207VF0040X,490099423,
2021,1598748519,207VM0101X,191044306,
2021,1497738439,207VM0101X,921232778,
2021,1164405130,207V00000X,021184001,
2021,1770566606,207VM0101X,968261001,
2021,1205819133,207VM0101X,900481865,
2021,1720061641,207V00000X,900510717,
2021,1073596862,207VM0101X,940404103,
2021,1477531127,207VM0101X,891485506,
2021,1144208737,207VM0101X,770303000,
2021,1720066467,207V00000X,105801404,
2021,1043298466,207VE0102X,48124,
2021,1669450011,207V00000X,60068,
2021,1265410690,207VX0201X,190901104,
2021,1861470296,207VM0101X,480255439,
2021,1639157738,207V00000X,770542949,
2021,1467423871,207VX0201X,222053683,
2021,1548231962,207VM0101X,784144103,
2021,1225009640,207VM0101X,158011462,
2021,1215908637,174400000X,277054596,
2021,1639141013,207VX0201X,921202507,
2021,1659342152,207V00000X,481924668,
2021,1780655175,207V00000X,760175871,
2021,1972575181,207VX0201X,891692578,
2021,1497727721,207V00000X,079606422,
2021,1992777254,207VM0101X,054011473,
2021,1093787335,207VM0101X,850545178,
2021,1508838863,207VX0201X,079606136,
2021,1508838897,207VX0201X,972393011,
2021,1396717575,207VX0201X,338053109,
2021,1295707230,207V00000X,338053109,
2021,1457323420,207VE0102X,080534161,
2021,1154393205,207VX0201X,19140,
2021,1396717211,207VM0101X,797634206,
2021,1063484996,207VG0400X,071093532,
2021,1649242736,207VX0201X,600681126,
2021,1376511956,207VX0201X,741466236,
2021,1992773485,207VE0102X,535621461,
2021,1083682660,207VX0201X,616157822,
2021,1861460297,207VX0201X,708175128,
2021,1316915671,207VE0102X,731045417,
2021,1700854197,207VX0201X,74133,
2021,1477521839,207VX0201X,731045417,
2021,1568430007,207VX0201X,731045417,
2021,1821066184,207VX0201X,571051035,
2021,1295703650,207V00000X,984054238,
2021,1023086469,207VM0101X,787593550,
2021,1629046990,207VG0400X,328044674,
2021,1144298431,207VM0101X,853647726,
2021,1417926403,207VE0102X,801125999,
2021,1134198161,207VM0101X,800452545,
2021,1780652990,207V00000X,070394896,
2021,1972571131,207VM0101X,306067721,
2021,1932178845,207VE0102X,631416843,
2021,1073581294,207VX0201X,325146091,
2021,1871562827,207V00000X,066102811,
2021,1902875958,207VM0101X,750331547,
2021,1336118488,207V00000X,240132222,
2021,1255309308,207VE0102X,454092722,
2021,1982666343,207VE0102X,190013725,
2021,1437111747,207V00000X,984054930,
2021,1588626840,207VX0201X,37604,
2021,1134181480,207VM0101X,950080664,
2021,1265494660,207VM0101X,802181216,
2021,1477515740,207VX0201X,070521000,
2021,1396707501,207VM0101X,802181216,
2021,1164484382,207VM0101X,846043380,
2021,1528020658,207VE0102X,190103121,
2021,1669434700,207VE0102X,190103121,
2021,1265494306,207VE0102X,190103121,
2021,1699737403,207VM0101X,950080664,
2021,1760444574,207VM0101X,981043586,
2021,1174585913,207V00000X,913014231,
2021,1699737437,207VM0101X,782293901,
2021,1306808381,207VX0201X,98503,
2021,1447212261,207VM0101X,972256772,
2021,1336101260,207VM0101X,495032515,
2021,1093777922,207V00000X,765080001,
2021,1851353791,207VF0040X,765080001,
2021,1841252756,207VM0101X,495032515,
2021,1710943121,207VX0201X,08043,
2021,1942266366,207VE0102X,334373724,
2021,1487610952,207VM0101X,077534862,
2021,1912963497,207VX0201X,753907208,
2021,1154387637,207VM0101X,850134295,
2021,1144286238,207VM0101X,89106,
2021,1942266051,207VM0101X,782584192,
2021,1336105410,207V00000X,178222920,
2021,1477519411,207VM0101X,079606390,
2021,1467418400,207VX0201X,337563432,
2021,1336105378,207VE0102X,152354566,
2021,1043276017,207VE0102X,503258143,
2021,1942266978,207VX0201X,074503316,
2021,1457318404,174400000X,372031534,
2021,1881651750,207VM0101X,326103003,
2021,1548227416,174400000X,372031534,
2021,1255398079,207VF0040X,188401625,
2021,1386601003,207VE0102X,331762144,
2021,1114984705,207VM0101X,661600001,
2021,1023075611,207VM0101X,381202382,
2021,1932166527,207V00000X,554151623,
2021,1164489704,207VE0102X,190013725,
2021,1073570610,207VE0102X,190013725,
2021,1851358360,207V00000X,080809340,
2021,1487605036,207VM0101X,981043586,
2021,1295786820,207VM0101X,180208037,
2021,1275584872,174400000X,265053001,
2021,1366494676,207V00000X,532272409,
2021,1609828672,207VX0201X,117181830,
2021,1952353930,207VE0102X,841320001,
2021,1679525752,207VM0101X,981953316,
2021,1710939608,207VM0101X,466011171,
2021,1336192079,207V00000X,024456002,
2021,1144272170,207VM0101X,946093425,
2021,1427000348,207VE0102X,113553842,
2021,1063464089,207VF0040X,925063804,
2021,1083666721,207VX0201X,800452541,
2021,1275570467,207VX0201X,841320001,
2021,1184661373,207VM0101X,392021651,
2021,1093752297,207VM0101X,392021651,
2021,1811934011,207VE0102X,392164500,
2021,1992742191,207VE0102X,02451,
2021,1790722999,207V00000X,392021651,
2021,1265479471,207VX0201X,392021651,
2021,1043257173,207VX0201X,35233,
2021,1205873361,207V00000X,481094276,
2021,1225075393,207V00000X,48201,
2021,1629015797,207VX0201X,336063603,
2021,1114964202,207VF0040X,913206439,
2021,1093752925,207V00000X,731171039,
2021,1669419198,207VF0040X,18360,
2021,1811934557,207VE0102X,021690902,
2021,1235176868,207VE0102X,024457237,
2021,1871530634,207VX0201X,303421631,
2021,1164469797,207VE0102X,132101688,
2021,1164469680,207VM0101X,48235,
2021,1023055688,207VG0400X,29407,
2021,1134166697,207VX0201X,928684306,
2021,1548207491,207VM0101X,229118835,
2021,1780621490,207VX0201X,328063910,
2021,1538106414,207VM0101X,846043380,
2021,1568409373,207VX0201X,486049515,
2021,1962449603,207VE0102X,190871824,
2021,1427095090,207V00000X,941153006,
2021,1609813211,207V00000X,482012007,
2021,1750328506,207VX0201X,956080302,
2021,1629015102,207VM0101X,323084647,
2021,1528005006,207VM0101X,381033409,
2021,1790722288,207VM0101X,480255439,
2021,1609813195,207VE0102X,601695020,
2021,1336186832,207VM0101X,50307,
2021,1871535708,207VE0102X,190271539,
2021,1982646121,207VX0201X,752302505,
2021,1477595510,207VX0201X,430267752,
2021,1710929864,207VX0201X,432123117,
2021,1306888383,207VE0102X,080033106,
2021,1659313633,207VX0201X,926633509,
2021,1356383343,207VX0201X,752462003,
2021,1437191608,207VM0101X,19456,
2021,1881636090,207VX0201X,658075155,
2021,1093757239,207V00000X,31082,
2021,1932141033,207VX0201X,760225934,
2021,1083656938,207VM0101X,797614572,
2021,1518909464,207VE0102X,857245078,
2021,1285676148,207VM0101X,928683217,
2021,1780626093,207VX0201X,288062270,
2021,1841232873,207VM0101X,537151849,
2021,1295777191,207VE0102X,229114669,
2021,1679515811,207VE0102X,731043252,
2021,1225070014,207VM0101X,600681186,
2021,1669414488,207VF0040X,181033628,
2021,1053353888,207VM0101X,117334047,
2021,1750324513,207V00000X,105322140,
2021,1780610352,207VE0102X,201905360,
2021,1558397141,207VM0101X,94596,
2021,1598791139,207VM0101X,445101617,
2021,1275569733,207VX0201X,462025149,
2021,1174559603,207VX0201X,029052401,
2021,1225064603,207RH0000X,782164700,
2021,1467488734,207VM0101X,46845,
2021,1649207820,207VE0102X,117334047,
2021,1033146196,207V00000X,661608500,
2021,1972530293,207VX0201X,441950001,
2021,1487681706,207VM0101X,35233,
2021,1699702902,207SG0201X,326103003,
2021,1578590667,207VE0102X,452091900,
2021,1326075367,207V00000X,117334047,
2021,1447281381,207VE0102X,146234276,
2021,1285666842,207VM0101X,100323729,
2021,1063443836,207VM0101X,041023100,
2021,1245262989,207VM0101X,100323729,
2021,1447281605,207VX0201X,984055016,
2021,1215968474,207VM0101X,900950001,
2021,1083646749,207V00000X,054011473,
2021,1174555874,207VM0101X,100323729,
2021,1285666974,207VM0101X,100323729,
2021,1245262880,207VM0101X,089011962,
2021,1427080019,207VM0101X,800452527,
2021,1235162116,207V00000X,794300001,
2021,1871525337,207VM0101X,974778800,
2021,1962435859,207VE0102X,30041,
2021,1407889397,207VE0102X,841323006,
2021,1700818036,207VE0102X,94583,
2021,1407888647,207V00000X,532264216,
2021,1255363537,207VE0102X,366073520,
2021,1780616219,207VX0201X,037560001,
2021,1487686598,207VE0102X,376043799,
2021,1295767309,207SC0300X,191044238,
2021,1285666545,207VE0102X,55118,
2021,1992737258,207VM0101X,503141728,
2021,1669404109,207VM0101X,02215,
2021,1235164476,207VF0040X,775552722,
2021,1154346146,207VE0102X,450692509,
2021,1467477448,207VF0040X,037561000,
2021,1851316855,207V00000X,054011473,
2021,1063437127,207VX0201X,974016036,
2021,1841215993,207VX0201X,891064020,
2021,1790700862,207VM0101X,602011718,
2021,1477578532,207VM0101X,974778800,
2021,1780619221,207V00000X,900950001,
2021,1376568741,207V00000X,920371205,
2021,1346265725,207VF0040X,770303000,
2021,1982620217,207VE0102X,441061716,
2021,1346265667,207VM0101X,441061716,
2021,1578583571,207VE0102X,711034228,
2021,1366462368,207VE0102X,711034010,
2021,1679593941,207V00000X,054011473,
2021,1174543698,207RC0200X,791061745,
2021,1497775241,207VM0101X,35233,
2021,1902826720,207V00000X,44106,
2021,1184644973,207VM0101X,081031461,
2021,1558381335,207VM0101X,503143068,
2021,1619997491,207VE0102X,217024425,
2021,1235159021,207VM0101X,423039774,
2021,1720009517,207VE0102X,078303027,
2021,1992726699,207VE0102X,016052726,
2021,1003837527,207VM0101X,32803,
2021,1669493334,207VM0101X,142142648,
2021,1174544860,207VM0101X,142142648,
2021,1841211265,207VM0101X,112153609,
2021,1992726509,207VM0101X,841075701,
2021,1952325623,207VM0101X,331016960,
2021,1023032794,207VM0101X,331016960,
2021,1518981067,207V00000X,191044206,
2021,1225052459,207VE0102X,914365227,
2021,1295749430,207VE0102X,103092622,
2021,1962426544,207V00000X,330161897,
2021,1548284847,207VE0102X,331361003,
2021,1770507378,207VM0101X,331016960,
2021,1528082120,207VE0102X,330161897,
2021,1386668507,207VE0102X,913611201,
2021,1912921149,207VX0201X,197132081,
2021,1639193907,207VX0201X,233204945,
2021,1639193923,207V00000X,331016960,
2021,1255345203,207VX0000X,913451252,
2021,1821002478,207VM0101X,752314339,
2021,1063426054,207VM0101X,616360001,
2021,1336150168,207VM0101X,070521144,
2021,1689685406,207VM0101X,981043592,
2021,1750392544,207VM0101X,802055503,
2021,1184635799,207VM0101X,799052707,
2021,1437160181,207VE0102X,46032,
2021,1063423721,207VE0102X,46060,
2021,1215948971,207VE0102X,46825,
2021,1942211503,207VG0400X,631171818,
2021,1710998315,207VE0102X,606371447,
2021,1659382216,207VG0400X,631171856,
2021,1568473122,207VG0400X,631171818,
2021,1992716419,207VG0400X,191074414,
2021,1558372102,207VE0102X,672262182,
2021,1679584312,207VE0102X,12524,
2021,1518978253,207VE0102X,100160113,
2021,1063423408,207VM0101X,328031456,
2021,1811908023,207VX0201X,217426756,
2021,1245241546,207VM0101X,328031456,
2021,1033120282,207VE0102X,460323008,
2021,1174534150,207VG0400X,069023628,
2021,1366556185,207V00000X,214017992,
2021,1245344076,207V00000X,181036122,
2021,1497869184,207VE0102X,112153609,
2021,1437263126,207VE0102X,181042307,
2021,1689788333,207VE0102X,741194044,
2021,1518071182,207VE0102X,302403144,
2021,1760597140,207VE0102X,604671913,
2021,1679687297,207VX0201X,923543450,
2021,1386758761,207V00000X,680223913,
2021,1346354750,207VE0102X,891092307,
2021,1619081262,207VX0201X,917065806,
2021,1144334566,207VX0201X,681312137,
2021,1437267465,207VE0102X,068242852,
2021,1427166412,207VE0102X,174035121,
2021,1477662013,207VM0101X,088165823,
2021,1932218906,207VE0102X,068511080,
2021,1700995669,207VM0101X,462378601,
2021,1871602128,207VM0101X,462602495,
2021,1376652636,207VM0101X,405031431,
2021,1336258698,207VM0101X,462602495,
2021,1861501199,207VM0101X,809095533,
2021,1356450548,207VM0101X,191075701,
2021,1538278940,207VE0102X,309045806,
2021,1235248360,207VX0201X,981041306,
2021,1235248303,207VF0040X,105835059,
2021,1447355458,207V00000X,871064900,
2021,1700981685,174400000X,960013027,
2021,1457457020,207VX0201X,815051443,
2021,1336249432,207VM0101X,802181216,
2021,1790885804,207VE0102X,011071112,
2021,1588764039,207V00000X,563032735,
2021,1548360944,207VM0101X,06856,
2021,1346340676,207VE0102X,405042043,
2021,1336240449,207VM0101X,968191469,
2021,1467553594,207V00000X,770303004,
2021,1295835601,207VM0101X,232261926,
2021,1144321209,207VX0201X,770304009,
2021,1659472728,207VX0201X,180151155,
2021,1407957152,207VM0101X,850145061,
2021,1487747283,207VX0201X,081031438,
2021,1023101599,207VE0102X,07604,
2021,1114010097,207V00000X,605407429,
2021,1356434989,207VM0101X,021142621,
2021,1588759062,207VM0101X,90015,
2021,1477647840,207VX0000X,871244740,
2021,1184718280,207VM0101X,937108610,
2021,1902990260,207VX0201X,62702,
2021,1568556702,207VE0102X,010282712,
2021,1396834065,207VX0201X,770304009,
2021,1306935689,207VM0101X,917903937,
2021,1841389400,207VE0102X,435601993,
2021,1528157021,207VM0101X,402074707,
2021,1649369109,207VM0101X,900101120,
2021,1184714032,207VX0201X,980555772,
2021,1376633248,207VX0201X,029052401,
2021,1316037310,207VM0101X,87106,
2021,1023108966,207VX0201X,631101032,
2021,1821188426,207VE0102X,483040922,
2021,1518057116,207VE0102X,841320002,
2021,1457441321,207VX0201X,029052401,
2021,1316037930,207VE0102X,841320002,
2021,1831289529,207VM0101X,081031461,
2021,1578653176,207VE0102X,841320001,
2021,1225128713,207VG0400X,722057101,
2021,1043300536,207VG0400X,722057101,
2021,1528158326,207V00000X,232294942,
2021,1437249943,207V00000X,232910001,
2021,1568552644,207VF0040X,432123153,
2021,1306936893,207VF0040X,342396304,
2021,1851481345,207VM0101X,604532654,
2021,1679663165,207VG0400X,722057101,
2021,1205926797,207VM0101X,722057101,
2021,1023108511,207VE0102X,532272409,
2021,1932299427,207VM0101X,722057101,
2021,1942390448,207R00000X,232980510,
2021,1144302720,207VX0201X,46845,
2021,1316029036,207VG0400X,152133110,
2021,1346323805,207VM0101X,100297404,
2021,1760564629,207VE0102X,914362731,
2021,1578645263,207VX0201X,631418657,
2021,1811070279,207VM0101X,021111526,
2021,1043393564,207V00000X,191045127,
2021,1497838916,207VM0101X,928683217,
2021,1568545994,207VE0102X,190833509,
2021,1659454957,207VX0201X,770304009,
2021,1487737698,207VF0040X,452111106,
2021,1326121534,207V00000X,450696578,
2021,1487737573,207VM0101X,97504,
2021,1417036963,207VE0102X,97239,
2021,1043399454,207VE0102X,100221791,
2021,1861571150,207VE0102X,48912,
2021,1730268095,207VM0101X,980044623,
2021,1154400430,207VE0102X,48912,
2021,1568541878,207VM0101X,014532205,
2021,1164591301,207VE0102X,60612,
2021,1174695647,207VF0040X,20902,
2021,1679645816,207V00000X,180177334,
2021,1669544763,207VX0201X,571051035,
2021,1710059290,207V00000X,209101459,
2021,1134291180,207VE0102X,941332110,
2021,1871666453,207VE0102X,10019,
2021,1417029109,207VE0102X,334724602,
2021,1821160672,207VM0101X,941153357,
2021,1447323092,207V00000X,940402833,
2021,1871665604,207VE0102X,950510000,
2021,1750453346,207VM0101X,088762519,
2021,1629146949,207VM0101X,926183734,
2021,1548338841,207VM0101X,974778800,
2021,1528136843,207VM0101X,282042963,
2021,1992873160,207VX0201X,00785,
2021,1194883306,207RC0000X,196111410,
2021,1578621611,207VF0040X,165071423,
2021,1801954904,207VM0101X,775555302,
2021,1972661874,363A00000X,95630,
2021,1528126919,207VE0102X,352096899,
2021,1912065772,207VM0101X,334146134,
2021,1508929506,207VX0201X,212022001,
2021,1073677803,207VE0102X,499132134,
2021,1811051592,207VF0040X,112091811,
2021,1760546311,207VE0102X,992012262,
2021,1356405021,363LF0000X,372031534,
2021,1215091905,207V00000X,018050001,
2021,1922162551,207VM0101X,606127313,
2021,1245394766,207VE0102X,125242264,
2021,1881758399,207VM0101X,100191147,
2021,1700940319,207VX0201X,038017156,
2021,1780748087,207VX0201X,941153010,
2021,1336203496,207VM0101X,921038433,
2021,1649334723,207VM0101X,303421626,
2021,1285798314,207VM0101X,100191147,
2021,1043377237,207VX0201X,113661255,
2021,1003973587,207VE0102X,10028,
2021,1942367461,207VE0102X,191075504,
2021,1306903836,207VE0102X,100163295,
2021,1871650341,207V00000X,921232778,
2021,1104973064,207VM0101X,30308,
2021,1265589139,207VX0201X,372032650,
2021,1316094295,207V00000X,701212429,
2021,1225185192,207V00000X,372032131,
2021,1821145954,207VE0102X,303288102,
2021,1114074101,207VF0040X,326054381,
2021,1598812414,207VM0101X,611033655,
2021,1033266879,207VF0040X,92037,
2021,1851442792,207VE0102X,900173901,
2021,1912058041,207VG0400X,454594056,
2021,1942351978,207VE0102X,928431903,
2021,1386795144,207VE0102X,90025,
2021,1972654895,207VG0400X,841320001,
2021,1659422376,207VM0101X,104577606,
2021,1457403107,207VE0102X,22003,
2021,1326185604,207V00000X,80204,
2021,1023155868,207VM0101X,113552162,
2021,1578600565,207V00000X,435261250,
2021,1194862011,207VM0101X,180151155,
2021,1861539538,170300000X,801114726,
2021,1710024344,207VE0102X,940871022,
2021,1184761728,207VM0101X,785031209,
2021,1336286889,207VE0102X,900173901,
2021,1952442485,207VE0102X,105772574,
2021,1669509436,207VX0201X,902111958,
2021,1578690962,207VE0102X,981093050,
2021,1750419156,207VM0101X,900153010,
2021,1023145695,207VE0102X,750350521,
2021,1841322880,207VE0102X,079606097,
2021,1720111537,207VE0102X,927046210,
2021,1558494450,207VX0201X,104672836,
2021,1104959782,207V00000X,891092305,
2021,1881727881,207V00000X,275144220,
2021,1700919503,207VE0102X,460323008,
2021,1962535997,207V00000X,535620000,
2021,1689707606,207VX0201X,100654870,
2021,1306979067,207VM0101X,100166058,
2021,1295868883,207V00000X,78412,
2021,1134246515,207VE0102X,029052401,
2021,1083731376,207VE0102X,770302351,
2021,1063539211,207VX0201X,604532199,
2021,1790802106,207VE0102X,27607,
2021,1215054622,207V00000X,740554674,
2021,1922125731,207VE0102X,913162827,
2021,1477675874,207V00000X,45069,
2021,1720100357,207VM0101X,463830971,
2021,1871615229,207V00000X,782405251,
2021,1043332463,207VM0101X,379201507,
2021,1295858355,207V00000X,454151180,
2021,1891817920,207VE0102X,208503472,
2021,1689891673,207VM0101X,178227506,
2021,1770700528,207VM0101X,984055307,
2021,1669690210,207VH0002X,283600004,
2021,1073730891,207VX0201X,910103012,
2021,1396966537,207VM0101X,85014,
2021,1043432123,207VF0040X,061025037,
2021,1518189349,207VX0201X,040749692,
2021,1801018643,207VM0101X,374032724,
2021,1316169261,207VE0102X,191075127,
2021,1609098219,207VE0102X,240132256,
2021,1902013600,207V00000X,212870005,
2021,1578770160,207VG0400X,208523905,
2021,1821205451,207VX0201X,372031632,
2021,1851508436,207VX0201X,079621956,
2021,1053528299,207V00000X,328032948,
2021,1124235940,207VM0101X,859017888,
2021,1790992915,207VM0101X,372044684,
2021,1063613404,207VE0102X,077024329,
2021,1366644601,207VM0101X,070395672,
2021,1194927285,207VE0102X,900676657,
2021,1073715108,207VM0101X,074362817,
2021,1891997904,207V00000X,331361101,
2021,1891997979,207VG0400X,265053494,
2021,1790987782,207V00000X,76177,
2021,1275735177,207VM0101X,212011544,
2021,1033311832,207VE0102X,601337152,
2021,1912109877,207VE0102X,070833535,
2021,1881896637,207VM0101X,60068,
2021,1326240193,207VM0101X,452192364,
2021,1982801403,207VM0101X,442569312,
2021,1841497401,207VX0201X,152133108,
2021,1316144868,207VX0201X,801245640,
2021,1790982031,207V00000X,482012013,
2021,1033316294,207V00000X,681144108,
2021,1649477092,207VE0102X,741352527,
2021,1669679940,282N00000X,100654870,
2021,1801093984,207VM0101X,443081063,
2021,1548467541,207V00000X,208721022,
2021,1972700052,208800000X,940404124,
2021,1447457346,207VX0201X,462545620,
2021,1770780744,207VX0201X,346524333,
2021,1912198672,207N00000X,271031508,
2021,1831380435,207VE0102X,200061003,
2021,1528259090,207VM0101X,981950001,
2021,1649461179,207VE0102X,925632632,
2021,1194917575,207VE0102X,956614156,
2021,1144412537,207VM0101X,209101459,
2021,1154513547,207V00000X,968142118,
2021,1184816506,207V00000X,761042158,
2021,1891987293,207VX0000X,960010800,
2021,1437341831,207VG0400X,91206,
2021,1023203239,2080P0216X,468054638,
2021,1467647537,207V00000X,902913404,
2021,1700071859,207V00000X,224018451,
2021,1285829101,207VG0400X,454594056,
2021,1073708848,207VX0201X,802055437,
2021,1013102904,207VE0102X,78745,
2021,1801081625,207VE0102X,483022079,
2021,1902085822,207VX0201X,871244740,
2021,1447439245,174400000X,342393132,
2021,1386823243,207VF0040X,33431,
2021,1255510913,207VE0102X,068511080,
2021,1003095506,207VX0201X,840967015,
2021,1437338050,207VM0101X,280542189,
2021,1821272162,207VM0101X,601691063,
2021,1275717431,207V00000X,770541951,
2021,1326222589,207VX0201X,08873,
2021,1306020565,207VG0400X,891357864,
2021,1255515466,207V00000X,958154320,
2021,1982888111,207VM0101X,021142621,
2021,1548444383,207VG0400X,352051200,
2021,1891970521,207VM0101X,394017206,
2021,1437334232,207VF0040X,905022004,
2021,1417132226,207V00000X,554541517,
2021,1477738136,207V00000X,631082212,
2021,1073781498,207VM0101X,016052903,
2021,1245408780,207VE0102X,750392473,
2021,1730357039,207VM0101X,597156903,
2021,1992973275,207VX0201X,089032681,
2021,1689843989,207V00000X,900493352,
2021,1477722783,207VE0102X,774793149,
2021,1578732897,207V00000X,532263522,
2021,1346419439,363A00000X,443041437,
2021,1295904381,207V00000X,271570001,
2021,1073787750,390200000X,176012644,
2021,1760656508,390200000X,462602053,
2021,1023282647,207VE0102X,48105,
2021,1548434061,207V00000X,331361101,
2021,1396919924,207VE0102X,891175865,
2021,1649444050,390200000X,923542804,
2021,1215101480,207VM0101X,441091900,
2021,1619141876,207VX0201X,191074408,
2021,1194999326,207VE0102X,191074408,
2021,1164681987,207VG0400X,78258,
2021,1700045531,207VM0101X,100296501,
2021,1326207143,207VE0102X,331434806,
2021,1538328190,207VE0102X,122111961,
2021,1821257494,207VM0101X,022155400,
2021,1083873525,207RC0000X,482362148,
2021,1881853349,207VE0102X,800452545,
2021,1871752329,207VX0201X,20817,
2021,1285893727,207VM0101X,482362148,
2021,1174782635,207VF0040X,333313609,
2021,1851550305,207V00000X,294250100,
2021,1184884645,207V00000X,559050001,
2021,1538329040,207V00000X,105801404,
2021,1619137924,207VX0201X,708154114,
2021,1912167313,207VX0201X,850544502,
2021,1386804789,207VM0101X,117339254,
2021,1457511966,207VM0101X,604532654,
2021,1992965354,207VX0201X,945982512,
2021,1114187556,207VF0040X,902773416,
2021,1780844050,207VE0102X,112046079,
2021,1124288329,207VX0201X,100296528,
2021,1174783427,207V00000X,981224328,
2021,1396905501,207VX0201X,110303816,
2021,1144480427,207VG0400X,104631409,
2021,1700046943,207VX0201X,731208561,
2021,1447413505,207VF0040X,029052401,
2021,1205099496,207V00000X,405360001,
2021,1003079013,207V00000X,55435,
2021,1255594255,207VG0400X,200373201,
2021,1144484072,207VM0101X,857240001,
2021,1023272986,207VE0102X,181042307,
2021,1790949600,207V00000X,229080001,
2021,1669636437,207VM0101X,117334079,
2021,1487818134,207VE0102X,481081649,
2021,1588828248,207VM0101X,77030,
2021,1285898882,207VF0040X,105835015,
2021,1902060569,207VE0102X,068803951,
2021,1275783797,207VE0102X,100222410,
2021,1184874778,207VM0101X,229081147,
2021,1134379423,207V00000X,336063603,
2021,1265682413,207VE0102X,462802301,
2021,1174773287,207V00000X,454291265,
2021,1669622619,207V00000X,016052903,
2021,1639329592,207VX0201X,212870005,
2021,1962656389,207VE0102X,068511080,
2021,1417101668,207V00000X,900890121,
2021,1083868269,208000000X,468251675,
2021,1861647927,207V00000X,296054281,
2021,1184878209,207V00000X,234516185,
2021,1760637870,207VE0102X,325718790,
2021,1487809588,207VF0040X,468251675,
2021,1215182035,390200000X,972393011,
2021,1942449558,207VF0040X,857102158,
2021,1104065358,207VE0102X,90024,
2021,1497999197,207VF0040X,797015856,
2021,1891939567,207VX0201X,336129416,
2021,1942444526,207VX0201X,32164,
2021,1467696963,207V00000X,984310001,
2021,1801030218,207VE0102X,483045130,
2021,1700020062,207V00000X,061051208,
2021,1275777682,207V00000X,441950001,
2021,1124262522,207VX0201X,466011168,
2021,1598909889,207VF0040X,342081158,
2021,1528202843,207VE0102X,212373930,
2021,1609010875,207VM0101X,443081063,
2021,1477797686,207SG0201X,009092307,
2021,1942437181,207V00000X,379201510,
2021,1386871671,390200000X,900481804,
2021,1770710915,207VF0040X,352095603,
2021,1952538001,207VX0201X,532153669,
2021,1255568333,207VX0201X,606543431,
2021,1730316761,207V00000X,631081495,
2021,1063649051,207VX0201X,089011962,
2021,1083841043,207VM0101X,352111333,
2021,1073740957,207V00000X,462802000,
2021,1063649085,207V00000X,100656007,
2021,1699902551,207VE0102X,972235442,
2021,1124255922,207V00000X,731146304,
2021,1548497498,390200000X,968595001,
2021,1366679060,207V00000X,601901295,
2021,1043447659,207VE0102X,146234284,
2021,1497982086,207VM0101X,680223913,
2021,1447583570,207VM0101X,921303058,
2021,1083947196,207VE0102X,850084948,
2021,1922331834,207VM0101X,935344037,
2021,1699008581,207VG0400X,00935,
2021,1427386804,207V00000X,78229,
2021,1447588728,207V00000X,591010905,
2021,1295063410,207VM0101X,078562325,
2021,1215265004,207VE0102X,852584424,
2021,1447572995,207VM0101X,844033195,
2021,1205159316,207VM0101X,277054597,
2021,1437472537,207VE0102X,605234643,
2021,1619294998,207VM0101X,672144926,
2021,1043537145,390200000X,007256184,
2021,1679890719,207VM0101X,328061014,
2021,1174840185,207V00000X,480835333,
2021,1871810994,207VM0101X,935502034,
2021,1922325976,207VX0201X,900480750,
2021,1568789337,207VM0101X,022155400,
2021,1982921730,207V00000X,100166402,
2021,1508177718,207V00000X,775843490,
2021,1699086504,207V00000X,532272409,
2021,1508177593,207VM0101X,652018104,
2021,1548571540,207V00000X,379201520,
2021,1578874392,207V00000X,191045502,
2021,1740591502,207VM0101X,681980001,
2021,1386955037,207V00000X,97225,
2021,1558672170,207VE0102X,543116519,
2021,1295046654,207V00000X,021184001,
2021,1528379054,207V00000X,29615,
2021,1902114747,207VM0101X,061172402,
2021,1922316660,207VE0102X,782583917,
2021,1245548932,207R00000X,906021005,
2021,1881902492,207VM0101X,024457224,
2021,1932400801,207VE0102X,284017507,
2021,1740581545,207VM0101X,846043380,
2021,1194026690,207VX0201X,941153358,
2021,1114228590,207VM0101X,337014662,
2021,1063714459,207VM0101X,618012500,
2021,1609177039,207VX0201X,300764918,
2021,1861798282,207VM0101X,331732596,
2021,1689970972,2086X0206X,335115307,
2021,1780976837,207VM0101X,072023674,
2021,1659663789,207VE0102X,481147372,
2021,1558653451,390200000X,800452545,
2021,1962794743,207VX0201X,19090,
2021,1336431139,207V00000X,468451707,
2021,1962794818,207V00000X,481094276,
2021,1801188503,207VX0201X,365423461,
2021,1174815880,207V00000X,752512213,
2021,1740572361,207VM0101X,77030,
2021,1477846095,207VE0102X,920930633,
2021,1609162163,207VE0102X,731045036,
2021,1275829616,207VX0201X,294251447,
2021,1619263027,207VM0101X,33701,
2021,1578859732,207VF0040X,33431,
2021,1750677019,207VX0201X,33431,
2021,1831485093,207VM0101X,33431,
2021,1538455860,207VE0102X,926600794,
2021,1003102260,207VE0102X,33431,
2021,1235425521,207VX0201X,061065501,
2021,1629364856,207VE0102X,486385812,
2021,1215224159,207VE0102X,604631477,
2021,1962783324,207VM0101X,454092722,
2021,1124303466,207VX0201X,463073676,
2021,1487939732,207VX0201X,466011033,
2021,1376828426,207VE0102X,117473193,
2021,1942586987,207VE0102X,402411071,
2021,1760752612,207VM0101X,722056225,
2021,1760753180,207VX0201X,454092722,
2021,1558636670,207VM0101X,402025700,
2021,1730454851,207VE0102X,402025700,
2021,1457627507,207VM0101X,841241228,
2021,1467727586,207VX0201X,402025700,
2021,1578839676,207VF0040X,106011559,
2021,1295001105,390200000X,841075701,
2021,1982970802,207V00000X,331761483,
2021,1194091074,207VF0040X,606253645,
2021,1467728337,207VM0101X,077534488,
2021,1982970877,207V00000X,940631433,
2021,1811263510,207VX0201X,07601,
2021,1326314071,207VM0101X,021184001,
2021,1487920187,207VX0201X,074171368,
2021,1760758411,390200000X,330734397,
2021,1376819938,207VE0102X,077244244,
2021,1902165947,390200000X,071122027,
2021,1275892812,207VM0101X,089011962,
2021,1699034314,207VX0201X,117181830,
2021,1306105036,207V00000X,522421009,
2021,1982964524,207V00000X,773803880,
2021,1699034249,207V00000X,11501,
2021,1629337241,207VF0040X,452192906,
2021,1881954436,207V00000X,943052200,
2021,1881954238,207V00000X,941090456,
2021,1316202849,207V00000X,921211054,
2021,1083969299,207VM0101X,75230,
2021,1578828703,207VX0201X,770301501,
2021,1053661900,207VE0102X,110241526,
2021,1639420151,208600000X,299097506,
2021,1497006910,207VX0201X,314046220,
2021,1952655268,207VX0201X,00917,
2021,1417291451,207V00000X,392021651,
2021,1811237308,207R00000X,220412897,
2021,1932449063,207VG0400X,00935,
2021,1699015503,207VM0101X,503143068,
2021,1164866281,207V00000X,495032577,
2021,1669816591,207VX0201X,796065265,
2021,1225472079,390200000X,100163295,
2021,1962846832,207V00000X,358013751,
2021,1871937565,207V00000X,981950001,
2021,1992149447,207V00000X,921232771,
2021,1164866778,207VG0400X,322078432,
2021,1982042743,207VM0101X,452202475,
2021,1386083194,207V00000X,631081495,
2021,1386083178,207VX0201X,708175127,
2021,1245679984,207V00000X,100166402,
2021,1992144653,207V00000X,352331900,
2021,1265871867,207VF0040X,606112914,
2021,1386079481,207VX0201X,631171858,
2021,1720413644,207RA0000X,761336368,
2021,1699105064,207VM0101X,081033109,
2021,1003230673,207VF0040X,926607462,
2021,1225453640,207VF0040X,334104361,
2021,1558786723,390200000X,891181896,
2021,1205256047,207V00000X,752082363,
2021,1215357959,207VF0040X,800452570,
2021,1255751970,207V00000X,631418221,
2021,1245650720,207VE0102X,334373724,
2021,1952721243,207VE0102X,921039000,
2021,1982024303,390200000X,026013145,
2021,1558775577,207VX0201X,02903,
2021,1730593658,207V00000X,770303000,
2021,1548674575,207V00000X,602011700,
2021,1700290467,207V00000X,658075292,
2021,1083028849,207VM0101X,274056713,
2021,1386058055,207V00000X,48034,
2021,1679987366,207T00000X,588013800,
2021,1467867119,207V00000X,45219,
2021,1558776245,207VE0102X,454581840,
2021,1871908384,390200000X,100221009,
2021,1578978169,207V00000X,100191147,
2021,1053726638,207VE0102X,060322568,
2021,1952700015,207VE0102X,212042363,
2021,1477952026,207VE0102X,60025,
2021,1780088849,207VM0101X,841320001,
2021,1699179754,207VX0201X,841320100,
2021,1740685593,207VM0101X,923241801,
2021,1902200710,207VE0102X,841320001,
2021,1932504750,207VM0101X,299097506,
2021,1598153843,332900000X,852841812,
2021,1821482431,207VX0201X,466011168,
2021,1639563216,207VE0102X,066116303,
2021,1417337429,207VM0101X,275198617,
2021,1306221668,207VE0102X,603011147,
2021,1942685102,207VE0102X,949042017,
2021,1558746602,207VE0102X,402411071,
2021,1881063618,207VE0102X,303091476,
2021,1932574068,207VX0201X,740744370,
2021,1922473859,207VX0201X,312017512,
2021,1477928125,207VM0101X,024457224,
2021,1487013587,207V00000X,802383324,
2021,1912366022,207VE0102X,809207851,
2021,1679932651,207VE0102X,891482445,
2021,1356700298,207VF0040X,358014262,
2021,1982059275,207VE0102X,606222015,
2021,1275982720,207VM0101X,981953233,
2021,1376992354,207VX0201X,921211054,
2021,1629427554,207VM0101X,850487600,
2021,1003369752,207VF0040X,421011708,
2021,1568915197,207VX0201X,236024414,
2021,1598219776,207VM0101X,207592670,
2021,1285177212,207VE0102X,111041784,
2021,1912445859,207VE0102X,100222049,
2021,1831638519,207VM0101X,254012801,
2021,1235661786,207VM0101X,271570001,
2021,1548792195,207V00000X,928685900,
2021,1730612193,207V00000X,275144220,
2021,1740713031,390200000X,374032136,
2021,1457880999,207VF0040X,601533328,
2021,1083126155,207VM0101X,113544264,
2021,1679080923,207VE0102X,900641527,
2021,1427565696,207VE0102X,282071109,
2021,1548777865,207VE0102X,913562838,
2021,1689182859,207VE0102X,532261443,
2021,1497249932,207VX0201X,980555738,
2021,1477034502,207VE0102X,805384397,
2021,1093296824,207VF0040X,30606,
2021,1811463904,163WM0102X,782131500,
2021,1003382847,207RC0200X,10601,
2021,1659837896,207VM0101X,T3Z3P3,
2021,1861958985,207VE0102X,928791389,
2021,1164087805,363A00000X,287049719,
2021,1588225973,207VF0040X,024812113,
2021,1992351316,207VM0101X,89523,
2021,1801418918,207VM0101X,810033704,
2021,1871115758,207RR0500X,805389004,
2021,1821610544,207VX0201X,911062423,
2021,1336766492,207VE0102X,631416843,
2021,1932711868,207VF0040X,802065328,
2021,1578170791,207VE0102X,787464945,
2021,1689276818,207VE0102X,993528683,
2021,1265028948,207VM0101X,850184332,
2021,1831785591,207VG0400X,068803216,
2021,1316534654,207VE0102X,731341515,
2021,1093306029,207VE0102X,801112898,
2021,1982296737,207VE0102X,347475165,
2021,1659953446,207VE0102X,752306858,
2021,1124694567,207RC0000X,276076477,
2021,1649846056,207VM0101X,339083671,
2021,1457927782,2080N0001X,335787647,
2021,1144896382,207VM0101X,337563804,
2021,1588230791,2080P0202X,336134613,
2021,1275109407,207VM0101X,323085054,
2021,1770159949,207VE0102X,H4A 3J3,
2021,1699341784,207VM0101X,070011159,
2021,1619543618,207V00000X,331434724,
2021,1891361812,207VM0101X,322044748,
2021,1467028142,207VE0102X,100367308,
2021,1003482811,207V00000X,344710478,
2021,1275109084,207VM0101X,322166283,
2021,1053987867,207VM0101X,322078345,
2021,1164098984,207VF0040X,321596831,
2021,1609447630,207VE0102X,112046080,
2021,1821669813,207VE0102X,079202976,
2021,1467127993,207V00000X,334364540,
2021,1356017602,207VM0101X,334303426,
2021,1265108518,207VM0101X,334403637,
2021,1700552064,207VM0101X,334146103,
2021,1528734886,207VM0101X,334357969,
2021,1255007506,207VM0101X,349504803,
2021,1073289328,207VM0101X,33407,
2021,1891461141,207VM0101X,334709203,
2021,1538835889,207VM0101X,349527563,
2021,1447926795,207VM0101X,334612175,
2021,1891461158,207VM0101X,334013406,
2021,1588330765,207VM0101X,331696035,
2021,1427729011,207VF0040X,03301,
2021,1295406726,207VX0201X,331961273,
2021,1396416822,207VX0201X,331395521,
2021,1023789559,207VX0201X,333244583,
2021,1982609418,207VX0201X,331334214,336076390
2021,1033111596,207VM0101X,105322140,191075127
2021,1952399701,207VX0201X,191405103,191112443
2021,1689665846,207VF0040X,782294404,782344504
2021,1669457321,207VX0201X,775984219,770303209
2021,1730164666,207V00000X,27514,021156110
2021,1265417075,207VX0201X,852595452,850544502
2021,1477533115,207VM0101X,282108413,280252982
2021,1669452025,207V00000X,199046920,199634366
2021,1265412589,207VX0201X,331251610,708175128
2021,1609842178,207VF0040X,77479,774792645
2021,1154397677,207VX0201X,303421342,300336131
2021,1609842053,207VM0101X,591015100,599013128
2021,1871569210,207VM0101X,171012546,196112143
2021,1568421717,207VX0201X,799052707,799025806
2021,1881653046,207VE0102X,211335103,212373901
2021,1699734863,207V00000X,288062207,287792747
2021,1093774234,207V00000X,288013266,287911560
2021,1639134588,207V00000X,11434,114351879
2021,1588629570,207V00000X,571086030,571051063
2021,1407895741,207V00000X,02445,121802480
2021,1366481244,207VM0101X,314046268,314046200
2021,1013956903,207VM0101X,31404,314046200
2021,1760421382,174400000X,479054917,606222850
2021,1235173964,207V00000X,306777311,305776607
2021,1912942962,207VM0101X,229032824,227013959
2021,1679502454,207VX0201X,381032807,381383922
2021,1437188273,207VX0201X,381381762,381202146
2021,1174557979,207VM0101X,113553666,112203210
2021,1972538031,207VM0101X,602011700,531427884
2021,1609801646,207V00000X,805013129,787051157
2021,1306871462,174400000X,871092117,841241368
2021,1205854049,207VM0101X,94109,949455055
2021,1326066267,207VG0400X,334071901,334071901
2021,1063429322,207VX0201X,282042990,282072134
2021,1861409146,207VM0101X,174035074,207851189
2021,1942217815,207VM0101X,73120,741045649
2021,1831101641,174400000X,37232,372320005
2021,1003923095,207VM0101X,229082824,229080001
2021,1265549919,207Q00000X,288032868,287123210
2021,1043312457,207VG0400X,313265744,313293021
2021,1730282690,207VM0101X,802620001,424376515
2021,1326144940,207VX0201X,081031461,080434689
2021,1972609899,207VM0101X,085342520,081031461
2021,1104901065,390200000X,450145379,452111108
2021,1437229358,207VG0400X,78234,60153
2021,1255401741,207VM0101X,181036122,185101724
2021,1235209982,207VM0101X,080809340,081041132
2021,1407916646,207VM0101X,207841744,207161079
2021,1679634968,207VM0101X,085342520,088165823
2021,1548324635,207VM0101X,303285510,328376901
2021,1710041736,207VM0101X,921038434,922703221
2021,1720138829,207V00000X,787585614,78130
2021,1053466011,207VE0102X,921212111,920370972
2021,1033264098,207V00000X,303222614,191042614
2021,1801941539,207VG0400X,373801305,374032126
2021,1760537484,207VG0400X,373801322,374032126
2021,1770611907,207VM0101X,076011915,070476217
2021,1669590295,207V00000X,027471280,063204956
2021,1659599603,207VM0101X,101281758,100118142
2021,1154549954,207VM0101X,799382655,799025814
2021,1720291024,207V00000X,852584569,850373360
2021,1154539062,207V00000X,232191901,232351962
2021,1710196589,207VX0201X,314056023,314056093
2021,1306055025,207VX0201X,299105154,299105154
2021,1558569830,207VX0201X,917864952,928791770
2021,1205034519,207V00000X,029034829,027471280
2021,1376742346,207V00000X,984054933,551071805
2021,1326225202,207V00000X,029034829,63108
2021,1861665127,207V00000X,972393011,986643200
2021,1568635589,207VM0101X,537151507,436063896
2021,1912165259,207V00000X,95816,952046005
2021,1700044054,207V00000X,113555045,982011621
2021,1639336019,207V00000X,402074681,424311658
2021,1467610774,207V00000X,220312220,220314867
2021,1811155922,207V00000X,18103,19096
2021,1891957940,207V00000X,29588,331733212
2021,1619123825,207VF0040X,194463703,180177334
2021,1437309283,207VX0201X,352493720,100323720
2021,1417193483,133V00000X,200602031,229082031
2021,1588805923,207VG0400X,782344504,462502042
2021,1760616312,207V00000X,662042207,631312329
2021,1922232388,207V00000X,07039,100166402
2021,1558595843,207VE0102X,441061716,441224317
2021,1972735991,207VM0101X,94109,949455055
2021,1033433016,207V00000X,212011544,021156110
2021,1093039869,207VX0201X,53227,53227
2021,1679897540,207V00000X,191075127,080122453
2021,1780904896,207VG0400X,300054444,303421628
2021,1700107869,207V00000X,727588956,73120
2021,1639490337,207V00000X,232351962,232351979
2021,1366748162,101YM0800X,405361267,432101267
2021,1700176070,207V00000X,37916,271570001
2021,1366732224,207V00000X,968141876,968261032
2021,1396030839,207VE0102X,98034,981096211
2021,1811282106,207V00000X,981043540,631101003
2021,1982999009,207V00000X,14623,837026135
2021,1851679765,207V00000X,857240001,857191478
2021,1003194853,207V00000X,78758,78130
2021,1558627869,390200000X,105322140,100323720
2021,1730446006,207V00000X,323084600,483365919
2021,1912264151,207VM0101X,294253013,299108965
2021,1386901288,207VF0040X,30909,309096554
2021,1093079634,207V00000X,271572868,294252868
2021,1427312891,207VM0101X,731044637,559050001
2021,1538423967,207V00000X,441956309,392164500
2021,1861734378,390200000X,30904,402021622
2021,1578805909,207V00000X,333313625,606112914
2021,1851633176,207V00000X,100221009,606124795
2021,1134461437,390200000X,100654870,100221009
2021,1437595758,207VE0102X,80045,021156110
2021,1558707877,207VX0201X,606112914,021156110
2021,1992116834,207VX0201X,294074835,770302703
2021,1518378488,207VF0040X,452202475,522421009
2021,1679984363,207V00000X,38018,761093564
2021,1649681008,207V00000X,98195,92868
2021,1023425899,390200000X,44126,235071627
2021,1396145116,207VM0101X,903014052,902504418
2021,1366837247,207VM0101X,35294,352496511
2021,1730574542,390200000X,731045418,336063475
2021,1912392770,207V00000X,841322209,197182200
2021,1003201716,207VX0201X,522421009,07103
2021,1588059257,207V00000X,352494699,352944699
2021,1992190516,390200000X,800452545,170332360
2021,1881089464,207VE0102X,35233,303101458
2021,1699138248,207VF0040X,852595452,277054699
2021,1831552363,390200000X,731045018,741352536
2021,1265896336,207VX0201X,800452541,800452529
2021,1336591858,207V00000X,770303721,63110
2021,1912447137,207VM0101X,947052058,946091710
2021,1285160457,207V00000X,631101005,631312329
2021,1962923433,207VX0201X,841241368,846011548
2021,1871067116,207VF0040X,191405103,191036231
2021,1255950929,207VE0102X,352096823,352092647
2021,1316555469,207P00000X,282043215,282043215
2021,1033111596,207VM0101X,105322140,121599221
2021,1952399701,207VX0201X,191405103,191036231
2021,1689665846,207VF0040X,782294404,782481347
2021,1669457321,207VX0201X,775984219,770304517
2021,1477533115,207VM0101X,282108413,282072134
2021,1609842053,207VM0101X,591015100,850134295
2021,1871569210,207VM0101X,171012546,175437507
2021,1568421717,207VX0201X,799052707,799113602
2021,1407895741,207V00000X,02445,123094725
2021,1912942962,207VM0101X,229032824,229080001
2021,1205854049,207VM0101X,94109,940103226
2021,1942217815,207VM0101X,73120,731124414
2021,1003923095,207VM0101X,229082824,227013959
2021,1730282690,207VM0101X,802620001,424202938
2021,1669590295,207V00000X,027471280,063602208
2021,1720291024,207V00000X,852584569,852064629
2021,1154539062,207V00000X,232191901,232980510
2021,1710196589,207VX0201X,314056023,314056091
2021,1306055025,207VX0201X,299105154,299262738
2021,1376742346,207V00000X,984054933,984310001
2021,1326225202,207V00000X,029034829,462025109
2021,1861665127,207V00000X,972393011,986641965
2021,1700044054,207V00000X,113555045,981043551
2021,1639336019,207V00000X,402074681,405360293
2021,1467610774,207V00000X,220312220,201765101
2021,1811155922,207V00000X,18103,19096
2021,1891957940,207V00000X,29588,331733212
2021,1588805923,207VG0400X,782344504,462193046
2021,1558595843,207VE0102X,441061716,441452196
2021,1972735991,207VM0101X,94109,941104422
2021,1639490337,207V00000X,232351962,232351900
2021,1700176070,207V00000X,37916,271570001
2021,1396030839,207VE0102X,98034,23507
2021,1386901288,207VF0040X,30909,016052903
2021,1538423967,207V00000X,441956309,388016309
2021,1679984363,207V00000X,38018,761044611
2021,1366837247,207VM0101X,35294,352337333
2021,1003201716,207VX0201X,522421009,071032757
2021,1962923433,207VX0201X,841241368,840434999
2021,1871067116,207VF0040X,191405103,191112443
2021,1316555469,207P00000X,282043215,282043215
2021,1952399701,207VX0201X,191405103,191182722
2021,1477533115,207VM0101X,282108413,282042963
2021,1205854049,207VM0101X,94109,946091710
2021,1942217815,207VM0101X,73120,730696665
2021,1003923095,207VM0101X,229082824,229080001
2021,1730282690,207VM0101X,802620001,476307906
2021,1669590295,207V00000X,027471280,027205814
2021,1720291024,207V00000X,852584569,852024704
2021,1710196589,207VX0201X,314056023,314056015
2021,1306055025,207VX0201X,299105154,299274546
2021,1376742346,207V00000X,984054933,83814
2021,1467610774,207V00000X,220312220,381033409
2021,1558595843,207VE0102X,441061716,054011473
2021,1972735991,207VM0101X,94109,940104506
2021,1639490337,207V00000X,232351962,232191901
2021,1386901288,207VF0040X,30909,016052903
2021,1679984363,207V00000X,38018,775550587
2021,1366837247,207VM0101X,35294,322096511
2021,1962923433,207VX0201X,841241368,840576316
2021,1316555469,207P00000X,282043215,282043215
2021,1205854049,207VM0101X,94109,941095455
2021,1942217815,207VM0101X,73120,727588956
2021,1730282690,207VM0101X,802620001,424202783
2021,1669590295,207V00000X,027471280,027213005
2021,1720291024,207V00000X,852584569,853041273
2021,1710196589,207VX0201X,314056023,304582529
2021,1467610774,207V00000X,220312220,201765155
2021,1972735991,207VM0101X,94109,946091710
2021,1639490337,207V00000X,232351962,232985051
2021,1366837247,207VM0101X,35294,322096511
2021,1316555469,207P00000X,282043215,282043215
2021,1669590295,207V00000X,027471280,027471242
2021,1720291024,207V00000X,852584569,852246236
2021,1710196589,207VX0201X,314056023,315450102
2021,1467610774,207V00000X,220312220,220423307
2021,1972735991,207VM0101X,94109,940103226
2021,1316555469,207P00000X,282043215,282043215
2021,1720291024,207V00000X,852584569,850041153
2021,1710196589,207VX0201X,314056023,314056087
2021,1972735991,207VM0101X,94109,954044813
2021,1316555469,207P00000X,282043215,282043215
2021,1710196589,207VX0201X,314056023,315015216
2021,1972735991,207VM0101X,94109,229032824
2021,1316555469,207P00000X,282043215,282043215
2021,1316555469,207P00000X,282043215,282043215
2021,1316555469,207P00000X,282043215,282043215
2021,1316555469,207P00000X,282043215,282043215
2021,1316555469,207P00000X,282043215,282043215
2021,1649275348,207VM0101X,060125037,
2021,1679578355,207VM0101X,060300001,
2021,1376548925,207VX0201X,070791904,
2021,1740285303,207VX0201X,235021871,
2021,1760487318,207VX0201X,233201602,
2021,1447255088,207VM0101X,149051634,
2021,1316942857,207VG0400X,294074835,
2021,1710982277,207V00000X,794085305,
2021,1316943863,207VE0102X,142263800,
2021,1659377018,207VE0102X,14226,
2021,1225034622,207VX0201X,432191531,
2021,1952307266,207VX0201X,100654870,
2021,1992701205,207VX0201X,100191104,
2021,1629074976,207VM0101X,906021018,
2021,1063418226,207VE0102X,060322568,
2021,1730185968,207VX0201X,080433814,
2021,1669478046,207VE0102X,14226,
2021,1942202809,207VG0400X,770302312,
2021,1467454223,207R00000X,220412897,
2021,1669474359,207VE0102X,770302348,
2021,1750383469,207VM0101X,152242156,
2021,1699777268,207VM0101X,402074707,
2021,1154323707,207VE0102X,234527331,
2021,1124020540,207VX0201X,53215,
2021,1295737633,207VF0040X,662092002,
2021,1952393183,207V00000X,121102490,
2021,1013919570,207V00000X,191074414,
2021,1285636779,207V00000X,325415384,
2021,1194717363,207VX0201X,392164643,
2021,1225025547,207VM0101X,100163814,
2021,1306833595,207N00000X,336129416,
2021,1508853581,207VE0102X,024217305,
2021,1245227206,207VE0102X,02026,
2021,1841287844,207V00000X,176012433,
2021,1942297080,207VX0201X,122081742,
2021,1669469649,207VE0102X,024217305,
2021,1487641437,207SG0201X,841091660,
2021,1891782736,207VX0201X,485032044,
2021,1124015029,207VE0102X,02026,
2021,1023005865,207VM0101X,191405103,
2021,1487641247,207V00000X,522421009,
2021,1093702862,207VX0201X,972393011,
2021,1003803867,207V00000X,522421009,
2021,1811985666,207V00000X,522421009,
2021,1982692737,207V00000X,522421009,
2021,1295726958,207V00000X,142630001,
2021,1134110844,207VE0102X,750104635,
2021,1891786489,207VX0201X,100164750,
2021,1659362218,207VE0102X,782365300,
2021,1144211715,207V00000X,021142621,
2021,1538150057,207VM0101X,106012214,
2021,1609867100,207VG0400X,077534488,
2021,1508857962,207VX0201X,283880749,
2021,1063403574,207V00000X,021142621,
2021,1922099449,207V00000X,385012495,
2021,1447241807,207V00000X,229080001,
2021,1669463915,207VM0101X,704582004,
2021,1265423560,207VM0101X,753909131,
2021,1831180140,207VX0201X,496842320,
2021,1467443770,207V00000X,024812102,
2021,1407847643,207VE0102X,016052903,
2021,1184615452,207VX0201X,782070903,
2021,1215928593,207VX0201X,016052903,
2021,1629069919,207VF0040X,604532362,
2021,1407847700,207V00000X,021142621,
2021,1336130509,207VX0201X,016052903,
2021,1619968872,207V00000X,480844717,
2021,1093706202,207V00000X,016052903,
2021,1184609083,207VE0102X,968595001,
2021,1497730444,207VX0201X,328062134,
2021,1588649495,207VM0101X,770301501,
2021,1265417174,207V00000X,972322684,
2021,1043295728,207VX0201X,773803256,
2021,1689659435,207VX0201X,100216007,
2021,1538144308,207VX0201X,021156110,
2021,1164407938,207V00000X,021156110,
2021,1710962543,207VG0400X,01801,
2021,1588649321,207VM0101X,392164500,
2021,1194700831,207V00000X,100216007,
2021,1851376594,207VX0201X,770303209,
2021,1811973514,207VE0102X,900950001,
2021,1386620003,207VM0101X,799257652,
2021,1548246184,207VM0101X,968595000,
2021,1568448116,207VM0101X,921341098,
2021,1427034925,207VX0201X,770242527,
2021,1306822820,174400000X,115014235,
2021,1932185451,174400000X,58104,
2021,1386620805,207V00000X,115014235,
2021,1164408688,207V00000X,352096899,
2021,1649250655,207VX0201X,187113753,
2021,1144200064,207VM0101X,379201511,
2021,1750361614,207VE0102X,19090,
2021,1821078692,207VM0101X,934051883,
2021,1730169509,207VM0101X,809232614,
2021,1649250424,207VM0101X,934051883,
2021,1639159411,207VM0101X,934051883,
2021,1285614727,207VM0101X,197132137,
2021,1629058201,207VX0201X,197132055,
2021,1174503866,207V00000X,466011073,
2021,1770563397,207VM0101X,984310001,
2021,1558341024,174400000X,232261934,
2021,1407836018,207VM0101X,984311000,
2021,1245210996,207VM0101X,271570001,
2021,1558341230,207VM0101X,110215502,
2021,1528048006,207VX0000X,852064676,
2021,1134109630,207V00000X,559050001,
2021,1639159312,207VE0102X,190043212,
2021,1396725859,207VM0101X,376046056,
2021,1730169186,2080N0001X,222022872,
2021,1477533727,207VX0201X,930032909,
2021,1023098571,207VX0201X,35805,
2021,1750361200,207VM0101X,96367,
2021,1174503569,207VM0101X,705086949,
2021,1497735757,207VF0040X,291694837,
2021,1174503460,207VX0201X,346137372,
2021,1083689921,207VM0101X,187044968,
2021,1336114305,207VE0102X,787317873,
2021,1972578896,207VM0101X,952046117,
2021,1407821366,207VM0101X,760513580,
2021,1033185855,207VE0102X,78731,
2021,1184690802,207VE0102X,78731,
2021,1871569517,207VX0000X,235081009,
2021,1003882812,207V00000X,061051208,
2021,1467428201,207VM0101X,100166402,
2021,1376519082,207VM0101X,200162633,
2021,1477529188,174400000X,722056225,
2021,1508832296,207V00000X,322096511,
2021,1679549299,207VM0101X,606149267,
2021,1063488617,207V00000X,787051163,
2021,1780650283,207VX0201X,300464317,
2021,1053387597,207VE0102X,152375928,
2021,1851367346,207VM0101X,797628111,
2021,1467428854,207VM0101X,325048785,
2021,1336115906,207VM0101X,00920,
2021,1003882564,207VF0040X,021694339,
2021,1265408751,207VM0101X,662152300,
2021,1942276456,207VE0102X,78731,
2021,1205802733,207VX0201X,303421626,
2021,1104892694,207VM0101X,662152300,
2021,1497721823,207VM0101X,071122027,
2021,1053380345,207VM0101X,537151507,
2021,1306815634,207VX0201X,722057101,
2021,1760451090,207VE0102X,069055359,
2021,1144299413,207V00000X,652017166,
2021,1255300497,207V00000X,066102811,
2021,1083683262,207VM0101X,231163818,
2021,1730158999,207VM0101X,402023900,
2021,1639148851,207VE0102X,212183322,
2021,1588633770,207VM0101X,850062754,
2021,1891754974,207VE0102X,030602919,
2021,1164481156,207VM0101X,852106008,
2021,1093774929,207VX0201X,171101581,
2021,1316906274,207V00000X,257013656,
2021,1801855804,207V00000X,066102811,
2021,1063471092,207SG0201X,066102811,
2021,1164481131,207VM0101X,232294933,
2021,1114986817,207VG0400X,212155229,
2021,1477512119,207VX0201X,765080001,
2021,1407815152,207VM0101X,060302950,
2021,1447215751,207VM0101X,841241228,
2021,1770548091,207VM0101X,968191469,
2021,1063477404,207V00000X,14580,
2021,1942265392,207V00000X,146231607,
2021,1376508846,207VM0101X,146264122,
2021,1265497663,207V00000X,329523601,
2021,1942265236,207V00000X,480754818,
2021,1295790640,207SC0300X,405360001,
2021,1477518686,207V00000X,761042154,
2021,1154386324,208800000X,441950001,
2021,1114982394,207VM0101X,852245295,
2021,1184689259,207VM0101X,336134657,
2021,1912962978,207VM0101X,480754818,
2021,1295790244,207VE0102X,857121282,
2021,1689639668,207VE0102X,197132072,
2021,1659336642,207VM0101X,800452541,
2021,1467417592,207V00000X,480341700,
2021,1073578183,207VE0102X,197132072,
2021,1912962994,207VX0201X,685165497,
2021,1629033634,207VE0102X,20814,
2021,1902861883,207V00000X,941430001,
2021,1356306328,208800000X,441950001,
2021,1285690131,207VE0102X,33486,
2021,1467418103,207VM0101X,402074707,
2021,1376509018,207VM0101X,402074707,
2021,1376591743,207VM0101X,190963450,
2021,1396794681,207VX0201X,322078432,
2021,1073562393,207VM0101X,605213829,
2021,1831148196,207V00000X,975046193,
2021,1477502656,207VM0101X,537151830,
2021,1134178205,207VE0102X,554071544,
2021,1417906561,207VM0101X,333119026,
2021,1598714644,207VX0201X,288062207,
2021,1477502540,207VM0101X,333162510,
2021,1548219611,207VE0102X,554071544,
2021,1457300527,207VE0102X,554071320,
2021,1275582348,207VE0102X,554071544,
2021,1770532707,207VM0101X,921039000,
2021,1881643989,207VG0400X,871064917,
2021,1710936778,207VX0201X,069022594,
2021,1083663983,207VM0101X,482382793,
2021,1790734366,207VE0102X,895112060,
2021,1104875921,207VE0102X,100221009,
2021,1699729608,207VG0400X,972256625,
2021,1154375038,207VE0102X,024457237,
2021,1811941792,207VX0201X,100323729,
2021,1497700173,207VM0101X,076311809,
2021,1427003334,207VX0201X,483093712,
2021,1538114327,207VM0101X,081033101,
2021,1932154739,207VX0201X,076523628,
2021,1689629495,207VM0101X,928683217,
2021,1215982020,207VM0101X,282042968,
2021,1821043746,207VM0101X,080802322,
2021,1760437214,207VE0102X,981041306,
2021,1285689687,207VX0201X,652018023,
2021,1962457374,207V00000X,652018104,
2021,1902851314,207VE0102X,080534161,
2021,1841245453,207VM0101X,35233,
2021,1952356586,207VM0101X,785398278,
2021,1629023296,207VM0101X,908061531,
2021,1114972783,207VM0101X,857122805,
2021,1861431850,207VE0102X,606113907,
2021,1972542223,207V00000X,489121800,
2021,1659310613,207VE0102X,482012007,
2021,1891734182,207V00000X,532263522,
2021,1235178526,207V00000X,871310001,
2021,1104865344,207VM0101X,021156110,
2021,1306885512,207VX0201X,333162510,
2021,1871532903,207VX0201X,31404,
2021,1699714626,207VF0040X,958172307,
2021,1588603559,207VE0102X,191076130,
2021,1053350199,207VF0040X,323084489,
2021,1992744874,207VX0201X,905054035,
2021,1629017520,207V00000X,441950001,
2021,1841239753,207VM0101X,462602188,
2021,1578502480,207VX0201X,905054035,
2021,1740229665,207VF0040X,34109,
2021,1477592210,207VX0201X,641115961,
2021,1295774818,207VX0201X,05401,
2021,1598704140,207V00000X,941153006,
2021,1801836366,207VX0201X,328032948,
2021,1952345647,207VX0201X,100214870,
2021,1801830328,207VG0400X,405360001,
2021,1538103056,207VG0400X,405360001,
2021,1841234580,207VF0040X,174035074,
2021,1467496869,207VX0000X,282043215,
2021,1275577660,207VX0201X,441950001,
2021,1891739173,207VX0201X,631101032,
2021,1346284627,207VG0400X,75231,
2021,1316981699,207VM0101X,945982961,
2021,1669416954,207VM0101X,837048704,
2021,1821032897,207VE0102X,800452545,
2021,1306880398,207VX0201X,837126267,
2021,1205870482,207V00000X,921038201,
2021,1669416756,207VM0101X,600681186,
2021,1083658181,207V00000X,554352141,
2021,1780628990,207VE0102X,152133108,
2021,1609810779,207VX0201X,441950001,
2021,1730123910,207VE0102X,405360001,
2021,1407891450,207VE0102X,405360001,
2021,1487699435,207VX0201X,405360001,
2021,1659315869,207VM0101X,146420001,
2021,1366487316,207VM0101X,35233,
2021,1790720761,207VM0101X,405360001,
2021,1316981541,207V00000X,55455,
2021,1104860352,207VE0102X,132022240,
2021,1689603763,207VF0040X,802044507,
2021,1285663419,207VM0101X,100323729,
2021,1790714921,207VE0102X,685061225,
2021,1508895749,207VE0102X,191074420,
2021,1255360491,207VE0102X,685061225,
2021,1689603789,207VM0101X,079606481,
2021,1932138070,207VX0201X,336129416,
2021,1124057377,207VM0101X,100323729,
2021,1871522078,207VM0101X,068304697,
2021,1063441277,207VE0102X,538132054,
2021,1750310942,207VM0101X,100323729,
2021,1528097615,207VM0101X,00902,
2021,1083643142,207VE0102X,366073520,
2021,1922037787,207VX0201X,604532199,
2021,1427087204,207V00000X,174035074,
2021,1407885296,207VM0101X,224014467,
2021,1902835853,207VX0201X,606114546,
2021,1033148911,207VM0101X,065103206,
2021,1336178219,207VM0101X,107083403,
2021,1912936758,207VF0040X,300764916,
2021,1720017577,207VX0201X,381202146,
2021,1447289335,207VE0102X,91361,
2021,1659300556,174400000X,100164744,
2021,1942239603,207VE0102X,951283901,
2021,1508895129,207VM0101X,606114546,
2021,1578592135,174400000X,314056016,
2021,1497784169,207VE0102X,94506,
2021,1740219419,207VE0102X,94583,
2021,1891729695,207VM0101X,454291264,
2021,1417981994,207VM0101X,787051156,
2021,1851325336,207VM0101X,132022240,
2021,1780618280,207VM0101X,132022240,
2021,1336173723,207VM0101X,146420001,
2021,1629002027,207VM0101X,212011734,
2021,1497789853,207VE0102X,220314623,
2021,1093749418,207VM0101X,170332360,
2021,1891729216,207V00000X,212011734,
2021,1154355576,207VE0102X,681386804,
2021,1316971732,207VM0101X,146420001,
2021,1982639019,207VM0101X,602011718,
2021,1861427908,207VX0201X,331801238,
2021,1376577478,207VE0102X,146420001,
2021,1720012826,207VE0102X,146420001,
2021,1023043171,207VE0102X,443041437,
2021,1356376313,207V00000X,142260000,
2021,1154355220,207VM0101X,191202421,
2021,1194759282,207V00000X,07601,
2021,1194750026,207V00000X,481095000,
2021,1154356830,207VM0101X,075032621,
2021,1295769396,207V00000X,08003,
2021,1265467377,207VX0201X,631171818,
2021,1437184389,207VM0101X,077534488,
2021,1134154214,207VF0040X,330213567,
2021,1386679298,207VE0102X,652018078,
2021,1235164104,207VX0201X,191112434,
2021,1982639746,207VE0102X,189143967,
2021,1417982448,207VM0101X,545389661,
2021,1639104417,207V00000X,054011473,
2021,1649205345,207V00000X,921039001,
2021,1508891409,207VE0102X,750344198,
2021,1821017450,207VE0102X,011071112,
2021,1245259654,207VE0102X,01867,
2021,1144249558,207VE0102X,374211983,
2021,1780603191,207VG0400X,100323729,
2021,1336167063,207V00000X,581044603,
2021,1245258151,207VX0201X,029052401,
2021,1497773360,207VM0101X,941181618,
2021,1740208305,207VM0101X,103053401,
2021,1770501694,207VX0201X,606253500,
2021,1912926395,207V00000X,452194231,
2021,1972522480,207VM0101X,946093424,
2021,1023037538,207VG0400X,037561000,
2021,1831117472,207VF0040X,212046831,
2021,1578582979,207VM0101X,603022566,
2021,1568481828,207VX0201X,89015,
2021,1457370439,207VE0102X,212046808,
2021,1043239049,207VX0201X,910073402,
2021,1942224027,207V00000X,336073804,
2021,1720001852,207VG0400X,321743181,
2021,1588688428,207VX0201X,77089,
2021,1619990744,207VM0101X,214017580,
2021,1578586798,207VG0400X,365074163,
2021,1861416844,207V00000X,328277401,
2021,1073537676,207VE0102X,229114669,
2021,1164446779,207VM0101X,631418221,
2021,1871517490,207VX0201X,891451119,
2021,1205850823,207VM0101X,837061309,
2021,1407870843,207VE0102X,30342,
2021,1023022167,207V00000X,17101,
2021,1376557389,207VF0040X,495035732,
2021,1174547798,207VX0201X,891692578,
2021,1093739435,207QS0010X,627810001,
2021,1982628111,207VX0201X,197132081,
2021,1063426195,207V00000X,126014719,
2021,1730103995,207VX0201X,837126223,
2021,1275557829,207VM0101X,331016960,
2021,1780608331,207VM0101X,38301,
2021,1639183767,207V00000X,331732596,
2021,1720095813,207VE0102X,750071704,
2021,1518974054,207VE0102X,902773028,
2021,1902812449,207VE0102X,902773028,
2021,1710994637,207VX0201X,37919,
2021,1447267372,207V00000X,972393011,
2021,1053328013,207V00000X,799052707,
2021,1598772550,207VX0201X,871310001,
2021,1851308654,207VM0101X,606114546,
2021,1437166485,207VX0201X,104612374,
2021,1851308860,207VX0201X,951244102,
2021,1649287749,207VF0040X,027622258,
2021,1790792349,207VX0201X,022155400,
2021,1962419085,207VG0400X,476308940,
2021,1477560423,207V00000X,52242,
2021,1043221047,207VG0400X,630173662,
2021,1992717938,207VG0400X,105141715,
2021,1215948427,207VE0102X,462802301,
2021,1871504944,207VM0101X,02115,
2021,1447261730,207VX0201X,490073731,
2021,1548271521,207VX0201X,981094405,
2021,1679584676,207VM0101X,928683201,
2021,1982615019,207VX0201X,212046831,
2021,1457362485,207VX0201X,652120001,
2021,1629089636,207VM0101X,941152047,
2021,1881605897,207VF0040X,190635139,
2021,1083626014,207VM0101X,770301528,
2021,1366454316,207VM0101X,618012500,
2021,1568474203,207VE0102X,100221009,
2021,1548272214,207VE0102X,100221009,
2021,1750393435,207VE0102X,100221009,
2021,1851303549,207VE0102X,100221009,
2021,1568474377,207VM0101X,993523525,
2021,1669484572,207VM0101X,993016605,
2021,1639181217,207VE0102X,100221009,
2021,1710999578,207VM0101X,021184001,
2021,1922114651,207VX0201X,54449,
2021,1821105271,207VM0101X,980038727,
2021,1497862643,207VE0102X,532153669,
2021,1821105073,207V00000X,301145256,
2021,1154438265,207VF0040X,543088900,
2021,1629185640,207V00000X,19141,
2021,1881701944,207VX0201X,782293901,
2021,1578670634,207VM0101X,78229,
2021,1336256312,207VM0101X,782073110,
2021,1851408728,207V00000X,559050001,
2021,1437266277,207VE0102X,271035661,
2021,1386747657,207V00000X,410173403,
2021,1366545360,207VM0101X,600681186,
2021,1184727026,207VM0101X,800452545,
2021,1710080650,207V00000X,958193226,
2021,1073616926,207V00000X,801124128,
2021,1427151430,207VE0102X,427012749,
2021,1679676696,207V00000X,55455,
2021,1720181662,207V00000X,19104,
2021,1912000878,207V00000X,800452545,
2021,1821191784,207VM0101X,950080665,
2021,1003919960,207V00000X,800452545,
2021,1023111333,207VM0101X,191413018,
2021,1619070836,207VF0040X,109942215,
2021,1497858641,207VE0102X,427012749,
2021,1831292077,207VE0102X,427012749,
2021,1164525333,207VM0101X,462602396,
2021,1538262795,207VM0101X,462191707,
2021,1174626352,207VE0102X,427012749,
2021,1598861734,207VE0102X,100166402,
2021,1164528741,207VX0201X,91942,
2021,1639275027,207VM0101X,181036202,
2021,1275639783,207V00000X,08043,
2021,1669578282,207VM0101X,305013834,
2021,1114023652,207VM0101X,441115610,
2021,1598861171,207VX0201X,91942,
2021,1407952260,207VX0201X,130579248,
2021,1649371972,207VM0101X,445126778,
2021,1831280411,207VM0101X,104541199,
2021,1801982624,207VX0201X,770304009,
2021,1134216955,207VE0102X,840924318,
2021,1649367285,207VE0102X,799125504,
2021,1285721605,207V00000X,75013,
2021,1578650818,207V00000X,212242735,
2021,1982791505,207VF0040X,065191369,
2021,1801983275,207VX0201X,329015417,
2021,1144317652,207VE0102X,112202559,
2021,1265529903,207VE0102X,60026,
2021,1346337839,207V00000X,080434689,
2021,1104913425,207VF0040X,933119505,
2021,1841387313,207V00000X,975046193,
2021,1790872406,207VX0201X,347414910,
2021,1952498412,207VX0201X,452194231,
2021,1225125669,207VF0040X,283454567,
2021,1235226697,207VE0102X,112291064,
2021,1093802191,207VM0101X,275990001,
2021,1114007770,207VF0040X,069021627,
2021,1306926860,207VM0101X,10461,
2021,1215017785,207VE0102X,43082,
2021,1861572349,207VX0201X,711055634,
2021,1255411815,207VE0102X,10530,
2021,1497835961,207VX0201X,065103220,
2021,1194805663,207VM0101X,10461,
2021,1578643052,207V00000X,076311808,
2021,1356421838,207VM0101X,113555045,
2021,1275613739,207VE0102X,10530,
2021,1356421812,207VG0400X,071032757,
2021,1790865350,207VE0102X,800452545,
2021,1477633931,207V00000X,100296501,
2021,1639259195,207VM0101X,10461,
2021,1871673335,207V00000X,115014064,
2021,1497835979,207VE0102X,06511,
2021,1235219718,207VM0101X,10461,
2021,1295815736,207VM0101X,905054735,
2021,1962582205,207VM0101X,770302348,
2021,1225118656,207VE0102X,029052401,
2021,1760562193,207VE0102X,065116100,
2021,1811077233,207VE0102X,800452545,
2021,1174603419,207VX0201X,770302348,
2021,1417037789,207VX0201X,770302348,
2021,1306926969,207VE0102X,079202976,
2021,1205916764,207V00000X,606112914,
2021,1720168297,207VE0102X,117473193,
2021,1275613747,207VM0101X,10538,
2021,1801976378,207V00000X,115014064,
2021,1861573131,207VX0201X,20720,
2021,1053492322,207VE0102X,708154114,
2021,1194806323,207VF0040X,370675665,
2021,1386725521,207VE0102X,27607,
2021,1326129644,207V00000X,303421606,
2021,1316027683,207VE0102X,972394501,
2021,1407937576,207VM0101X,19104,
2021,1942381223,207VM0101X,936368761,
2021,1205917440,207VE0102X,27607,
2021,1306921283,207VG0400X,016052726,
2021,1679658504,207VE0102X,489121800,
2021,1851476964,207VM0101X,630173662,
2021,1043395122,207VE0102X,37934,
2021,1407931538,207V00000X,802204020,
2021,1235214438,207VM0101X,342081452,
2021,1457436719,207VX0201X,91010,
2021,1639254741,207VX0201X,125504853,
2021,1588749618,207VE0102X,33908,
2021,1366527392,207VF0040X,770304009,
2021,1083784144,207VE0102X,303293722,
2021,1760552863,207V00000X,913608004,
2021,1689744344,207VM0101X,115014064,
2021,1558431122,207RH0000X,941430120,
2021,1255401733,207VM0101X,088203947,
2021,1962572503,207V00000X,021156110,
2021,1174693675,207VM0101X,482012018,
2021,1982774741,207VE0102X,221011572,
2021,1326118043,207RX0202X,941432204,
2021,1619042462,207VE0102X,381198202,
2021,1225103831,207VF0040X,921275705,
2021,1396810891,207V00000X,02171,
2021,1134294473,207V00000X,928051564,
2021,1932274628,207VE0102X,902663639,
2021,1326113663,207VE0102X,907235422,
2021,1538234612,207VM0101X,115014064,
2021,1235299538,207VE0102X,926065034,
2021,1285794305,207VM0101X,11021,
2021,1942360086,207VE0102X,100280132,
2021,1568522738,207VE0102X,910077606,
2021,1518027747,207V00000X,146204159,
2021,1629138763,207VE0102X,11030,
2021,1801956933,207VE0102X,100280132,
2021,1518027663,207VE0102X,117255022,
2021,1306907423,207VE0102X,606112987,
2021,1396805834,207V00000X,481971142,
2021,1962562546,207VM0101X,212242735,
2021,1609936293,207VF0040X,648043015,
2021,1851452262,207VM0101X,191044206,
2021,1265593578,207VX0201X,203070001,
2021,1801957394,207VE0102X,100034528,
2021,1013077528,207VX0201X,926517001,
2021,1306906821,207VE0102X,226016365,
2021,1407916935,207V00000X,775555302,
2021,1740341270,207VM0101X,100382609,
2021,1184788374,207VM0101X,176012433,
2021,1811051824,207VM0101X,452670001,
2021,1578628350,207VX0201X,535482940,
2021,1023168358,207VM0101X,871062719,
2021,1134279052,207VX0201X,170111759,
2021,1609926930,207VM0101X,041023100,
2021,1578613840,207VM0101X,079606136,
2021,1417007428,207V00000X,641113220,
2021,1912057761,207VE0102X,103092622,
2021,1053461640,207VE0102X,934055813,
2021,1508917121,207VM0101X,941096978,
2021,1447304415,207VE0102X,333241063,
2021,1992859904,207VM0101X,100221008,
2021,1639224629,207VE0102X,900256646,
2021,1154476190,207V00000X,197137016,
2021,1861547804,207VX0201X,191075176,
2021,1356496301,207V00000X,191075701,
2021,1962557967,207VE0102X,900256646,
2021,1326192428,207V00000X,606113907,
2021,1891849832,207VE0102X,208506478,
2021,1326192337,207VE0102X,191311626,
2021,1336294362,207VE0102X,981011720,
2021,1558416503,207V00000X,191044206,
2021,1972658920,207V00000X,191044238,
2021,1295880995,207V00000X,936383719,
2021,1780739359,207VM0101X,303421608,
2021,1356496038,207VX0201X,19102,
2021,1558416339,207VX0201X,110303006,
2021,1124173851,207VF0040X,61104,
2021,1366597932,261QA0006X,981093050,
2021,1841345501,207VX0201X,271570001,
2021,1770628927,207VE0102X,402074707,
2021,1205971785,207VM0101X,770302348,
2021,1639204829,207VX0201X,142220001,
2021,1639214190,207VM0101X,333152643,
2021,1902931587,207VX0201X,974016036,
2021,1770618589,207SG0201X,900171800,
2021,1548395486,207V00000X,981950001,
2021,1881729549,2080N0001X,19611,
2021,1407981160,207VX0201X,198053165,
2021,1063547644,207VE0102X,923241801,
2021,1437286952,207VE0102X,913562804,
2021,1477681385,207VE0102X,711034010,
2021,1861521460,174400000X,452203027,
2021,1518091735,207VM0101X,483365919,
2021,1073647368,207VM0101X,841320001,
2021,1861516023,207VX0201X,619442460,
2021,1063546349,207VE0102X,841320001,
2021,1881728129,207VE0102X,611075912,
2021,1477677417,207VX0201X,891692578,
2021,1538283510,207VE0102X,322078334,
2021,1578687414,207VM0101X,606371447,
2021,1477677375,207V00000X,454092722,
2021,1669596599,207VE0102X,22204,
2021,1750405601,207VM0101X,142222006,
2021,1386768257,207VE0102X,606124325,
2021,1932223526,207VF0040X,365323029,
2021,1043338395,207VX0201X,627023749,
2021,1639297211,207VE0102X,740142000,
2021,1922125582,207VE0102X,945835409,
2021,1114045960,207VX0201X,481972676,
2021,1225151483,207VE0102X,60005,
2021,1205959400,207VM0101X,086184741,
2021,1760505945,207VM0101X,928683201,
2021,1851514830,207VX0201X,253042696,
2021,1720201643,207VX0201X,282111046,
2021,1881817674,207VM0101X,27514,
2021,1881817930,207VM0101X,782584084,
2021,1205055027,207V00000X,328061014,
2021,1609095439,207VX0201X,009365067,
2021,1235358920,207VM0101X,601751000,
2021,1619196466,207VM0101X,951244105,
2021,1104045913,207VM0101X,770046942,
2021,1992924344,207VM0101X,197132137,
2021,1649483546,207VM0101X,331379800,
2021,1992918999,207VE0102X,912064197,
2021,1649483991,207VM0101X,941181618,
2021,1538372701,207VM0101X,800452545,
2021,1417160524,207VF0040X,231163818,
2021,1740493923,207VX0201X,711033950,
2021,1124236021,207VM0101X,972393011,
2021,1023227915,207VM0101X,706018911,
2021,1528277290,207VE0102X,009233003,
2021,1295943132,207VX0201X,926633509,
2021,1245448125,207VX0201X,288062270,
2021,1174731046,207VX0201X,930032909,
2021,1255540159,207VM0101X,191034804,
2021,1356550123,207VE0102X,60540,
2021,1295944114,207VX0201X,275144220,
2021,1487863247,207V00000X,45219,
2021,1306040852,207VX0201X,372032131,
2021,1144424615,207VX0201X,900890112,
2021,1740483288,207VE0102X,774941339,
2021,1609070143,207VX0201X,292108239,
2021,1568660959,207V00000X,532272468,
2021,1124226477,207VG0400X,370675603,
2021,1407054679,207VM0101X,029052401,
2021,1154529386,207VM0101X,330295593,
2021,1760680938,207V00000X,473741161,
2021,1609074806,207VX0201X,915051204,
2021,1942408026,207VX0201X,076664245,
2021,1386842490,207V00000X,701122632,
2021,1386843399,207VE0102X,922624414,
2021,1063611762,390200000X,913421437,
2021,1831398700,207V00000X,923543450,
2021,1669671541,207VX0201X,631418219,
2021,1821281866,207V00000X,041061999,
2021,1821281791,207V00000X,972393011,
2021,1609069525,207VM0101X,972271683,
2021,1285827253,207VX0201X,837126223,
2021,1427241157,207V00000X,294145733,
2021,1316131972,207VM0101X,443081063,
2021,1700070380,207VX0201X,10003,
2021,1942497359,207V00000X,852245665,
2021,1073700415,207VM0101X,752461713,
2021,1114114584,207V00000X,945633031,
2021,1306033741,207VE0102X,900950001,
2021,1588851604,207VM0101X,891064018,
2021,1730376948,207VM0101X,293071058,
2021,1861689010,207VM0101X,152202907,
2021,1427246347,207VE0102X,066116303,
2021,1053593921,207VX0201X,841241228,
2021,1740462316,207VX0201X,631101032,
2021,1669654216,390200000X,837027307,
2021,1932381530,207VX0201X,381383687,
2021,1063694651,363LX0001X,891175890,
2021,1609053453,207VE0102X,77598,
2021,1043497860,174400000X,922519599,
2021,1992982623,207VM0101X,29303,
2021,1427235050,207VE0102X,312101822,
2021,1235316639,207VM0101X,303082208,
2021,1700063187,207VF0040X,992012229,
2021,1013194273,207VM0101X,100166058,
2021,1629255880,207VX0201X,466011168,
2021,1487827663,207V00000X,235071914,
2021,1184897381,207VM0101X,100296501,
2021,1659544740,207VE0102X,604772589,
2021,1598938672,207V00000X,601901295,
2021,1033382049,207V00000X,221924163,
2021,1265605174,207V00000X,02215,
2021,1558534313,261Q00000X,543013528,
2021,1992978712,207V00000X,841241228,
2021,1336306943,207V00000X,176012644,
2021,1821256066,207RX0202X,405031400,
2021,1912165291,207VE0102X,481147004,
2021,1629236930,207RX0202X,405031400,
2021,1275791592,207V00000X,352096899,
2021,1215195516,390200000X,787314214,
2021,1063670255,207VX0201X,34243,
2021,1740448828,207VF0040X,532272468,
2021,1225296247,207VM0101X,476308940,
2021,1396903415,207VX0201X,00674,
2021,1902064942,207V00000X,146204155,
2021,1508028788,207VX0201X,981950001,
2021,1649432931,207VM0101X,981950001,
2021,1679735864,207VX0201X,152133108,
2021,1205098589,207VE0102X,921221013,
2021,1124280581,207VF0040X,937208001,
2021,1639331028,207V00000X,191045127,
2021,1194987552,207VX0201X,007171321,
2021,1316109648,207VX0201X,787053378,
2021,1205098399,207VX0201X,554550341,
2021,1578725669,207V00000X,43214,
2021,1255593174,207V00000X,900485421,
2021,1871755710,207VE0102X,054468025,
2021,1689836629,207RH0003X,00927,
2021,1104072198,207VE0102X,926633522,
2021,1467608406,207VG0400X,953552707,
2021,1639325590,207V00000X,366041405,
2021,1225284078,207VX0201X,604877581,
2021,1245486067,207VX0201X,286554091,
2021,1295981116,207V00000X,176012433,
2021,1174779987,207VE0102X,074707045,
2021,1184870818,207V00000X,606113907,
2021,1275789919,207VM0101X,152133108,
2021,1285880757,207V00000X,606313716,
2021,1619123270,207V00000X,191045502,
2021,1861642811,207VE0102X,077024179,
2021,1124278056,207VM0101X,083606912,
2021,1215187141,207VM0101X,081033109,
2021,1033369962,207VM0101X,080461110,
2021,1932359775,174400000X,021111552,
2021,1578714242,207VE0102X,029034817,
2021,1518103233,207VM0101X,891064004,
2021,1013153782,207VE0102X,100224304,
2021,1972749638,207VM0101X,640572301,
2021,1548406135,207VE0102X,532154455,
2021,1811138506,207VM0101X,309015104,
2021,1992946644,207VM0101X,309015109,
2021,1669613063,207R00000X,187043715,
2021,1083855332,207VX0201X,079606136,
2021,1275774333,207VM0101X,282072134,
2021,1669606208,207VE0102X,10022,
2021,1629202270,207V00000X,631418265,
2021,1639303134,207VE0102X,325718790,
2021,1902030422,207VE0102X,112153609,
2021,1801020359,207VE0102X,941582518,
2021,1477788701,207V00000X,016052903,
2021,1861627085,207VM0101X,337014662,
2021,1871728956,207VM0101X,711183133,
2021,1457586596,207VM0101X,544495703,
2021,1063647063,207V00000X,480341753,
2021,1841425873,207V00000X,222053601,
2021,1174758262,208800000X,481095330,
2021,1396977344,207VM0101X,00725,
2021,1639301633,207VG0400X,708154114,
2021,1619109469,207VE0102X,029052401,
2021,1891927687,207RH0003X,537113014,
2021,1104058718,207VM0101X,224051455,
2021,1891927372,207VE0102X,070395672,
2021,1437381829,207VM0101X,169158161,
2021,1619109188,207VM0101X,752373460,
2021,1922333640,207VM0101X,122083555,
2021,1669708186,207VE0102X,100215663,
2021,1750617148,207VX0000X,112094805,
2021,1508192824,207VE0102X,483224182,
2021,1194056846,207VE0102X,770704535,
2021,1992029177,207VE0102X,752302505,
2021,1760706931,207VE0102X,115014235,
2021,1972827046,207VX0201X,741367816,
2021,1396069373,207V00000X,981950001,
2021,1154645000,207V00000X,905022004,
2021,1538483458,207VX0201X,112153609,
2021,1003136151,207VX0201X,631171858,
2021,1346561453,390200000X,402074721,
2021,1659692630,207V00000X,559050001,
2021,1427379221,207V00000X,606371443,
2021,1851612659,207VX0201X,532263522,
2021,1619298460,207VE0102X,296054281,
2021,1013222587,363LX0001X,496842345,
2021,1356656656,207VG0400X,708154114,
2021,1699080598,207VX0000X,928683201,
2021,1932409067,207VM0101X,484398065,
2021,1992005086,207VX0201X,331462008,
2021,1730489535,390200000X,926183189,
2021,1659671204,101Y00000X,972393011,
2021,1710282918,207VM0101X,275187404,
2021,1144526914,207VE0102X,600693610,
2021,1932405776,207VM0101X,641113220,
2021,1487943742,207V00000X,443041494,
2021,1164711537,207V00000X,60068,
2021,1023307360,207VX0201X,240164962,
2021,1467741769,207V00000X,402023229,
2021,1346530607,207VM0101X,753907208,
2021,1922397256,390200000X,94040,
2021,1417246778,207V00000X,981955700,
2021,1215227566,207VM0101X,753907208,
2021,1770873085,207VX0201X,19104,
2021,1184914301,207VE0102X,080841354,
2021,1912297102,207VM0101X,537151507,
2021,1174813091,207VX0201X,441950001,
2021,1255621165,207VM0101X,800452541,
2021,1700171451,207VX0201X,708175128,
2021,1174818819,207VX0201X,559050001,
2021,1629363346,207VF0040X,018016372,
2021,1730474297,207VE0102X,782344504,
2021,1952696346,207VE0102X,480924438,
2021,1215222534,207VM0101X,089011766,
2021,1164717278,207V00000X,606123227,
2021,1689969743,207VM0101X,631081495,
2021,1508144692,207VM0101X,303421606,
2021,1467730069,390200000X,10016,
2021,1912280694,207VM0101X,314056007,
2021,1265715932,207VX0201X,231885727,
2021,1821371006,207VG0400X,224081949,
2021,1780953729,207V00000X,376043799,
2021,1679842637,2080P0202X,37604,
2021,1295004075,207VE0102X,972312403,
2021,1669745261,207VM0101X,921202507,
2021,1376816850,207VM0101X,727628704,
2021,1467725812,207VM0101X,852958490,
2021,1144593310,207VM0101X,95819,
2021,1366715435,207RX0202X,405031400,
2021,1689947640,207V00000X,922536252,
2021,1447523485,207V00000X,631101093,
2021,1811254154,207VX0201X,100323729,
2021,1417213794,390200000X,606371447,
2021,1093071391,207V00000X,972393011,
2021,1194081422,207V00000X,300764916,
2021,1629334982,207VM0101X,152242156,
2021,1265799555,207VM0101X,796012431,
2021,1427315522,207V00000X,943052200,
2021,1174880223,207VX0201X,303193059,
2021,1043577158,207VM0101X,800452545,
2021,1144587072,207VM0101X,275141690,
2021,1518224435,390200000X,753907208,
2021,1295092070,207VE0102X,100163295,
2021,1235496076,207VE0102X,296054281,
2021,1104183938,207VX0201X,352491900,
2021,1578827077,207V00000X,902925424,
2021,1568726727,207VX0201X,331762118,
2021,1518221779,207VF0040X,551098767,
2021,1235488719,207V00000X,775555302,
2021,1396094744,207V00000X,309012643,
2021,1861741191,207V00000X,774792651,
2021,1578817540,207VE0102X,113731329,
2021,1366796252,207VE0102X,476308940,
2021,1225382013,207RC0000X,631418221,
2021,1215281910,207VF0040X,114321121,
2021,1154668598,207VM0101X,800452541,
2021,1831436153,207V00000X,770793637,
2021,1295072601,207VM0101X,14203,
2021,1760724322,390200000X,212011544,
2021,1104168756,390200000X,936116889,
2021,1891037313,390200000X,275144220,
2021,1659613818,207V00000X,461431049,
2021,1518209840,207V00000X,972393011,
2021,1437491776,390200000X,900957419,
2021,1154663292,207VE0102X,75071,
2021,1063754125,207VF0040X,212242735,
2021,1609118728,207VE0102X,606222015,
2021,1891038972,207VE0102X,770303411,
2021,1396088407,390200000X,277054699,
2021,1376989772,207V00000X,021184001,
2021,1437595840,207VX0000X,800452541,
2021,1093151441,207VE0102X,450692505,
2021,1265878623,207VM0101X,021156110,
2021,1356787626,207VM0101X,850062612,
2021,1114363496,207V00000X,100323729,
2021,1871939173,390200000X,581044603,
2021,1467898734,207VM0101X,770303004,
2021,1518303742,207VF0040X,206784019,
2021,1205272341,207VM0101X,631081495,
2021,1295171338,207VM0101X,432212800,
2021,1790121846,207VF0040X,214010317,
2021,1467898544,207V00000X,841325000,
2021,1376989392,207VF0040X,908073353,
2021,1235575218,207VE0102X,801291901,
2021,1568808566,207VF0040X,175221761,
2021,1104262153,207V00000X,100191412,
2021,1225460900,207VX0201X,224320639,
2021,1932531340,207VF0040X,112235149,
2021,1548693872,207VE0102X,282042963,
2021,1215363064,207VE0102X,331334741,
2021,1376970061,207VE0102X,080484862,
2021,1346676061,207V00000X,44122,
2021,1679994420,207VE0102X,235071627,
2021,1205252426,207VF0040X,402203903,
2021,1396161493,207VX0201X,392021650,
2021,1609292705,207VE0102X,392021650,
2021,1235540154,207VM0101X,060308082,
2021,1528479227,207VE0102X,029206043,
2021,1891106530,390200000X,200603102,
2021,1699186379,207V00000X,452202475,
2021,1568873156,207VX0201X,495034608,
2021,1033520697,207VX0201X,200103017,
2021,1366859100,207VM0101X,770301501,
2021,1316354079,207VX0201X,069053800,
2021,1417357211,207VM0101X,787465516,
2021,1639579311,207VX0201X,794101301,
2021,1063812659,207VE0102X,372031513,
2021,1306241831,207VG0400X,941332122,
2021,1619372786,207VX0201X,801222648,
2021,1376932244,207VF0040X,631322002,
2021,1144619735,207V00000X,800452545,
2021,1528457074,207V00000X,329407330,
2021,1447649926,207VM0101X,017026358,
2021,1790179661,207VF0040X,936114028,
2021,1124413026,207VM0101X,921039000,
2021,1598150153,207V00000X,336063571,
2021,1578958229,390200000X,559050001,
2021,1508251182,207VF0040X,276077510,
2021,1639552565,207VM0101X,379201511,
2021,1275917908,207VX0201X,740744370,
2021,1841674264,207VM0101X,284038052,
2021,1811365802,207VF0040X,782583943,
2021,1508234402,207VF0040X,271035846,
2021,1902275407,207VE0102X,941095455,
2021,1023476520,207V00000X,801222634,
2021,1073971578,207V00000X,80138,
2021,1780042093,207VF0040X,900153070,
2021,1821456229,207VE0102X,902104714,
2021,1710345962,207VX0201X,117181830,
2021,1417315425,207VE0102X,920082194,
2021,1003274077,207VM0101X,198053165,
2021,1467815787,207VX0201X,309120006,
2021,1073976114,207VF0040X,799052709,
2021,1568826691,207V00000X,606112908,
2021,1730536251,207VE0102X,190133902,
2021,1033566278,207VM0101X,297321158,
2021,1134576937,207V00000X,841322209,
2021,1023469079,207VF0040X,10461,
2021,1033561824,207RX0202X,281442736,
2021,1548716020,207V00000X,900335310,
2021,1699227298,207VM0101X,750878724,
2021,1619412376,207R00000X,486024727,
2021,1841731783,207VE0102X,358014205,
2021,1407382252,207VF0040X,086192711,
2021,1891212627,207VE0102X,100280418,
2021,1013427871,207VX0201X,105984432,
2021,1447760186,207VM0101X,220302208,
2021,1811407489,207VE0102X,926608725,
2021,1841706793,207VM0101X,485035902,
2021,1184128340,207VE0102X,100222130,
2021,1982108098,207VF0040X,300646426,
2021,1013406818,207VX0000X,089011962,
2021,1457840175,207VM0101X,840413692,
2021,1518451681,207VM0101X,191413018,
2021,1164901237,207VE0102X,921211069,
2021,1457836637,207VX0201X,392327640,
2021,1053880054,207VF0040X,328061124,
2021,1194299339,207VF0040X,482022608,
2021,1912461054,207VM0101X,021352907,
2021,1235693375,207VM0101X,02135,
2021,1710540497,207VX0201X,V5Z 1M9,
2021,1316501125,207VE0102X,450696331,
2021,1851955421,207VF0040X,852592687,
2021,1669036240,207VE0102X,980043739,
2021,1942864467,207VM0101X,372063531,
2021,1518521905,207VM0101X,276148494,
2021,1659936011,207VX0201X,274034442,
2021,1518512953,207VF0040X,303091632,
2021,1033764170,207VM0101X,752314391,
2021,1245889617,207VF0040X,797015856,
2021,1811531270,207V00000X,113553666,
2021,1942840699,207VE0102X,852584424,
2021,1730729211,207VE0102X,235071627,
2021,1881227114,207VF0040X,018016389,
2021,1336772490,207RC0000X,179619343,
2021,1336772128,207VE0102X,571051503,
2021,1992338701,207V00000X,085423708,
2021,1750905055,207VM0101X,816326426,
2021,1356965644,207VM0101X,802055507,
2021,1134743503,207VM0101X,806348626,
2021,1386268753,207VM0101X,805385012,
2021,1255955647,208000000X,801388573,
2021,1053935346,207VM0101X,801245525,
2021,1952925240,207VM0101X,826094264,
2021,1780208082,207VM0101X,826012735,
2021,1396369443,207VM0101X,800279584,
2021,1477177533,363LW0102X,800279742,
2021,1972127934,207VM0101X,801222602,
2021,1306460464,207VM0101X,800124512,
2021,1790309763,207VM0101X,802203908,
2021,1891319786,207VX0201X,800279584,
2021,1659995603,207VM0101X,801245522,
2021,1396363552,207VE0102X,926634058,
2021,1477171759,207VX0201X,282043215,
2021,1396358818,207VF0040X,852584500,
2021,1184221434,207VX0201X,802105856,
2021,1902408032,207VE0102X,282071109,
2021,1255923231,207VB0002X,660858418,
2021,1881286912,207VM0101X,368304302,
2021,1417534793,207VE0102X,931054276,
2021,1437731874,207VE0102X,352424817,
2021,1265014583,207VE0102X,070303808,
2021,1700468725,207VM0101X,336073804,
2021,1477135408,207VX0201X,337137147,
2021,1497322754,207VF0040X,346095615,
2021,1649847666,207VM0101X,335446911,
2021,1821665969,207V00000X,346135578,
2021,1184291098,207VM0101X,341344355,
2021,1497327159,207V00000X,334071938,
2021,1679145338,207V00000X,334072450,
2021,1629640396,207V00000X,334103002,
2021,1447822119,207V00000X,334587100,
2021,1811569577,207V00000X,334143183,
2021,1003488636,207VM0101X,334335510,
2021,1225600497,207VM0101X,904053792,
2021,1114599453,207VM0101X,334862349,
2021,1467128462,207VM0101X,333282000,
2021,1134895212,207VF0040X,336144055,
2021,1750058319,207VM0101X,325045719,
2021,1841966462,207VF0040X,303285928,
2021,1841967494,207VM0101X,325507231,
2021,1073280657,207VM0101X,325366442,
2021,1649937152,207V00000X,170112207,
2021,1770578551,207VE0102X,76508,35233
2021,1740261973,207VE0102X,352331802,277139089
2021,1669453841,207VM0101X,922624876,328277402
2021,1215918396,207V00000X,029034829,027471280
2021,1881679439,207VX0201X,282072134,280013417
2021,1760467252,207VX0201X,85259,322241865
2021,1376528729,207VE0102X,197180001,197025704
2021,1124003579,207V00000X,271032930,287049721
2021,1306821590,207VF0040X,347111978,551251712
2021,1952386195,207V00000X,170332036,196059467
2021,1265403463,207V00000X,840967012,921343587
2021,1558336909,207VE0102X,322569111,322587418
2021,1295795854,207VM0101X,294254933,229084933
2021,1609831478,207VM0101X,606115966,208890001
2021,1942265517,207VX0201X,328063910,328044648
2021,1730144353,207VM0101X,029042609,121599222
2021,1962467241,207VX0201X,191141436,191363533
2021,1043263130,207V00000X,921275705,921345705
2021,1629021159,207RH0000X,761044611,750756173
2021,1558314369,207VX0201X,271033013,271033019
2021,1205880911,207VF0040X,14626,146264607
2021,1255374708,207V00000X,606371447,600052355
2021,1316980915,207V00000X,276178744,275997570
2021,1942243985,207VE0102X,229114669,229084669
2021,1912940982,207VM0101X,284038052,284036022
2021,1093758963,207VX0201X,275990001,276077505
2021,1003859901,207VM0101X,782365638,757012041
2021,1790713329,207VE0102X,322569111,328061124
2021,1598793135,207V00000X,804015027,800336034
2021,1205865524,207VX0201X,752512101,750938104
2021,1982633228,207V00000X,972393011,972271667
2021,1356375968,207VM0101X,282108413,282042963
2021,1821021825,207VM0101X,199046920,199634366
2021,1790702322,207V00000X,606123841,601695016
2021,1255359675,207VM0101X,531427884,602011718
2021,1306869227,103T00000X,571051503,570495357
2021,1659394609,207VG0400X,700063000,705086984
2021,1245246115,176B00000X,02879,02879
2021,1912913880,207VM0101X,223041535,220423307
2021,1144233412,207VM0101X,226012841,226302660
2021,1588677751,207VM0101X,880053423,920692973
2021,1124131248,207V00000X,852977322,852245298
2021,1265549760,207VE0102X,452424400,452425545
2021,1568564789,207VX0201X,79905,79911
2021,1831291400,171100000X,900454849,900453807
2021,1700984408,207VF0040X,60076,60076
2021,1255438636,207VE0102X,32258,336063603
2021,1346331170,174400000X,220312238,220314867
2021,1184704264,207VX0201X,274031109,275997570
2021,1619053790,207VM0101X,904011421,904042303
2021,1598834111,207V00000X,021184001,037560001
2021,1851460315,207VM0101X,468451707,463074859
2021,1972673929,207VM0101X,326103003,181036122
2021,1972673879,207VM0101X,921303061,443081063
2021,1992871339,207V00000X,376042002,376607398
2021,1922175322,207VE0102X,352092647,352096823
2021,1568522134,207VX0000X,17403,543114240
2021,1528129624,207VM0101X,070552804,109414018
2021,1770644783,207VE0102X,089011962,100191412
2021,1760543664,207VE0102X,100280418,100191412
2021,1154487403,207VE0102X,10601,775984243
2021,1669539664,207VE0102X,37067,111052892
2021,1609915081,207SG0201X,022155400,021155724
2021,1386788081,207VM0101X,936368761,591010905
2021,1104956408,207V00000X,946093424,945493746
2021,1841314424,207V00000X,94109,949455055
2021,1194939264,207V00000X,45220,410173403
2021,1356555635,207VM0101X,170114518,170332360
2021,1003026493,207V00000X,46845,546015429
2021,1710197421,207V00000X,081031461,080809340
2021,1710197397,207VM0101X,480255439,480851128
2021,1295939148,207VE0102X,174035074,152133108
2021,1609070317,207V00000X,372325600,372043609
2021,1801090626,207V00000X,554373843,40202
2021,1508061003,207VM0101X,972132991,972256689
2021,1902005531,207VM0101X,452202475,410173403
2021,1528267879,207V00000X,29425,299108965
2021,1295927424,207VG0400X,972132983,972256634
2021,1487846507,207V00000X,29485,294641901
2021,1639361603,207V00000X,799023554,799113601
2021,1457532046,207VF0040X,730348864,730348864
2021,1043488265,207V00000X,372325100,372043609
2021,1235306713,207VM0101X,787051012,104611900
2021,1407023989,207VM0101X,972132991,972256689
2021,1366603763,207V00000X,328277884,19140
2021,1336395888,207VX0201X,606576704,021184001
2021,1720234107,207V00000X,661608500,648043503
2021,1912159674,207VM0101X,921303061,920371223
2021,1215172937,207V00000X,904042303,90048
2021,1932340957,207VM0101X,941432202,021156110
2021,1972745586,207V00000X,031033502,55455
2021,1740422401,207VM0101X,029034829,029052401
2021,1316173289,207VE0102X,107072948,068306074
2021,1780810614,174400000X,381202382,386715306
2021,1376774836,207V00000X,28310,208890001
2021,1407087711,207VM0101X,070305795,112093206
2021,1952626061,207VM0101X,271573108,152133108
2021,1225353055,207VM0101X,537151830,537151830
2021,1528383163,207VX0201X,27157,77030
2021,1871818534,207VX0201X,770304009,212870005
2021,1790001360,207VF0040X,761044148,760494194
2021,1295056711,207VG0400X,760513580,760513580
2021,1366763880,207V00000X,775844194,559050001
2021,1861781767,207VX0201X,972132933,972256691
2021,1437448388,207VM0101X,661602475,410173403
2021,1538458377,207VM0101X,041023166,042405553
2021,1508155268,207VG0400X,30094,372320001
2021,1861781452,207VM0101X,10065,029052401
2021,1588953178,207V00000X,857248091,117948091
2021,1669761177,207VM0101X,60611,432101267
2021,1184917841,207V00000X,76104,761044145
2021,1760775498,207V00000X,980555744,146420001
2021,1346534948,207VF0040X,346554421,34209
2021,1275827719,207V00000X,452302356,452202475
2021,1083902597,207V00000X,80045,805013129
2021,1932497245,207VX0201X,342393605,200373201
2021,1124392741,207VM0101X,921340001,984315000
2021,1588922488,390200000X,55426,554554800
2021,1861755092,207V00000X,951244113,945382299
2021,1285997239,390200000X,543116519,923241801
2021,1932463890,390200000X,00716,009350001
2021,1942557871,390200000X,037560001,97239
2021,1497002232,207V00000X,454291265,454591294
2021,1295087914,207V00000X,01608,021763149
2021,1427300938,207V00000X,84132,829015863
2021,1053658708,207VM0101X,841323011,972393011
2021,1972840510,390200000X,021111552,104611138
2021,1316289440,207VF0040X,021381052,941103518
2021,1760725592,207VF0040X,277054699,232351979
2021,1245573039,207VF0040X,928685900,950515173
2021,1366785065,207V00000X,530510538,532263522
2021,1205179660,207V00000X,054011473,537920001
2021,1194068601,207V00000X,317941644,549148273
2021,1831535418,207VX0201X,731045418,275144220
2021,1245677582,207VF0040X,787051107,787121765
2021,1275974784,207VM0101X,076011962,200103017
2021,1710306899,207VG0400X,871085153,871021740
2021,1598185407,207VM0101X,200102994,065103220
2021,1073925863,207V00000X,681982002,522421009
2021,1013371335,207VE0102X,800452570,800452545
2021,1285088468,207VM0101X,800452541,800452545
2021,1114450012,207VX0201X,559050001,061051208
2021,1760915433,390200000X,800452541,800452570
2021,1275061905,390200000X,770303498,731045018
2021,1598293029,207V00000X,271570004,309120004
2021,1710491477,207VX0201X,211576664,112203213
2021,1215430269,207VM0101X,853021360,852045251
2021,1124502182,207V00000X,121802466,120653874
2021,1336616549,163WP1700X,115705125,117954411
2021,1992262703,207VM0101X,199013530,199046920
2021,1437750932,207VE0102X,100222049,100193149
2021,1881679439,207VX0201X,282072134,280252948
2021,1760467252,207VX0201X,85259,850544502
2021,1376528729,207VE0102X,197180001,198073019
2021,1124003579,207V00000X,271032930,282044397
2021,1952386195,207V00000X,170332036,170332360
2021,1558336909,207VE0102X,322569111,328061124
2021,1962467241,207VX0201X,191141436,190471832
2021,1629021159,207RH0000X,761044611,760924412
2021,1205880911,207VF0040X,14626,146264607
2021,1912940982,207VM0101X,284038052,284516430
2021,1003859901,207VM0101X,782365638,782293641
2021,1790713329,207VE0102X,322569111,441055521
2021,1982633228,207V00000X,972393011,936368761
2021,1356375968,207VM0101X,282108413,280252982
2021,1306869227,103T00000X,571051503,512461948
2021,1245246115,176B00000X,02879,028181465
2021,1912913880,207VM0101X,223041535,283748159
2021,1144233412,207VM0101X,226012841,226641154
2021,1346331170,174400000X,220312238,201765155
2021,1851460315,207VM0101X,468451707,462378601
2021,1972673929,207VM0101X,326103003,181036122
2021,1568522134,207VX0000X,17403,543114240
2021,1528129624,207VM0101X,070552804,079302908
2021,1154487403,207VE0102X,10601,775984243
2021,1104956408,207V00000X,946093424,945633304
2021,1841314424,207V00000X,94109,940103226
2021,1003026493,207V00000X,46845,546015429
2021,1710197421,207V00000X,081031461,081033101
2021,1609070317,207V00000X,372325600,208895600
2021,1801090626,207V00000X,554373843,174035074
2021,1528267879,207V00000X,29425,299026900
2021,1487846507,207V00000X,29485,294643793
2021,1639361603,207V00000X,799023554,799123531
2021,1366603763,207V00000X,328277884,338054543
2021,1336395888,207VX0201X,606576704,021182334
2021,1215172937,207V00000X,904042303,900481804
2021,1740422401,207VM0101X,029034829,029053244
2021,1780810614,174400000X,381202382,386716712
2021,1407087711,207VM0101X,070305795,113754763
2021,1871818534,207VX0201X,770304009,212870005
2021,1437448388,207VM0101X,661602475,452202475
2021,1508155268,207VG0400X,30094,372320001
2021,1184917841,207V00000X,76104,775550587
2021,1932497245,207VX0201X,342393605,559050001
2021,1588922488,390200000X,55426,554554800
2021,1861755092,207V00000X,951244113,277053941
2021,1932463890,390200000X,00716,87131
2021,1427300938,207V00000X,84132,871091292
2021,1972840510,390200000X,021111552,104611138
2021,1245573039,207VF0040X,928685900,950515173
2021,1245677582,207VF0040X,787051107,786658003
2021,1710306899,207VG0400X,871085153,441950001
2021,1598185407,207VM0101X,200102994,06511
2021,1275061905,390200000X,770303498,731045018
2021,1710491477,207VX0201X,211576664,113754010
2021,1124502182,207V00000X,121802466,121802447
2021,1336616549,163WP1700X,115705125,117401624
2021,1376528729,207VE0102X,197180001,198022545
2021,1124003579,207V00000X,271032930,274011448
2021,1629021159,207RH0000X,761044611,762015142
2021,1912940982,207VM0101X,284038052,284122207
2021,1790713329,207VE0102X,322569111,322587420
2021,1306869227,103T00000X,571051503,570062830
2021,1245246115,176B00000X,02879,028916600
2021,1144233412,207VM0101X,226012841,254012801
2021,1346331170,174400000X,220312238,220423307
2021,1104956408,207V00000X,946093424,945465305
2021,1841314424,207V00000X,94109,452483116
2021,1487846507,207V00000X,29485,294643793
2021,1366603763,207V00000X,328277884,32804
2021,1740422401,207VM0101X,029034829,027471280
2021,1780810614,174400000X,381202382,381381773
2021,1407087711,207VM0101X,070305795,112152647
2021,1588922488,390200000X,55426,537920001
2021,1861755092,207V00000X,951244113,277053941
2021,1932463890,390200000X,00716,009350001
2021,1124502182,207V00000X,121802466,121102490
2021,1336616549,163WP1700X,115705125,117292727
2021,1376528729,207VE0102X,197180001,197099602
2021,1124003579,207V00000X,271032930,240132201
2021,1629021159,207RH0000X,761044611,762402051
2021,1912940982,207VM0101X,284038052,284016676
2021,1306869227,103T00000X,571051503,571085096
2021,1487846507,207V00000X,29485,294643793
2021,1780810614,174400000X,381202382,381202361
2021,1124502182,207V00000X,121802466,121445730
2021,1336616549,163WP1700X,115705125,117463258
2021,1376528729,207VE0102X,197180001,197132070
2021,1629021159,207RH0000X,761044611,760678246
2021,1912940982,207VM0101X,284038052,284032041
2021,1487846507,207V00000X,29485,482012153
2021,1780810614,174400000X,381202382,381383966
2021,1376528729,207VE0102X,197180001,198104900
2021,1629021159,207RH0000X,761044611,750938104
2021,1376528729,207VE0102X,197180001,198011013
2021,1629021159,207RH0000X,761044611,764011860
2021,1376528729,207VE0102X,197180001,199771479
2021,1629021159,207RH0000X,761044611,752512101
2021,1376528729,207VE0102X,197180001,197132089
2021,1629021159,207RH0000X,761044611,760485689
2021,1376528729,207VE0102X,197180001,197132089
2021,1629021159,207RH0000X,761044611,750637568
2021,1376528729,207VE0102X,197180001,197138000
2021,1629021159,207RH0000X,761044611,760865864
2021,1629021159,207RH0000X,761044611,760287220
2021,1629021159,207RH0000X,761044611,760142084
2021,1629021159,207RH0000X,761044611,761324101
2021,1629021159,207RH0000X,761044611,760175871
2021,1629021159,207RH0000X,761044611,760636426
2021,1720084130,207VX0201X,432191531,
2021,1881690196,207V00000X,112016004,
2021,1629074901,207VM0101X,142244658,
2021,1659377851,207VG0400X,294074835,
2021,1710983994,207VG0400X,782293717,
2021,1679579783,207VX0201X,327257128,
2021,1285630137,207VE0102X,454291264,
2021,1326044231,207VM0101X,352096899,
2021,1821094798,207VE0102X,782293717,
2021,1093711954,207VX0201X,061051719,
2021,1295731016,207V00000X,754015644,
2021,1457357279,207V00000X,750938103,
2021,1891791620,207V00000X,35233,
2021,1366448102,207VG0400X,760512101,
2021,1174529929,207VX0201X,571051503,
2021,1720084403,207VM0101X,850134224,
2021,1023014719,207VE0102X,571051503,
2021,1841296530,207V00000X,463739487,
2021,1770589509,207VM0101X,753907201,
2021,1275539025,207V00000X,752512126,
2021,1770589459,207VE0102X,190103121,
2021,1487650214,207VE0102X,190103121,
2021,1194721944,207VG0400X,760513580,
2021,1841296696,207VM0101X,571051503,
2021,1851397509,207VM0101X,58122,
2021,1740286426,207VE0102X,190103121,
2021,1255337069,207VE0102X,282263364,
2021,1417953225,207VE0102X,178222920,
2021,1326049891,207V00000X,770542934,
2021,1043211626,207VX0201X,100164750,
2021,1184625667,207V00000X,770542934,
2021,1104827583,207VF0040X,100191104,
2021,1649271057,207VM0101X,100191147,
2021,1275534687,207VM0101X,100191147,
2021,1679574115,207V00000X,770542934,
2021,1588665020,207VX0201X,641321100,
2021,1407857881,207VX0201X,641321100,
2021,1790786119,207V00000X,770542934,
2021,1093716201,207V00000X,191074420,
2021,1598767568,207VM0101X,190468004,
2021,1437151404,207VE0102X,70448,
2021,1255333225,207V00000X,190013800,
2021,1639171754,207VX0201X,852584560,
2021,1871595991,207V00000X,190013800,
2021,1528060639,207VX0201X,100164750,
2021,1306848270,207VX0201X,233204945,
2021,1609878586,207VX0201X,372052005,
2021,1821090630,207VM0101X,218048502,
2021,1154323004,207VG0400X,201104700,
2021,1003801135,207VE0102X,336171126,
2021,1437144433,207VM0101X,146420001,
2021,1073508073,207VM0101X,100166402,
2021,1376538355,207VM0101X,021352907,
2021,1518952563,207VM0101X,532264216,
2021,1053306126,207V00000X,532264216,
2021,1104811165,207VX0000X,33316,
2021,1588659403,207VM0101X,376046062,
2021,1396730255,207VM0101X,482362167,
2021,1255326013,207VE0102X,482362167,
2021,1306831243,207VX0201X,358015134,
2021,1225023039,207VM0101X,59804,
2021,1295720001,207VM0101X,482362167,
2021,1235124066,207VX0201X,532201935,
2021,1952396780,207VM0101X,482362167,
2021,1649265307,207VE0102X,077244244,
2021,1831184555,207VM0101X,122083835,
2021,1467448035,207VM0101X,374032724,
2021,1104812726,207VX0201X,112032056,
2021,1730175357,207VX0201X,112192916,
2021,1205822814,207VM0101X,317011943,
2021,1699760223,207V00000X,50023,
2021,1013903665,207V00000X,631418232,
2021,1720074362,207VM0101X,077534862,
2021,1528049798,207V00000X,681988102,
2021,1376524553,207V00000X,328061008,
2021,1295716496,207VX0201X,972271800,
2021,1861473969,207V00000X,722057101,
2021,1942281928,207VM0101X,761072553,
2021,1366423360,207VX0201X,631101032,
2021,1235110230,207VM0101X,142222006,
2021,1700867686,207V00000X,171095300,
2021,1699756577,207V00000X,152242156,
2021,1992786925,207VX0201X,016052726,
2021,1821079856,207VM0101X,029042609,
2021,1770564726,207VM0101X,016052903,
2021,1104807007,207VM0101X,627025317,
2021,1952382756,207VF0040X,900335313,
2021,1417938267,207VM0101X,171012515,
2021,1003897877,207VM0101X,016052903,
2021,1205817939,207VX0201X,436063856,
2021,1639150394,207VE0102X,02115,
2021,1417938192,207VX0201X,105493417,
2021,1629052253,207VF0040X,046091625,
2021,1154306702,207V00000X,271031633,
2021,1447235064,207VM0101X,445126778,
2021,1003891565,207VM0101X,554264375,
2021,1609851211,207VM0101X,103053401,
2021,1265417687,207VM0101X,731208366,
2021,1376528711,207VM0101X,174035074,
2021,1851376206,207VX0201X,100216007,
2021,1164407540,207VX0201X,100216007,
2021,1326023714,207VX0201X,600533056,
2021,1285619510,207V00000X,405360293,
2021,1245215565,207VX0201X,100216007,
2021,1104801471,207VX0201X,850544502,
2021,1699750943,207VX0201X,100281844,
2021,1174508360,207VM0101X,100191147,
2021,1164407359,207VE0102X,100198022,
2021,1144205477,207VX0201X,110421221,
2021,1134104482,207VX0201X,100216007,
2021,1891770988,207V00000X,60521,
2021,1376528430,207V00000X,271570001,
2021,1871578831,207VX0201X,85054,
2021,1134104193,207VE0102X,600265823,
2021,1184609158,207VX0201X,606123841,
2021,1720058571,207VX0201X,334862305,
2021,1366412116,207VX0201X,110303816,
2021,1023088689,207VE0102X,911052515,
2021,1558331330,207VE0102X,235071627,
2021,1336119114,207VX0201X,190963450,
2021,1699745257,207VE0102X,91208,
2021,1508836164,207VE0102X,913613748,
2021,1417927070,207VE0102X,926533616,
2021,1043280605,207VE0102X,928352516,
2021,1174593644,207VF0040X,559046756,
2021,1336119023,207VM0101X,171012541,
2021,1306816038,207VE0102X,372031513,
2021,1215907944,207VE0102X,372031513,
2021,1306816061,207VM0101X,79925,
2021,1215907670,207V00000X,77030,
2021,1003886466,207VM0101X,741368307,
2021,1326018706,207VM0101X,33908,
2021,1649240045,207V00000X,741352527,
2021,1598736829,207V00000X,757011677,
2021,1326018656,207VE0102X,757011677,
2021,1104896562,207V00000X,48235,
2021,1811967276,207V00000X,741352527,
2021,1881665057,207VE0102X,313145641,
2021,1821069014,207RX0202X,787585215,
2021,1588635882,207VM0101X,483415023,
2021,1326019639,207VM0101X,483415023,
2021,1538130653,207V00000X,797614529,
2021,1891760492,207VM0101X,972271683,
2021,1497720908,207V00000X,968595001,
2021,1235104787,207V00000X,652018104,
2021,1194790527,207VM0101X,122083835,
2021,1598730756,207VE0102X,55435,
2021,1467427633,207VF0040X,322585468,
2021,1831164227,207VE0102X,170332360,
2021,1285609677,207VX0201X,170332360,
2021,1639144934,207VM0101X,847902123,
2021,1316912603,207V00000X,322096511,
2021,1992770101,207V00000X,627025303,
2021,1134194459,207VM0101X,466011156,
2021,1619942810,207VM0101X,112153609,
2021,1679548887,207VM0101X,112153609,
2021,1831164748,207VE0102X,44129,
2021,1770558611,207VX0201X,312012100,
2021,1801861885,207VE0102X,333241063,
2021,1205801347,207VM0101X,760512100,
2021,1265407183,207VM0101X,891064000,
2021,1639139942,207V00000X,030602921,
2021,1396705554,207VM0101X,358013730,
2021,1932169190,208800000X,765080001,
2021,1750341921,207V00000X,108015503,
2021,1255391058,207VM0101X,554073723,
2021,1821058942,207VE0102X,303288102,
2021,1467412585,207V00000X,481971014,
2021,1275593394,207VE0102X,303421522,
2021,1700846821,207VE0102X,30342,
2021,1225098346,207VE0102X,30342,
2021,1255391256,207VE0102X,02421,
2021,1144280249,207VE0102X,852842604,
2021,1881654887,207VX0201X,480736710,
2021,1508826629,207VE0102X,30342,
2021,1528028305,207V00000X,232294933,
2021,1881654986,207VM0101X,480736769,
2021,1518927565,207V00000X,11418,
2021,1740240654,207VE0102X,48302,
2021,1659331403,207VE0102X,020262637,
2021,1043270994,207VM0101X,554073723,
2021,1548220320,207V00000X,554073723,
2021,1477513174,207VM0101X,480736712,
2021,1164482824,207VM0101X,480736710,
2021,1811951882,207VM0101X,104672410,
2021,1053375915,207V00000X,062601871,
2021,1457316283,207VX0201X,70433,
2021,1114982972,207VE0102X,197132072,
2021,1942264791,207V00000X,133261301,
2021,1497710172,207VX0201X,346534935,
2021,1245295880,207VX0201X,156689449,
2021,1053376764,207V00000X,437012806,
2021,1033174644,207VG0400X,331434860,
2021,1861457483,207V00000X,334149325,
2021,1164487716,207VM0101X,495032515,
2021,1609831262,207VM0101X,432213502,
2021,1427013085,207VM0101X,432212800,
2021,1811952617,207VM0101X,84770,
2021,1720043417,207V00000X,941432202,
2021,1770548299,207V00000X,196111410,
2021,1932164217,207VE0102X,441061716,
2021,1558310391,207VM0101X,323084647,
2021,1932158656,207VX0201X,701212429,
2021,1033168547,207VX0201X,352232457,
2021,1538118997,207VM0101X,366041512,
2021,1659321982,207VX0201X,100221009,
2021,1699725960,207VE0102X,77385,
2021,1336198761,207VE0102X,46123,
2021,1730139163,207V00000X,212870005,
2021,1255381687,207VX0201X,701212429,
2021,1104875673,207VE0102X,752045225,
2021,1659320174,207VE0102X,436063895,
2021,1972553121,207VF0040X,027031518,
2021,1699725085,207V00000X,921243320,
2021,1114977501,207VM0101X,857122805,
2021,1619926185,207VM0101X,483772714,
2021,1689623167,207VX0201X,372320001,
2021,1699725895,207RI0200X,488235383,
2021,1295785392,207VX0201X,741463628,
2021,1144273731,207VE0102X,981041306,
2021,1740233352,207VE0102X,35223,
2021,1518910124,207VE0102X,981041306,
2021,1164475679,207VE0102X,331434806,
2021,1386697472,207VM0101X,441115610,
2021,1871546242,207VG0400X,972256772,
2021,1336192855,207VE0102X,331434806,
2021,1407809411,207VM0101X,296054247,
2021,1699729236,207VX0201X,770304000,
2021,1720031776,207VE0102X,331434806,
2021,1174577944,207V00000X,392021687,
2021,1508819558,207VE0102X,331762144,
2021,1710930698,207VX0201X,432191531,
2021,1730132622,207VM0101X,980044623,
2021,1154374957,207V00000X,392021687,
2021,1801849617,207V00000X,336063589,
2021,1407894330,207SC0300X,212046808,
2021,1679511539,207V00000X,325048785,
2021,1205874898,207VX0201X,212047701,
2021,1265470991,207V00000X,482012018,
2021,1184662579,207VM0101X,381194713,
2021,1942249388,207VC0200X,94598,
2021,1275572679,207VM0101X,797614529,
2021,1770521130,207VX0201X,212022102,
2021,1790724128,207V00000X,770302608,
2021,1689612210,207V00000X,080533209,
2021,1841238482,207VE0102X,640865594,
2021,1457399925,207VM0101X,787585354,
2021,1316985807,207RH0003X,018542134,
2021,1134167620,207VM0101X,980044623,
2021,1487693560,207V00000X,333232826,
2021,1871536516,207VE0102X,328044049,
2021,1649213158,207VX0201X,752462044,
2021,1629011424,207VM0101X,47630,
2021,1639112451,207VX0201X,430267752,
2021,1831132653,207VG0400X,432144313,
2021,1992748719,207VE0102X,330635755,
2021,1154364867,207VG0400X,28211,
2021,1609819424,207VX0201X,430267752,
2021,1518900133,207VX0201X,06102,
2021,1144263765,207V00000X,100656007,
2021,1891738332,207VE0102X,974016025,
2021,1063455640,207VE0102X,296054247,
2021,1134162738,207VX0201X,212022001,
2021,1497798854,207VM0101X,303083607,
2021,1255374625,207VM0101X,30308,
2021,1467495325,207VX0201X,761042154,
2021,1346283249,207V00000X,770303000,
2021,1881637783,207V00000X,21215,
2021,1376586271,2085R0001X,787011954,
2021,1831132141,207VM0101X,782584084,
2021,1407899438,207VX0201X,968132434,
2021,1083642011,207VM0101X,35233,
2021,1376571315,207VX0201X,245032030,
2021,1417985391,207VM0101X,074071842,
2021,1033147913,207VM0101X,900950001,
2021,1861420911,207VX0201X,122051612,
2021,1740218809,207VE0102X,029052401,
2021,1962430884,207V00000X,984031646,
2021,1205864071,207VM0101X,105801404,
2021,1841228442,207V00000X,191076130,
2021,1346278967,207VE0102X,945382299,
2021,1225066848,207V00000X,212870005,
2021,1801824552,207VE0102X,334343959,
2021,1235167719,207VM0101X,443041619,
2021,1609805068,207VX0201X,100217215,
2021,1427087881,207VM0101X,021111526,
2021,1255360624,207VG0400X,208154330,
2021,1730118100,207VM0101X,631418232,
2021,1629007091,207SG0201X,941173600,
2021,1932138468,207VX0201X,100217215,
2021,1184653511,207VM0101X,152133108,
2021,1336178763,207VE0102X,606371447,
2021,1023046588,207VM0101X,462602495,
2021,1710916077,207V00000X,19104,
2021,1285663567,207V00000X,173153002,
2021,1780618579,207VM0101X,076421340,
2021,1356375380,207VM0101X,770301501,
2021,1467486407,207VX0201X,940287952,
2021,1700810553,207VE0102X,079202976,
2021,1073547840,207VE0102X,079202976,
2021,1326072703,207VM0101X,146420001,
2021,1689608101,207VM0101X,797614572,
2021,1336173251,207V00000X,277100001,
2021,1083648661,207VM0101X,782293901,
2021,1669406302,207VE0102X,011991619,
2021,1265466809,207VX0201X,55455,
2021,1689608572,207VG0400X,19107,
2021,1568496453,207VE0102X,079202976,
2021,1730113630,207VE0102X,554071544,
2021,1164456067,207VC0200X,122083412,
2021,1326071309,207VE0102X,685061225,
2021,1538193156,207V00000X,189404500,
2021,1083648687,207VE0102X,900950001,
2021,1639103468,207VE0102X,079202976,
2021,1447284054,207VM0101X,27157,
2021,1467485482,207VM0101X,016052903,
2021,1275550352,207VE0102X,037561000,
2021,1578580536,207V00000X,727628704,
2021,1073530572,207VE0102X,606113907,
2021,1306864830,207VG0400X,021156110,
2021,1427075936,207V00000X,113731329,
2021,1982622437,207VM0101X,631081495,
2021,1790702280,207V00000X,113731329,
2021,1790702421,207V00000X,10021,
2021,1518984152,207V00000X,794151150,
2021,1962420463,207VM0101X,631081402,
2021,1619995131,207VX0201X,40536,
2021,1700804242,207VG0400X,350103393,
2021,1518985050,207VE0102X,021156110,
2021,1891712477,207VF0040X,974771118,
2021,1790707743,207VE0102X,605152869,
2021,1225051204,207VX0201X,366086705,
2021,1942223896,207V00000X,70112,
2021,1801819651,207VE0102X,037561000,
2021,1144243775,174400000X,076521451,
2021,1366464380,207VX0201X,232261934,
2021,1538182571,207V00000X,207352555,
2021,1922021989,207V00000X,926531204,
2021,1972526994,207VM0101X,631312324,
2021,1316960057,207VM0101X,142021102,
2021,1760404784,207VM0101X,336063603,
2021,1366465031,207VM0101X,06102,
2021,1013930635,207VM0101X,402021622,
2021,1013930486,207VM0101X,02905,
2021,1043233646,174400000X,33143,
2021,1316960289,207VE0102X,112032012,
2021,1861415606,207VM0101X,103123865,
2021,1275556011,207VM0101X,037561000,
2021,1639192297,207VX0201X,402412845,
2021,1053334532,207VX0201X,336129416,
2021,1720001266,207VE0102X,77024,
2021,1710993621,207VE0102X,770632315,
2021,1730195512,207VE0102X,024217305,
2021,1639185226,207V00000X,787051188,
2021,1821004623,207VM0101X,928431902,
2021,1740297282,207V00000X,282042968,
2021,1295741965,207V00000X,054468025,
2021,1912913658,207V00000X,799052707,
2021,1699782979,207VM0101X,037561000,
2021,1255348744,207VM0101X,921232778,
2021,1235146556,207V00000X,532263522,
2021,1396751921,207VX0201X,214017566,
2021,1700893948,207VF0040X,077312169,
2021,1912913401,207V00000X,972015128,
2021,1700893229,207VE0102X,080432601,
2021,1386651628,207VM0101X,229081923,
2021,1780690248,207VF0040X,011071270,
2021,1093722290,207VE0102X,920371300,
2021,1790798536,207VM0101X,666041301,
2021,1215940911,207VM0101X,905022047,
2021,1619980638,207VM0101X,926633523,
2021,1417960022,207VE0102X,752302505,
2021,1124031745,207VE0102X,752302505,
2021,1871506840,207V00000X,441950001,
2021,1366455362,207VM0101X,900481804,
2021,1679586218,207VE0102X,911053045,
2021,1144233487,207VM0101X,937012184,
2021,1225041510,207V00000X,481081649,
2021,1780797944,207VX0201X,152373348,
2021,1003929126,207V00000X,606112292,
2021,1801809066,207VE0102X,100166402,
2021,1639182819,207V00000X,331461501,
2021,1518970995,207V00000X,395312410,
2021,1053424242,207VG0400X,753907208,
2021,1760595953,207VX0201X,947042608,
2021,1871606087,207VG0400X,750392420,
2021,1851404073,207V00000X,40202,
2021,1790891653,207VE0102X,339073990,
2021,1104932276,207VX0201X,981012756,
2021,1245346915,207V00000X,331345722,
2021,1073620654,207VM0101X,293071058,
2021,1972610442,207VX0201X,443041437,
2021,1174630651,207VE0102X,06606,
2021,1457468050,207VM0101X,02115,
2021,1548377161,207V00000X,53226,
2021,1265549729,207VE0102X,731043252,
2021,1306958517,207VX0201X,913014233,
2021,1245332477,207VE0102X,212042316,
2021,1689776783,207VX0201X,600681270,
2021,1447352141,207VM0101X,191413030,
2021,1265534960,207VM0101X,871064374,
2021,1609978493,207VE0102X,906231732,
2021,1295837904,207VX0201X,672083003,
2021,1245332972,207VM0101X,330654042,
2021,1407958143,207VC0200X,191413018,
2021,1003918970,207VE0102X,77433,
2021,1740382332,207VM0101X,322078334,
2021,1538261029,207VF0040X,113555311,
2021,1629170162,207VE0102X,926832900,
2021,1649372061,207VE0102X,770541900,
2021,1568564821,284300000X,19111,
2021,1912004995,152W00000X,112054809,
2021,1477651099,207VX0201X,770304009,
2021,1063519445,174400000X,253023302,
2021,1033217898,207V00000X,007164717,
2021,1700983103,363LW0102X,802181200,
2021,1902903164,207VM0101X,926916410,
2021,1790882603,207VE0102X,951244113,
2021,1780781690,207VE0102X,940406201,
2021,1437257938,207VM0101X,303421606,
2021,1548367840,207VM0101X,441115612,
2021,1407947526,174400000X,061051208,
2021,1568553477,207VE0102X,926251010,
2021,1447341227,207VM0101X,06606,
2021,1518058122,207VM0101X,753907208,
2021,1659462208,207VF0040X,895096160,
2021,1336230242,207VX0201X,196112143,
2021,1801987383,207VM0101X,208506340,
2021,1447341920,207VM0101X,197132137,
2021,1801987508,207VX0201X,77030,
2021,1295826915,207VM0101X,196112143,
2021,1164513560,207VM0101X,50314,
2021,1508957903,207VM0101X,980555772,
2021,1205922416,207V00000X,85260,
2021,1285720417,207VE0102X,926832900,
2021,1902992274,207VG0400X,06708,
2021,1265528335,207VX0201X,443021704,
2021,1316033483,207V00000X,328061133,
2021,1982790226,207VE0102X,462601969,
2021,1013003078,207VE0102X,26506,
2021,1780770792,207VM0101X,30328,
2021,1861589640,207VE0102X,481081649,
2021,1740377530,207VX0201X,98405,
2021,1003902040,207VE0102X,100215663,
2021,1356437297,207VE0102X,900335310,
2021,1932295805,207VE0102X,94133,
2021,1548357395,207V00000X,481094276,
2021,1497841431,207VX0201X,770304009,
2021,1528155397,207V00000X,481095902,
2021,1780771535,207VM0101X,871062719,
2021,1902993769,207V00000X,481094276,
2021,1174610943,207V00000X,481081649,
2021,1952497968,207VE0102X,100215663,
2021,1043307838,207V00000X,481094276,
2021,1992885040,207VM0101X,928683217,
2021,1558441725,207VX0201X,652120001,
2021,1720168768,207VM0101X,110215315,
2021,1316027360,207VM0101X,902622646,
2021,1295815371,207VX0201X,92868,
2021,1083794184,261QA1903X,303288102,
2021,1578643524,207VE0102X,98104,
2021,1952491136,207V00000X,100214872,
2021,1649350612,207VE0102X,981054765,
2021,1508946500,207VM0101X,941181618,
2021,1194805002,207VM0101X,600681186,
2021,1902986979,207VX0201X,98109,
2021,1356421259,207VM0101X,841320002,
2021,1245310143,207VM0101X,841320002,
2021,1205916202,207VM0101X,981956127,
2021,1174603070,207VM0101X,841320002,
2021,1033299938,207VM0101X,770302348,
2021,1306926217,207VM0101X,841320001,
2021,1588744585,207VM0101X,110215315,
2021,1205916103,207VX0201X,98109,
2021,1205916111,207VM0101X,841320002,
2021,1740360650,207VE0102X,841320002,
2021,1629158530,207VM0101X,841320002,
2021,1063592897,207VE0102X,984311000,
2021,1912087982,207V00000X,981956460,
2021,1154401131,207VM0101X,110215315,
2021,1851471486,207V00000X,305013822,
2021,1699855205,207V00000X,04074,
2021,1629158191,207VE0102X,10022,
2021,1043390511,207VE0102X,276176008,
2021,1093895575,207VM0101X,10461,
2021,1720168206,207VE0102X,10530,
2021,1972683225,207VM0101X,77026,
2021,1427138080,207V00000X,933097032,
2021,1326128885,207VX0201X,10461,
2021,1134209695,207V00000X,061051770,
2021,1093895567,207VX0201X,10461,
2021,1598845067,207VM0101X,10461,
2021,1912087495,207VF0040X,10467,
2021,1376623850,207VM0101X,10461,
2021,1083794507,207VM0101X,857122805,
2021,1861579716,207VE0102X,950510000,
2021,1962589812,207VM0101X,950515173,
2021,1508942715,207VM0101X,701122600,
2021,1598841637,207VM0101X,191044319,
2021,1861578833,207V00000X,921038433,
2021,1518043512,207VM0101X,492011847,
2021,1851478788,207VX0201X,950515173,
2021,1184701021,207VX0201X,950515173,
2021,1730265919,225X00000X,333232843,
2021,1093891152,207VE0102X,921232778,
2021,1598842429,207VE0102X,950515329,
2021,1437235645,207VF0040X,476308940,
2021,1447336664,207VE0102X,750392743,
2021,1356427579,207VE0102X,75063,
2021,1396814174,207VE0102X,061062528,
2021,1033288758,207VE0102X,068511080,
2021,1518036482,207VE0102X,212870005,
2021,1083783823,207V00000X,834023344,
2021,1922177435,207VE0102X,98034,
2021,1003985805,207VE0102X,060322568,
2021,1659440485,207VE0102X,060322568,
2021,1194894956,207VE0102X,060322568,
2021,1124197900,207VE0102X,00873,
2021,1619046257,207VX0201X,537920001,
2021,1336218973,207VM0101X,152133108,
2021,1790855716,207VE0102X,765080001,
2021,1306916580,207V00000X,32216,
2021,1730259805,2471C3402X,871091292,
2021,1821168964,207VX0201X,11030,
2021,1356411375,207VM0101X,115014064,
2021,1821168998,2471S1302X,87109,
2021,1316017346,207V00000X,913601848,
2021,1285704213,207VM0101X,852582867,
2021,1437229333,207VE0102X,949391137,
2021,1629148408,207V00000X,989429337,
2021,1164592382,207VX0201X,97225,
2021,1013087287,207VE0102X,314056007,
2021,1700956984,207VE0102X,314056007,
2021,1255408209,207VE0102X,117473193,
2021,1972679322,207VM0101X,760513580,
2021,1750458261,207VE0102X,303383064,
2021,1922175462,207VE0102X,352096899,
2021,1518034008,174400000X,220312238,
2021,1801963277,207V00000X,900243906,
2021,1619044088,207V00000X,482023046,
2021,1336216704,207V00000X,32955,
2021,1063589471,207VE0102X,352096899,
2021,1477620490,207VX0201X,900276021,
2021,1578630497,207VM0101X,314046200,
2021,1982771887,207VE0102X,921202507,
2021,1366519167,207VF0040X,331434828,
2021,1760559777,207VX0201X,314046220,
2021,1194892018,207VE0102X,907062246,
2021,1538236229,207VM0101X,832454904,
2021,1326115247,207V00000X,907062246,
2021,1780751602,207VE0102X,314046200,
2021,1255408191,207V00000X,907062246,
2021,1700947256,207VE0102X,200365803,
2021,1558422741,207VX0201X,29910,
2021,1124189600,207VM0101X,275990001,
2021,1922169408,207VE0102X,200365803,
2021,1871654806,207VE0102X,100191412,
2021,1558422683,207VX0201X,984054210,
2021,1720149784,207VE0102X,100165459,
2021,1477614436,207VE0102X,100191412,
2021,1982765723,207VM0101X,197134236,
2021,1790846699,207VE0102X,100191412,
2021,1134280076,207VX0201X,208890001,
2021,1578624466,207VE0102X,100191412,
2021,1114088085,207VE0102X,100191412,
2021,1902967771,207V00000X,237082111,
2021,1548321375,207VM0101X,100166402,
2021,1053472027,207VE0102X,48092,
2021,1205997277,207VM0101X,891485506,
2021,1720144918,207VE0102X,920371224,
2021,1336205582,207VE0102X,011991001,
2021,1285790337,207V00000X,631101032,
2021,1871650929,207VE0102X,208506352,
2021,1609926294,207VM0101X,285466822,
2021,1861542664,207VM0101X,606162315,
2021,1851442396,207V00000X,770301608,
2021,1821149238,207VG0400X,600855701,
2021,1962553479,207VX0201X,122081742,
2021,1144371378,207VM0101X,968143801,
2021,1083765226,207VM0101X,77030,
2021,1275689309,207V00000X,303421626,
2021,1841346756,207VX0201X,840967015,
2021,1982750584,207VX0201X,802055437,
2021,1235285842,207VM0101X,981042420,
2021,1417003047,207VE0102X,170113707,
2021,1922154376,207V00000X,009204743,
2021,1942356795,207VX0201X,921038201,
2021,1912053760,207VX0201X,379341983,
2021,1538215371,207VE0102X,142282783,
2021,1922154798,207N00000X,943061009,
2021,1689720963,207VM0101X,194681415,
2021,1548308448,207V00000X,481095000,
2021,1508904475,207VM0101X,337014815,
2021,1013055813,207VX0201X,782293822,
2021,1255479945,207VM0101X,800452545,
2021,1023156627,207VE0102X,100164804,
2021,1942349345,207VX0201X,465142477,
2021,1245379510,207V00000X,943052200,
2021,1063551174,207VE0102X,837027307,
2021,1508909805,207V00000X,113661255,
2021,1871636928,207VX0201X,913421437,
2021,1851434088,207VM0101X,323084647,
2021,1548303647,207RH0003X,551022393,
2021,1457494551,207RH0003X,551022393,
2021,1699818658,207VX0201X,631225561,
2021,1649314584,207VE0102X,553697073,
2021,1639213580,207VM0101X,809095533,
2021,1093859753,207VX0201X,016052903,
2021,1710021498,207VM0101X,191044319,
2021,1922142629,207VM0101X,802183666,
2021,1952431355,207VE0102X,076041815,
2021,1326178765,207VX0201X,334448193,
2021,1750411237,207VX0201X,336346310,
2021,1710017017,207VE0102X,197132072,
2021,1124158647,207VM0101X,975048332,
2021,1306976394,207VE0102X,12205,
2021,1205950003,207VX0201X,040749692,
2021,1598889099,207V00000X,800452541,
2021,1790809010,207VF0040X,441061716,
2021,1588784193,207VX0201X,77030,
2021,1306966189,207VM0101X,402234193,
2021,1437278439,207VE0102X,110303816,
2021,1346360161,207VX0201X,100198022,
2021,1194844019,207VG0400X,606112927,
2021,1245359165,207V00000X,481971142,
2021,1710007570,207VM0101X,336063603,
2021,1013036839,207VM0101X,48201,
2021,1396865697,207VE0102X,78258,
2021,1619192911,207VG0400X,104612374,
2021,1114141561,207VE0102X,902104226,
2021,1619195922,207VX0201X,631171818,
2021,1962620286,207VE0102X,11355,
2021,1316165608,207VM0101X,770691125,
2021,1609094093,208000000X,770704311,
2021,1194943324,207VE0102X,956889430,
2021,1013135599,207VG0400X,215023765,
2021,1720206063,207VE0102X,631171818,
2021,1285852293,207VM0101X,352331900,
2021,1558575647,207VM0101X,100654870,
2021,1427262401,207VE0102X,97205,
2021,1609081140,207VE0102X,900174005,
2021,1831303320,207VM0101X,080434501,
2021,1316152861,207VE0102X,079202976,
2021,1609080233,207VF0040X,054463052,
2021,1497965081,207VM0101X,857122805,
2021,1568672160,207V00000X,605046193,
2021,1053521500,207VE0102X,079202976,
2021,1114137668,207VM0101X,522421009,
2021,1598975336,207VX0201X,604532199,
2021,1609086099,207VE0102X,080439542,
2021,1558571950,207VE0102X,535621774,
2021,1689884462,207V00000X,761042158,
2021,1760692198,207V00000X,981338414,
2021,1801006242,207V00000X,52242,
2021,1881804235,207VM0101X,522421009,
2021,1477763829,207Q00000X,917632328,
2021,1487864880,207VF0040X,122083513,
2021,1326258740,207V00000X,466011171,
2021,1932319209,207VE0102X,752314339,
2021,1255541520,225100000X,852151134,
2021,1992915623,207V00000X,454335529,
2021,1821208513,207VH0002X,441091900,
2021,1114121050,207VM0101X,232261926,
2021,1700080785,207VX0201X,972393011,
2021,1508060435,207VM0101X,722057101,
2021,1023212180,207VE0102X,27265,
2021,1477757250,207VX0201X,105322140,
2021,1811191604,207VX0201X,071032425,
2021,1699979252,207VM0101X,331362137,
2021,1013111608,207V00000X,90033,
2021,1174727770,207V00000X,774794308,
2021,1821292582,261QA0006X,801245331,
2021,1548464183,207VM0101X,981950001,
2021,1477757052,207VM0101X,303421608,
2021,1700080397,207V00000X,606124795,
2021,1891999454,207VM0101X,770302351,
2021,1659575256,207V00000X,300601132,
2021,1205031887,207VM0101X,936368761,
2021,1710182126,207VE0102X,100166402,
2021,1417152984,207V00000X,100191100,
2021,1700081247,207PE0004X,708175100,
2021,1497950836,207VE0102X,75204,
2021,1588869994,207VX0201X,212011544,
2021,1790980142,207V00000X,339057809,
2021,1457550154,207VE0102X,29464,
2021,1417156118,207VM0101X,934548904,
2021,1285833863,207VX0201X,366041407,
2021,1992904650,207V00000X,061025037,
2021,1710186473,207VE0102X,381202363,
2021,1134328495,207VF0040X,330213567,
2021,1740489012,207VM0101X,995085392,
2021,1538368899,207VM0101X,787011943,
2021,1801095195,207VM0101X,802055503,
2021,1629277728,207VM0101X,061025037,
2021,1689873929,208800000X,23235,
2021,1114126364,207VX0201X,616052576,
2021,1386836401,207V00000X,257014114,
2021,1669664744,207VX0201X,532272409,
2021,1720270846,207VM0101X,100323720,
2021,1477745503,207VE0102X,100221688,
2021,1528250503,207VM0101X,076753123,
2021,1912199878,207VM0101X,328061014,
2021,1730371600,207VM0101X,435588591,
2021,1699967380,207VM0101X,187044968,
2021,1306038096,207VX0201X,958165616,
2021,1124210802,207VM0101X,441951716,
2021,1972795573,207VX0201X,931055316,
2021,1417149022,207V00000X,941432350,
2021,1760674329,207V00000X,984054930,
2021,1679761852,207VM0101X,349944914,
2021,1588853667,207V00000X,532272468,
2021,1487843520,207VF0040X,336063603,
2021,1255520326,207VM0101X,761042158,
2021,1902095086,207VF0040X,132030000,
2021,1194914184,207V00000X,232294933,
2021,1558550541,207V00000X,011071112,
2021,1437348422,207VF0040X,335422569,
2021,1871782748,207VM0101X,336063603,
2021,1932398831,207VE0102X,309012607,
2021,1891984670,207VF0040X,906503802,
2021,1891984597,207VM0101X,405091805,
2021,1922289545,207VE0102X,125241516,
2021,1790966208,207VE0102X,07724,
2021,1053599563,207V00000X,775551022,
2021,1316125982,207VF0040X,17403,
2021,1366620916,207VX0201X,770541934,
2021,1104004688,207VE0102X,328258232,
2021,1184802530,207VE0102X,928403304,
2021,1083892376,207VM0101X,191044319,
2021,1720256936,207VM0101X,599013129,
2021,1003084286,207VM0101X,495032515,
2021,1902078637,207VE0102X,152375928,
2021,1851563571,207V00000X,618012529,
2021,1265605901,207VE0102X,837127792,
2021,1881867588,207V00000X,481095000,
2021,1659544294,207VE0102X,750344274,
2021,1164699807,207V00000X,303421606,
2021,1770750598,207VX0201X,212046831,
2021,1114194933,207V00000X,100191412,
2021,1437326105,207VX0201X,027195208,
2021,1144497728,207VG0400X,980036208,
2021,1740457209,207VX0201X,271033019,
2021,1972770410,207VE0102X,700025031,
2021,1962679241,207VF0040X,392164500,
2021,1770750226,207VE0102X,011991001,
2021,1952578486,363LF0000X,185102025,
2021,1104093640,207V00000X,463211574,
2021,1619144151,207V00000X,926633500,
2021,1972770303,207RH0003X,787453325,
2021,1912174343,207RH0003X,775914048,
2021,1194992537,207RH0003X,777021449,
2021,1003083445,207RH0003X,752462003,
2021,1912174350,207RH0003X,775840100,
2021,1558538751,207VF0040X,229032981,
2021,1235306457,207VX0201X,191045127,
2021,1952578114,207V00000X,800452545,
2021,1972770105,207VG0400X,770542935,
2021,1841457975,207VX0201X,600073378,
2021,1639339237,207VM0101X,04102,
2021,1164683595,207VX0201X,365269594,
2021,1477714863,207VM0101X,857122805,
2021,1902067275,207VE0102X,770242585,
2021,1639330905,390200000X,352491900,
2021,1154582443,207VE0102X,846042804,
2021,1184885576,207V00000X,016052726,
2021,1336300300,2088F0040X,410712570,
2021,1629239694,207VX0201X,441950001,
2021,1528229507,207V00000X,958172307,
2021,1578719167,207VX0201X,331762118,
2021,1083860753,207V00000X,98104,
2021,1710133046,207V00000X,559050001,
2021,1265689459,207VX0201X,330161897,
2021,1689821902,207VE0102X,374211983,
2021,1972750099,207VM0101X,701156914,
2021,1669629663,207VM0101X,101281233,
2021,1396992400,207VF0040X,181033691,
2021,1477705168,207V00000X,981338401,
2021,1639321284,207VF0040X,853409428,
2021,1174775670,207VM0101X,900276061,
2021,1255583829,207VE0102X,079202976,
2021,1588816086,207V00000X,921234223,
2021,1972755445,207V00000X,104662604,
2021,1558513853,207V00000X,100221009,
2021,1982856175,207VX0201X,331361002,
2021,1760627780,207VM0101X,442819504,
2021,1427293125,207VF0040X,900153070,
2021,1821233529,207VM0101X,371675688,
2021,1922243674,207VM0101X,296073405,
2021,1861633802,207VM0101X,750718124,
2021,1033350947,390200000X,212011734,
2021,1770724676,207VM0101X,379201500,
2021,1316189152,207VE0102X,802181216,
2021,1295977932,207VX0201X,926831491,
2021,1073755757,207V00000X,55407,
2021,1114169810,207V00000X,77030,
2021,1790927465,207VX0201X,076664245,
2021,1336374768,207V00000X,52242,
2021,1336375534,207VM0101X,115014064,
2021,1104052125,390200000X,450692509,
2021,1982830899,207VE0102X,920371223,
2021,1053542506,207VE0102X,80220,
2021,1003047515,207V00000X,782293931,
2021,1861623357,207VE0102X,152375928,
2021,1053542563,207VM0101X,072023674,
2021,1275764748,207V00000X,554222326,
2021,1154552339,207VM0101X,070364040,
2021,1396976437,207VE0102X,553697073,
2021,1649401688,207VE0102X,553697073,
2021,1952636094,207VX0201X,330734365,
2021,1699000695,207VG0400X,328062002,
2021,1407181415,207VM0101X,100166700,
2021,1750610903,207VM0101X,605061449,
2021,1790014827,207VG0400X,212373900,
2021,1841520731,207V00000X,992042307,
2021,1164752804,207VM0101X,070476217,
2021,1962727958,207V00000X,22315,
2021,1033434170,207V00000X,235071914,
2021,1750606638,207VX0201X,770304000,
2021,1073838926,207VM0101X,235071914,
2021,1770808537,207VM0101X,27705,
2021,1306161112,207VF0040X,750612299,
2021,1497070239,207V00000X,672263007,
2021,1366767907,207VM0101X,03110,
2021,1508181140,207VF0040X,606371443,
2021,1043535693,390200000X,402021622,
2021,1568787133,207VE0102X,112421127,
2021,1396061826,207V00000X,761042133,
2021,1245551845,207V00000X,972256663,
2021,1205157955,207VE0102X,940854701,
2021,1629399290,207VM0101X,069023602,
2021,1487975918,207VF0040X,522421009,
2021,1184945578,207VX0201X,101280122,
2021,1174844484,207VX0201X,08043,
2021,1265753511,207V00000X,272158700,
2021,1609197888,207VF0040X,441950001,
2021,1629389754,207VE0102X,443041496,
2021,1255645172,207VM0101X,945982998,
2021,1063726891,282N00000X,04102,
2021,1396059093,207VE0102X,392329530,
2021,1184938896,207VX0201X,100659308,
2021,1942514542,282N00000X,04102,
2021,1851605455,282N00000X,04074,
2021,1740595313,207V00000X,900484170,
2021,1619286465,207VX0201X,77058,
2021,1205139284,207VF0040X,112032012,
2021,1427347541,207VE0102X,271035661,
2021,1770872822,207VE0102X,770541920,
2021,1235428129,207VE0102X,104611900,
2021,1790074573,207VE0102X,968261001,
2021,1669761342,390200000X,200103017,
2021,1043509730,207VM0101X,837026135,
2021,1740579390,207VX0201X,31201,
2021,1003109810,207VM0101X,43214,
2021,1952694747,207V00000X,174035049,
2021,1972896694,207V00000X,33410,
2021,1205129905,207V00000X,068802157,
2021,1710271341,207V00000X,601533328,
2021,1891089298,207VM0101X,950515173,
2021,1417241902,207VM0101X,672182900,
2021,1316231608,207PE0004X,327638276,
2021,1013201409,207VX0201X,152133108,
2021,1992099220,207VE0102X,84105,
2021,1154619500,207V00000X,077534488,
2021,1902194269,207VX0201X,606371443,
2021,1295023521,207VF0040X,083606915,
2021,1639457831,207VM0101X,100323720,
2021,1992088926,390200000X,941051537,
2021,1679857411,207VX0201X,463111705,
2021,1669756318,207VE0102X,110422061,
2021,1144597881,363LW0102X,339073990,
2021,1255608790,207V00000X,809232607,
2021,1902170848,207R00000X,604062428,
2021,1043584956,207VE0102X,90048,
2021,1881968709,207VF0040X,283454566,
2021,1609140524,207VM0101X,943052200,
2021,1679847396,207VX0201X,088652748,
2021,1346514007,207VM0101X,220332917,
2021,1407114630,207VX0201X,065103220,
2021,1922366061,390200000X,402021837,
2021,1972861078,207VM0101X,480255439,
2021,1235497074,207VE0102X,220314631,
2021,1538427406,207V00000X,180151153,
2021,1669730453,390200000X,312017500,
2021,1164780979,207VM0101X,199043488,
2021,1639437205,207V00000X,352491900,
2021,1518220847,2085R0203X,331722624,
2021,1598028755,207V00000X,029105348,
2021,1457614679,207V00000X,077534488,
2021,1649533894,207V00000X,212870005,
2021,1134482268,207V00000X,48084,
2021,1164786166,207VX0000X,631171858,
2021,1508113689,207VM0101X,284036011,
2021,1952658007,207VE0102X,276178743,
2021,1427305358,207V00000X,770541920,
2021,1760739510,207VM0101X,57105,
2021,1619225174,207VM0101X,606575105,
2021,1679825996,207VX0201X,288062246,
2021,1245577048,207VF0040X,313295244,
2021,1467790055,207VF0040X,280252982,
2021,1043558471,207VM0101X,070402905,
2021,1063755163,207VE0102X,221924163,
2021,1679816607,207VE0102X,559050001,
2021,1548503691,207VF0040X,336136600,
2021,1730422742,207V00000X,60153,
2021,1881937829,207RH0000X,334102823,
2021,1417290339,207VF0040X,432212800,
2021,1265775209,207RH0000X,334614746,
2021,1619210689,207RH0000X,334149325,
2021,1053654020,207RH0000X,334013406,
2021,1528301348,207VE0102X,100221694,
2021,1508109372,207VE0102X,212042685,
2021,1538402003,207VM0101X,975048179,
2021,1174866743,207VM0101X,852064629,
2021,1134462542,207VF0040X,662141652,
2021,1396181046,207VE0102X,212024387,
2021,1831535558,207VX0201X,554264702,
2021,1437596996,207VM0101X,972393011,
2021,1710328810,207V00000X,860041816,
2021,1831530906,207VM0101X,370438946,
2021,1760824833,207VX0201X,95746,
2021,1336577097,207RH0003X,018901328,
2021,1578991212,207V00000X,324054590,
2021,1538597273,207V00000X,326054381,
2021,1316361686,2086X0206X,391106929,
2021,1891119046,207VM0101X,943052200,
2021,1356765556,207VM0101X,81501,
2021,1609290592,207VE0102X,752302571,
2021,1396169280,207VE0102X,616145098,
2021,1427472307,207VE0102X,891181895,
2021,1598189490,207VE0102X,100162223,
2021,1275957169,207VE0102X,631416825,
2021,1124442025,207VE0102X,105772113,
2021,1538583422,207VE0102X,088021365,
2021,1881018596,207VX0201X,295793589,
2021,1578982880,390200000X,951244100,
2021,1851710081,390200000X,021111552,
2021,1568881753,207VF0040X,731045417,
2021,1134548399,207VM0101X,787011907,
2021,1043630130,207VM0101X,432143908,
2021,1386063493,207VM0101X,631081495,
2021,1518387646,207V00000X,761042133,
2021,1184044182,207VF0040X,921233357,
2021,1255751210,390200000X,606112908,
2021,1235559048,207V00000X,992012217,
2021,1982016689,207VE0102X,054465996,
2021,1518379171,390200000X,958172307,
2021,1902219256,207VE0102X,852064676,
2021,1013325125,207VE0102X,208524219,
2021,1578972352,207VE0102X,797615100,
2021,1639572589,207VF0040X,115014064,
2021,1689077539,207RX0202X,272885019,
2021,1285031492,207VM0101X,115661208,
2021,1336546480,207VM0101X,294145733,
2021,1700284882,133V00000X,442033017,
2021,1548668619,207VF0040X,442364344,
2021,1104224138,207VM0101X,605213829,
2021,1073911657,207VX0201X,900153070,
2021,1497147888,207VM0101X,799382639,
2021,1609268960,207VF0040X,770028233,
2021,1073905998,207VE0102X,559050001,
2021,1942692777,207V00000X,92324,
2021,1073990032,207VX0201X,342393605,
2021,1053798710,207VM0101X,599013135,
2021,1417334178,207VX0201X,392021689,
2021,1558748129,390200000X,076664312,
2021,1316324973,207VM0101X,898012728,
2021,1669854816,207VM0101X,494182679,
2021,1295117299,2080P0006X,925061717,
2021,1891177804,207VE0102X,782584767,
2021,1871976654,390200000X,352492401,
2021,1598148223,207VX0201X,85377,
2021,1851774574,207VM0101X,926634248,
2021,1649653247,207VE0102X,800452545,
2021,1285094102,207VF0040X,660442215,
2021,1881055523,207VM0101X,220423307,
2021,1447611132,207VG0400X,300932711,
2021,1639530116,207V00000X,443201178,
2021,1295189470,207VX0201X,900958358,
2021,1477901460,207VE0102X,191045502,
2021,1528511318,207VF0040X,113751021,
2021,1497205397,207VE0102X,785043968,
2021,1083153365,207VX0201X,322587418,
2021,1417496738,207VX0000X,908073418,
2021,1366975369,390200000X,352331900,
2021,1801319033,207VM0101X,432101240,
2021,1053834226,163WW0101X,935351916,
2021,1457870768,207VE0102X,799025002,
2021,1952810129,207VM0101X,631418265,
2021,1669981619,207VX0201X,12601,
2021,1154830180,207VE0102X,94904,
2021,1851804819,207VE0102X,926065034,
2021,1528571320,207RI0011X,314046220,
2021,1033622725,207VX0201X,379201552,
2021,1356844732,207VF0040X,146174123,
2021,1013410497,207VE0102X,336093804,
2021,1417450644,207VE0102X,068306877,
2021,1124521331,2085U0001X,912064092,
2021,1174016844,207VF0040X,330094835,
2021,1609369065,207SG0201X,00909,
2021,1518445212,207VM0101X,871065205,
2021,1275009706,207T00000X,770907118,
2021,1356813844,207V00000X,284053685,
2021,1770055238,207VF0040X,232294946,
2021,1346712759,207VF0040X,018016389,
2021,1942767678,207VE0102X,920371208,
2021,1750948469,207V00000X,176012644,
2021,1013574722,207VM0101X,366041541,
2021,1871150508,207RH0000X,366041405,
2021,1942868500,207VG0400X,220331764,
2021,1598317091,207VE0102X,100222049,
2021,1801443197,207VX0201X,809232623,
2021,1043852601,207VE0102X,379342806,
2021,1386286979,207VM0101X,956303832,
2021,1174154421,207VF0040X,317686771,
2021,1902432529,207VX0201X,926633500,
2021,1396361689,207VE0102X,891181896,
2021,1710504766,207VM0101X,802183669,
2021,1477170421,207VM0101X,800336040,
2021,1649897604,207VM0101X,806014004,
2021,1083225882,207VX0201X,801245536,
2021,1336754449,207VX0201X,10065,
2021,1285249268,207VM0101X,121800806,
2021,1114533171,207RE0101X,960011240,
2021,1437750874,207VM0101X,940622949,
2021,1891390084,207V00000X,303052214,
2021,1063003697,207VX0201X,335446328,
2021,1790366110,207VM0101X,805013129,
2021,1114592029,207V00000X,331434860,
2021,1457926032,207VM0101X,339526750,
2021,1457926024,207VM0101X,339901763,
2021,1821663261,207VM0101X,329013224,
2021,1689249047,207VM0101X,342335061,
2021,1285200642,207VM0101X,337594255,
2021,1336718584,207VM0101X,339083618,
2021,1811566037,207VM0101X,336134652,
2021,1871162099,2080P0202X,331334253,
2021,1518536747,207VM0101X,330161582,
2021,1427627652,207V00000X,333162510,
2021,1275102444,207VM0101X,334862304,
2021,1093384299,207VM0101X,322078202,
2021,1164091328,207V00000X,320734451,
2021,1760051049,207VM0101X,705086949,
2021,1639748817,207VM0101X,322161431,
2021,1740859974,207VM0101X,335789498,
2021,1568031797,207VM0101X,322585234,
2021,1790354595,207VX0000X,701123018,
2021,1417527227,207VM0101X,331695521,
2021,1598438962,207VX0000X,330605916,
2021,1669146692,207VE0102X,926183171,
2021,1376217182,207VE0102X,010204031,
2021,1801565890,207VX0201X,328032948,
2021,1437829355,207VM0101X,801132776,
2021,1023772035,207VM0101X,32832,
2021,1528722501,207VM0101X,720344984,
2021,1114686862,207VE0102X,917653950,
2021,1083373799,207VE0102X,922625747,
2021,1104585876,207VM0101X,331758103,
2021,1861495616,207VM0101X,271574220,275144220
2021,1740283688,207V00000X,376207352,376208772
2021,1912906702,207VM0101X,334143183,334102911
2021,1649279969,207VM0101X,708175100,705086902
2021,1144212424,207V00000X,641115929,641113220
2021,1700879699,207QA0401X,285014933,27889
2021,1982692984,207VM0101X,787051006,787593550
2021,1750363255,207VM0101X,850311237,853087142
2021,1609858224,207VM0101X,972393011,936116886
2021,1508845231,207V00000X,543033377,543114240
2021,1780656629,207V00000X,891916600,89102
2021,1669444295,207VM0101X,75701,765080001
2021,1356313936,207VM0101X,815014536,191405103
2021,1447222088,207V00000X,209025020,214017992
2021,1871565416,207VM0101X,936368761,946115641
2021,1174590152,207VM0101X,319011525,462561714
2021,1083682876,207VG0400X,543013504,543013505
2021,1639147432,207VM0101X,229032824,293033098
2021,1477521110,207V00000X,220423307,220463514
2021,1487622239,207V00000X,160014651,92405
2021,1912968843,207VM0101X,711183175,37403
2021,1619938347,207V00000X,372320001,372043609
2021,1598723454,207VM0101X,121800800,599013128
2021,1457319170,207VM0101X,305013834,305175600
2021,1497713846,207VM0101X,921039000,922703221
2021,1780642223,207VM0101X,271034014,27103
2021,1154372068,207VX0201X,606112914,522421009
2021,1700837432,207VX0201X,115811233,102792704
2021,1629020292,207VF0040X,77030,770302761
2021,1215989751,207V00000X,531427884,544495703
2021,1477509263,207V00000X,271032508,296054247
2021,1639125289,207VM0101X,212273553,208503348
2021,1184670408,207VX0201X,91206,190133902
2021,1497701866,207VE0102X,02451,132141847
2021,1598705444,174400000X,326108761,936368761
2021,1073559027,207VM0101X,46256,462601972
2021,1851337851,207VF0040X,170157027,170509401
2021,1700816311,207VX0201X,554264702,55455
2021,1255361739,207SG0201X,89102,722239349
2021,1992735534,207VX0201X,543013528,543013404
2021,1083630750,207VX0201X,402021840,402023700
2021,1477574846,207VM0101X,94109,946091710
2021,1053332296,207VF0040X,481952487,480831603
2021,1033130299,207V00000X,972393011,986632223
2021,1588685507,207VM0101X,708175100,706057170
2021,1346255833,207VF0040X,972256634,972132983
2021,1427063932,207V00000X,972393011,986643200
2021,1699780106,207V00000X,18015,972399723
2021,1366451478,207VG0400X,301413756,303220001
2021,1326058991,207VM0101X,946091710,940103226
2021,1962412668,207VX0201X,799052707,799113602
2021,1407866296,207VM0101X,37604,376432848
2021,1356456438,207VX0201X,462025116,731045417
2021,1831205277,207VG0400X,294250001,294011113
2021,1710096755,207VM0101X,66211,641082640
2021,1366546731,207VM0101X,782293326,782553344
2021,1831299767,207VM0101X,334106296,349527563
2021,1861592339,207VX0201X,232351979,232354730
2021,1174618771,207VM0101X,786651032,765080001
2021,1801982368,207VM0101X,800452545,805013129
2021,1043300114,207VF0040X,927084092,927084055
2021,1881783231,207VX0201X,23188,80923
2021,1184707572,207V00000X,559050001,547035222
2021,1700964566,207VM0101X,94109,941181618
2021,1629130950,207VE0102X,775555302,891021963
2021,1023165313,207V00000X,245921630,402025700
2021,1356487854,207VM0101X,197132127,197134236
2021,1740326115,207VM0101X,857122805,857041139
2021,1083751184,207V00000X,105322170,100323729
2021,1003958539,207V00000X,537920001,537151830
2021,1407998164,207VF0040X,94109,946093422
2021,1831230655,207VF0040X,641082727,640642361
2021,1518093673,207VF0040X,300054493,300053707
2021,1477689511,207VX0201X,852556594,852606746
2021,1316073448,207VX0000X,55107,554044514
2021,1104952134,207VM0101X,181036122,185101724
2021,1548396492,207VX0201X,46260,462602081
2021,1982725396,207VM0101X,871062719,871095566
2021,1114048329,207V00000X,060308036,061051208
2021,1538371679,207VF0040X,90404,900953075
2021,1740402007,207VM0101X,852584569,274012018
2021,1801018023,207V00000X,652018105,037561000
2021,1518189885,390200000X,285014932,782344504
2021,1144421009,207VX0201X,465264810,802183671
2021,1346441144,207VX0201X,910073471,935344079
2021,1700077997,207VM0101X,282042963,280252982
2021,1598956591,207VM0101X,787585653,765085653
2021,1558558452,207VE0102X,100221009,105302319
2021,1316122476,207VM0101X,631418265,065191304
2021,1861663056,390200000X,265050710,984311000
2021,1316111578,207VM0101X,641082640,631171811
2021,1639343619,207VX0201X,480753707,482022608
2021,1669647525,207VM0101X,016052903,021155724
2021,1649445388,207VM0101X,181036202,185101724
2021,1073788634,207VX0201X,708175128,322566932
2021,1730347154,207VX0201X,958165616,503143026
2021,1326207572,207VX0000X,554265000,52242
2021,1134383128,207V00000X,291694716,522421009
2021,1578711636,207V00000X,480753712,48912
2021,1679728802,207VM0101X,334106296,334612175
2021,1386878130,207VE0102X,100193240,117972031
2021,1578791190,207VM0101X,765445095,782344504
2021,1538397112,207V00000X,275144220,271574220
2021,1053549048,207VM0101X,946091710,940103226
2021,1285963843,207V00000X,115014240,958194132
2021,1265759807,207VX0201X,928685900,926533672
2021,1831416403,207VE0102X,029034817,077244263
2021,1083927131,207V00000X,801245425,802055437
2021,1679886402,207V00000X,080439612,405361962
2021,1134432867,207VM0101X,75034,112202508
2021,1346530151,207VF0040X,100384831,328045505
2021,1700176567,207VX0201X,837126267,35233
2021,1235429861,207VE0102X,94538,606113907
2021,1356631998,207VG0400X,066115387,068246017
2021,1215227749,207VE0102X,850186218,852534082
2021,1225328636,207V00000X,786651032,701122272
2021,1861789554,207V00000X,288062343,200103017
2021,1861789315,207VX0201X,73104,436063834
2021,1942581616,207V00000X,191153212,189541527
2021,1770865305,207VF0040X,92868,943052200
2021,1174895882,207V00000X,55905,109502923
2021,1134494305,207V00000X,926601534,92618
2021,1245505478,207VM0101X,335115779,337014619
2021,1356602080,207V00000X,73104,731045036
2021,1013278613,207VM0101X,731208300,731124414
2021,1972858678,207V00000X,945892441,972393011
2021,1023368370,390200000X,06030,104672401
2021,1669711990,390200000X,275997516,275144220
2021,1114266343,207VE0102X,21093,63110
2021,1750725230,207VM0101X,441061714,432101240
2021,1922442342,207V00000X,352331802,352491900
2021,1235574401,207VX0201X,658075292,435602193
2021,1669817854,390200000X,06510,06610
2021,1184064040,207VF0040X,55905,309120004
2021,1306286158,207V00000X,85259,48912
2021,1063824407,207V00000X,060308085,212870010
2021,1477965218,207V00000X,852046683,853064685
2021,1861894982,207VM0101X,085272156,088613396
2021,1083011795,390200000X,554151623,114321121
2021,1417335415,207VE0102X,060322568,060308082
2021,1316325244,390200000X,441950001,037561000
2021,1962864298,207VX0201X,331361005,322245628
2021,1386094464,390200000X,480341753,482362197
2021,1306387667,207V00000X,841322209,275991631
2021,1043751357,207VG0400X,443332670,445125980
2021,1306372800,207VF0040X,921039000,191044238
2021,1255840674,207VE0102X,352092647,352096823
2021,1508375825,207VE0102X,352092647,352096823
2021,1225502826,207VE0102X,253022344,253022344
2021,1891355863,261QH0100X,941049410,904049410
2021,1639728751,207VE0102X,193179041,165071502
2021,1538704119,207VE0102X,902104226,931012526
2021,1659995348,207VE0102X,604532659,605213765
2021,1609479054,207VE0102X,068802157,100222049
2021,1902490766,207V00000X,170251233,170509401
2021,1649279969,207VM0101X,708175100,708154114
2021,1700879699,207QA0401X,285014933,285014932
2021,1508845231,207V00000X,543033377,541433834
2021,1669444295,207VM0101X,75701,984311100
2021,1083682876,207VG0400X,543013504,554044526
2021,1477521110,207V00000X,220423307,201765177
2021,1487622239,207V00000X,160014651,151024200
2021,1457319170,207VM0101X,305013834,305013715
2021,1780642223,207VM0101X,271034014,740558329
2021,1629020292,207VF0040X,77030,770302761
2021,1497701866,207VE0102X,02451,132101688
2021,1598705444,174400000X,326108761,372031502
2021,1073559027,207VM0101X,46256,462601972
2021,1851337851,207VF0040X,170157027,170031643
2021,1992735534,207VX0201X,543013528,543013505
2021,1477574846,207VM0101X,94109,941095455
2021,1053332296,207VF0040X,481952487,481924650
2021,1033130299,207V00000X,972393011,986641965
2021,1588685507,207VM0101X,708175100,708154103
2021,1427063932,207V00000X,972393011,986641965
2021,1326058991,207VM0101X,946091710,954044813
2021,1407866296,207VM0101X,37604,152133108
2021,1831299767,207VM0101X,334106296,334612175
2021,1881783231,207VX0201X,23188,236024460
2021,1700964566,207VM0101X,94109,946091710
2021,1083751184,207V00000X,105322170,100323729
2021,1407998164,207VF0040X,94109,945633304
2021,1316073448,207VX0000X,55107,554044514
2021,1538371679,207VF0040X,90404,900953075
2021,1740402007,207VM0101X,852584569,852064629
2021,1346441144,207VX0201X,910073471,910103012
2021,1700077997,207VM0101X,282042963,282108413
2021,1073788634,207VX0201X,708175128,320034326
2021,1386878130,207VE0102X,100193240,060306227
2021,1053549048,207VM0101X,946091710,941104422
2021,1285963843,207V00000X,115014240,191064000
2021,1265759807,207VX0201X,928685900,928684304
2021,1831416403,207VE0102X,029034817,087555059
2021,1679886402,207V00000X,080439612,402021831
2021,1013278613,207VM0101X,731208300,730696665
2021,1023368370,390200000X,06030,104672401
2021,1235574401,207VX0201X,658075292,631101032
2021,1306286158,207V00000X,85259,48912
2021,1477965218,207V00000X,852046683,850062612
2021,1861894982,207VM0101X,085272156,088731900
2021,1306387667,207V00000X,841322209,275991631
2021,1225502826,207VE0102X,253022344,25302
2021,1891355863,261QH0100X,941049410,941044331
2021,1902490766,207V00000X,170251233,170748615
2021,1508845231,207V00000X,543033377,541532004
2021,1477521110,207V00000X,220423307,731045417
2021,1487622239,207V00000X,160014651,923363329
2021,1457319170,207VM0101X,305013834,305175630
2021,1780642223,207VM0101X,271034014,740558329
2021,1992735534,207VX0201X,543013528,436080000
2021,1326058991,207VM0101X,946091710,940104506
2021,1831299767,207VM0101X,334106296,349721933
2021,1700964566,207VM0101X,94109,949455055
2021,1407998164,207VF0040X,94109,949455055
2021,1316073448,207VX0000X,55107,554550341
2021,1740402007,207VM0101X,852584569,853041273
2021,1700077997,207VM0101X,282042963,282072134
2021,1053549048,207VM0101X,946091710,941096978
2021,1831416403,207VE0102X,029034817,212871228
2021,1235574401,207VX0201X,658075292,731045036
2021,1891355863,261QH0100X,941049410,941084007
2021,1487622239,207V00000X,160014651,923765153
2021,1457319170,207VM0101X,305013834,33701
2021,1326058991,207VM0101X,946091710,941104422
2021,1700964566,207VM0101X,94109,940104506
2021,1407998164,207VF0040X,94109,941104415
2021,1740402007,207VM0101X,852584569,852024704
2021,1700077997,207VM0101X,282042963,280252982
2021,1235574401,207VX0201X,658075292,731045036
2021,1326058991,207VM0101X,946091710,949455038
2021,1700964566,207VM0101X,94109,941104422
2021,1407998164,207VF0040X,94109,941181522
2021,1740402007,207VM0101X,852584569,850041153
2021,1326058991,207VM0101X,946091710,941096978
2021,1700964566,207VM0101X,94109,940103226
2021,1740402007,207VM0101X,852584569,850373360
2021,1700964566,207VM0101X,94109,954044813
2021,1740402007,207VM0101X,852584569,852246236
2021,1700964566,207VM0101X,94109,949042023
2021,1740402007,207VM0101X,852584569,276101855
2021,1740402007,207VM0101X,852584569,274031127
2021,1396748349,207VE0102X,770542935,
2021,1861495814,207VX0201X,341101497,
2021,1124021373,207VE0102X,770542949,
2021,1326041583,207VM0101X,191182718,
2021,1063415966,207V00000X,191044238,
2021,1780687566,207VX0201X,972256663,
2021,1629071592,207VX0201X,972256663,
2021,1194728972,207VM0101X,752082382,
2021,1881697555,207VX0201X,986846930,
2021,1912900812,207VM0101X,170332360,
2021,1386647345,207VM0101X,631081402,
2021,1700889516,207VM0101X,631081495,
2021,1811990484,207VX0201X,972271800,
2021,1104825959,2085R0202X,024457224,
2021,1114926904,207VX0201X,334013406,
2021,1386643187,207VM0101X,333162547,
2021,1902804701,207VE0102X,328044049,
2021,1255330064,207V00000X,786667546,
2021,1427057215,207V00000X,334104361,
2021,1750380549,207VF0040X,282103271,
2021,1891794558,207V00000X,284036011,
2021,1851390462,207VM0101X,336134657,
2021,1083613616,207VX0201X,891182656,
2021,1376542829,207VX0201X,115014235,
2021,1710986278,207VX0201X,11580,
2021,1497754964,207VX0201X,115014235,
2021,1811996309,207VE0102X,328044049,
2021,1548269004,207VE0102X,327895500,
2021,1043219512,207VX0201X,11790,
2021,1750380150,207VM0101X,333232815,
2021,1699774091,207VM0101X,322078334,
2021,1144229733,207VX0201X,430551841,
2021,1982603296,207VM0101X,334102911,
2021,1386643609,207VM0101X,708154114,
2021,1184623514,207VX0201X,480347660,
2021,1992704357,207VM0101X,452670001,
2021,1194724559,207VM0101X,708154114,
2021,1124010525,207VM0101X,785391404,
2021,1578556858,207VM0101X,374032724,
2021,1740273036,207VE0102X,303288102,
2021,1386637619,207VG0400X,376043799,
2021,1861485146,2080N0001X,374032724,
2021,1912990292,207VE0102X,303288102,
2021,1972596146,207R00000X,018521322,
2021,1174516215,207V00000X,115014073,
2021,1083607121,207V00000X,061051208,
2021,1992798912,207VE0102X,958172207,
2021,1508859646,207VE0102X,322168709,
2021,1972596914,207VE0102X,606081732,
2021,1215920418,207VX0201X,531885031,
2021,1538152749,207VG0400X,454593811,
2021,1750374815,207VX0201X,958172229,
2021,1962495036,207VX0201X,322096511,
2021,1093708281,207VM0101X,232336661,
2021,1417940503,207V00000X,641082640,
2021,1861485955,207VM0101X,705086949,
2021,1396738365,207VM0101X,235071914,
2021,1891788709,207VG0400X,432191530,
2021,1417945585,207VM0101X,200072113,
2021,1508854555,207VM0101X,209011556,
2021,1609864719,207VE0102X,158252323,
2021,1366430324,207VM0101X,080431548,
2021,1760470801,207V00000X,800452545,
2021,1689662645,207VM0101X,080439612,
2021,1902894942,207VM0101X,322078334,
2021,1841288768,207VG0400X,800452545,
2021,1639167562,207VM0101X,658075293,
2021,1477541399,207VX0201X,271570001,
2021,1386632206,207VX0201X,065191369,
2021,1558350405,207VE0102X,064896025,
2021,1497744353,207VM0101X,902622659,
2021,1013906973,207VM0101X,958172307,
2021,1982692836,207VM0101X,080431548,
2021,1205824224,207V00000X,187027906,
2021,1912996786,207V00000X,331334227,
2021,1902895816,207VF0040X,980555772,
2021,1497744106,207VX0201X,60674,
2021,1821087669,207VF0040X,604532362,
2021,1619966496,207VM0101X,532114508,
2021,1598754400,207VX0201X,080434520,
2021,1770572497,207VX0201X,372320011,
2021,1689663304,207VF0040X,322241865,
2021,1548259278,207VM0101X,333162547,
2021,1326037912,207VE0102X,602023439,
2021,1972592640,207VE0102X,061065501,
2021,1962484980,207VM0101X,968261001,
2021,1750363719,207VM0101X,972256772,
2021,1447232467,207VX0201X,787051188,
2021,1255313193,207VX0201X,352491900,
2021,1669454609,207V00000X,02114,
2021,1548242423,207VE0102X,606123841,
2021,1336121169,207VM0101X,731045417,
2021,1588646269,207V00000X,333263251,
2021,1508848201,207VE0102X,322078334,
2021,1265414932,207VM0101X,750392875,
2021,1356323091,207VE0102X,967342519,
2021,1518949270,207V00000X,060300001,
2021,1487636296,207VM0101X,958172307,
2021,1750369864,207VX0201X,190013720,
2021,1750369757,207V00000X,483343275,
2021,1992784987,207VX0201X,731045418,
2021,1871572867,207VE0102X,602012455,
2021,1386623254,174400000X,462021261,
2021,1750360665,207VG0400X,926607721,
2021,1720067630,207VE0102X,641242323,
2021,1417936139,207VX0201X,060521743,
2021,1477532240,207VX0201X,631101032,
2021,1235118019,207VE0102X,303033031,
2021,1003895780,207VE0102X,309120004,
2021,1437138914,207VG0400X,333081412,
2021,1447239959,207VX0201X,077641177,
2021,1639158165,207VM0101X,905022047,
2021,1649259227,207V00000X,571057702,
2021,1245202183,207VE0102X,373636681,
2021,1972575843,207VM0101X,571057702,
2021,1821060625,207VM0101X,253023302,
2021,1306818133,207SG0201X,347115997,
2021,1013989854,207VX0201X,974016036,
2021,1396717088,207VM0101X,20037,
2021,1205808904,207V00000X,11215,
2021,1841262656,207VX0201X,153178549,
2021,1861464612,207VE0102X,912031130,
2021,1407828114,207VX0201X,986839591,
2021,1629040365,207VE0102X,080534161,
2021,1013989615,207VX0201X,060300001,
2021,1932171543,207VM0101X,152242156,
2021,1205808748,207VM0101X,571051063,
2021,1497727051,207VE0102X,080534161,
2021,1366414971,207VM0101X,637035049,
2021,1457324915,207VX0201X,112153609,
2021,1801869300,207VX0201X,857240001,
2021,1528031820,207VX0201X,181036369,
2021,1609849017,207VM0101X,85704,
2021,1326011735,207V00000X,905054826,
2021,1962479071,207V00000X,554352131,
2021,1497722466,207V00000X,235071914,
2021,1922075928,207VE0102X,170509400,
2021,1477521490,207VE0102X,53792,
2021,1336116391,207VG0400X,554352281,
2021,1851369854,207VM0101X,641082640,
2021,1225006182,207VM0101X,105322140,
2021,1215905096,207VM0101X,769035920,
2021,1326016114,207V00000X,925085077,
2021,1891763504,207VM0101X,852245296,
2021,1447228093,207VM0101X,601533328,
2021,1134197833,207VX0201X,616142851,
2021,1275501926,207V00000X,187027906,
2021,1003877002,207VX0201X,943052200,
2021,1134180078,207VX0201X,462378601,
2021,1336100262,207VX0201X,722056321,
2021,1093776056,207VX0201X,301066810,
2021,1790746600,207VX0201X,606123841,
2021,1881655702,363A00000X,606123841,
2021,1326009382,207VX0201X,076660000,
2021,1457312290,207VX0201X,606123841,
2021,1407817257,207VM0101X,606123276,
2021,1376504134,207VE0102X,197132072,
2021,1902867658,207VM0101X,336134657,
2021,1265493829,207VM0101X,77030,
2021,1902867625,207VE0102X,483045130,
2021,1154382893,207VM0101X,606123276,
2021,1538120100,207VM0101X,850134224,
2021,1578524021,207VX0201X,488235383,
2021,1558323063,207VM0101X,212251233,
2021,1194787622,207R00000X,445126434,
2021,1962464396,207VM0101X,402181933,
2021,1821050352,207VM0101X,176012433,
2021,1518925692,207VG0400X,741352527,
2021,1508823618,207VX0201X,296211580,
2021,1720045834,207V00000X,402074723,
2021,1437116548,207VX0201X,29303,
2021,1225096340,207VX0201X,296054255,
2021,1366400467,207VE0102X,331762144,
2021,1255399218,207VE0102X,024621607,
2021,1598723306,207VE0102X,331453214,
2021,1427016302,207VX0201X,181042258,
2021,1134187834,207VC0200X,152133108,
2021,1043278757,207VX0000X,15213,
2021,1942268735,207Q00000X,458912475,
2021,1174581680,207VE0102X,62702,
2021,1427016716,207V00000X,522421009,
2021,1326099367,207VE0102X,021184001,
2021,1316998271,207V00000X,681988102,
2021,1841241601,207VX0201X,352491900,
2021,1629029491,207VM0101X,681988102,
2021,1497706469,207VM0101X,837026100,
2021,1780635680,207VX0201X,100296503,
2021,1831140615,207VM0101X,984054250,
2021,1306897145,207V00000X,532263522,
2021,1407807175,207VX0201X,532263522,
2021,1255382982,207VX0201X,322078432,
2021,1952352684,207VM0101X,981043586,
2021,1558312199,207VM0101X,837026100,
2021,1740232941,207VX0201X,101280122,
2021,1467404764,207VM0101X,333172836,
2021,1801848320,207VX0201X,374031503,
2021,1194777672,207V00000X,532272468,
2021,1730131210,207VX0201X,366400430,
2021,1053363523,207VM0101X,194013353,
2021,1770535114,207V00000X,325048615,
2021,1720030349,207VX0201X,637034910,
2021,1649226515,207L00000X,080534197,
2021,1346296076,207VM0101X,076011914,
2021,1699721498,207VX0201X,946115641,
2021,1811943566,207V00000X,100654870,
2021,1972559631,207VM0101X,908061516,
2021,1720034481,2080N0001X,489121800,
2021,1669428470,207VE0102X,554071320,
2021,1356397947,207VM0101X,701212429,
2021,1780630533,207VM0101X,296054247,
2021,1518913185,207VM0101X,021111526,
2021,1477509024,207VG0400X,024511100,
2021,1477509586,207VM0101X,554151623,
2021,1780630095,207VX0201X,900153070,
2021,1285680439,207VG0400X,100214870,
2021,1255387486,207VM0101X,441115610,
2021,1992751317,207VX0201X,532114528,
2021,1043266620,207VX0201X,662042207,
2021,1114973328,207V00000X,55454,
2021,1457307035,207V00000X,271570001,
2021,1164478582,207VM0101X,330734395,
2021,1023064441,207RA0000X,077406303,
2021,1891741112,207VG0400X,212022001,
2021,1184664591,207VE0102X,920371027,
2021,1922048230,207V00000X,223041535,
2021,1902846330,207VX0201X,282071107,
2021,1437199940,207V00000X,532153669,
2021,1770523607,207VM0101X,981950001,
2021,1174563969,207V00000X,109417001,
2021,1720029366,207VM0101X,208506340,
2021,1801836408,207VM0101X,35233,
2021,1538109137,207VX0201X,328044603,
2021,1013958610,207VC0200X,100654870,
2021,1487694196,207VM0101X,80021,
2021,1902846579,207V00000X,126015458,
2021,1679513352,207V00000X,981951646,
2021,1144265463,207VX0000X,975048179,
2021,1124063441,207V00000X,040747171,
2021,1700821014,207VF0040X,029052401,
2021,1053356279,207V00000X,100163037,
2021,1831134097,207V00000X,951282604,
2021,1275578635,207VM0101X,336063603,
2021,1124063383,207V00000X,029052401,
2021,1437195484,207VE0102X,37067,
2021,1669417770,207V00000X,441950001,
2021,1679519730,207V00000X,857186516,
2021,1407892599,207VE0102X,685061225,
2021,1356387393,207VM0101X,117334047,
2021,1053357095,207V00000X,900950001,
2021,1922044940,207VX0201X,900899171,
2021,1861437907,207P00000X,680223913,
2021,1629014311,207VM0101X,741368327,
2021,1124064811,207VM0101X,441091900,
2021,1750327466,207VM0101X,648041607,
2021,1174569065,207V00000X,212011734,
2021,1851320543,207VM0101X,337014619,
2021,1871522573,207VM0101X,303082208,
2021,1255360962,207VE0102X,214013046,
2021,1508895210,207VE0102X,968261001,
2021,1407885114,207VE0102X,191075127,
2021,1942239652,207VX0201X,770704347,
2021,1023047735,207VE0102X,372320001,
2021,1205865888,207VX0201X,337563432,
2021,1366471948,207VM0101X,201903219,
2021,1376573782,207VM0101X,337014662,
2021,1356371785,207VM0101X,201903219,
2021,1962432443,207VE0102X,900950001,
2021,1720018195,207VM0101X,850426551,
2021,1174553440,207VM0101X,850134295,
2021,1942230339,207VE0102X,079202976,
2021,1013947340,207VM0101X,462025149,
2021,1558391847,207VM0101X,787051156,
2021,1487684973,207VX0000X,178229340,
2021,1245260637,207VM0101X,337014619,
2021,1477583771,207VE0102X,372320001,
2021,1982634341,207VX0201X,208143107,
2021,1245260884,207VX0201X,303220001,
2021,1093745366,207VE0102X,606543431,
2021,1245260686,207VM0101X,946093424,
2021,1598795940,207VM0101X,209031400,
2021,1740210806,207VM0101X,432143912,
2021,1235169244,207VF0040X,016052726,
2021,1265458137,207VG0400X,029052401,
2021,1811913585,207VF0040X,402203903,
2021,1518983287,207VE0102X,402025700,
2021,1174549968,207V00000X,235071914,
2021,1801812581,207VX0201X,031017121,
2021,1053337816,207V00000X,787173951,
2021,1568488260,207VE0102X,581044603,
2021,1659397677,207VM0101X,731208300,
2021,1548286511,207VG0400X,937105282,
2021,1659397438,207VM0101X,441061716,
2021,1639195944,207VX0201X,591010905,
2021,1285650242,207VF0040X,104515504,
2021,1326064635,207VM0101X,631101032,
2021,1932125242,207VM0101X,622201915,
2021,1386660603,207VM0101X,631101032,
2021,1205852449,207VE0102X,631082212,
2021,1336165554,207VE0102X,631082212,
2021,1508882721,207VM0101X,631101010,
2021,1942226170,207VE0102X,631082212,
2021,1881610079,207VM0101X,837040107,
2021,1932125895,207VX0201X,146204155,
2021,1477579274,207VM0101X,77004,
2021,1992721799,207V00000X,18702,
2021,1861418410,207VX0201X,23601,
2021,1699796045,207VM0101X,941095455,
2021,1356362875,207VM0101X,844033195,
2021,1780605873,207V00000X,44710,
2021,1295756302,207VE0102X,604354912,
2021,1730100843,207VM0101X,068106099,
2021,1568483816,207V00000X,554550341,
2021,1831110105,207VG0400X,081031438,
2021,1871514042,207VX0201X,113651449,
2021,1811918097,207VM0101X,846043380,
2021,1790706737,207VX0201X,232261934,
2021,1902827835,207VX0201X,928073028,
2021,1124040076,207VM0101X,913555634,
2021,1366463234,207VX0201X,117873204,
2021,1952322976,207V00000X,700062970,
2021,1902828635,207V00000X,70112,
2021,1063428340,207VE0102X,80129,
2021,1841206885,207VX0201X,782293307,
2021,1548275902,207VX0201X,105322140,
2021,1295741668,207VM0101X,934548905,
2021,1851307094,207VM0101X,030602928,
2021,1083620421,207VF0040X,441950001,
2021,1770598278,207VX0201X,972393011,
2021,1659386159,207VM0101X,986641913,
2021,1255346763,207VX0201X,928683201,
2021,1861408866,207VX0201X,782293786,
2021,1558377531,207VM0101X,760201597,
2021,1295740645,207VX0201X,336129416,
2021,1235145301,207VE0102X,761042820,
2021,1871508200,207VE0102X,07013,
2021,1497761894,207VE0102X,405091832,
2021,1821007667,207VE0102X,782293901,
2021,1730198573,207VM0101X,068304608,
2021,1790794568,207V00000X,841320001,
2021,1407865439,207VX0201X,02472,
2021,1376552315,207VE0102X,722056324,
2021,1164431052,207V00000X,752462092,
2021,1013926922,207VX0201X,180455671,
2021,1053320903,207VM0101X,06102,
2021,1235149055,207VM0101X,126011300,
2021,1982614541,207VM0101X,176012433,
2021,1023028610,207VM0101X,303421606,
2021,1144230889,207VF0040X,554264375,
2021,1205846722,207VM0101X,701156914,
2021,1053321448,207VE0102X,100215949,
2021,1740299536,207VM0101X,303421606,
2021,1962411785,207VE0102X,752461800,
2021,1811907504,207VX0201X,146204159,
2021,1841200342,207VE0102X,326103003,
2021,1831109339,207VM0101X,35233,
2021,1245240787,207VE0102X,782293901,
2021,1427067248,207VM0101X,342393605,
2021,1063421899,207VG0400X,600681186,
2021,1295745925,207VE0102X,801132700,
2021,1093725731,207V00000X,931012526,
2021,1447260187,207VM0101X,495032543,
2021,1205846607,207VE0102X,100655949,
2021,1902816663,207VX0201X,146204159,
2021,1265547566,207VM0101X,068503852,
2021,1639284946,207VM0101X,606115975,
2021,1841305091,207VE0102X,441091900,
2021,1427163609,207VE0102X,680223913,
2021,1588779896,207VM0101X,30309,
2021,1568577427,207VM0101X,681144108,
2021,1821103912,207VX0201X,011071112,
2021,1508971672,207V00000X,291694800,
2021,1215042973,207V00000X,871310001,
2021,1013022078,207VE0102X,02215,
2021,1538274477,207VM0101X,07652,
2021,1326154741,207VE0102X,190875220,
2021,1952417339,207VG0400X,926633637,
2021,1669588059,207VM0101X,294250001,
2021,1275642100,207VE0102X,33617,
2021,1093825911,207VM0101X,303421626,
2021,1558471292,207VE0102X,024812137,
2021,1063522563,207VM0101X,309120004,
2021,1508976226,207VE0102X,485035903,
2021,1619087343,207VE0102X,485035903,
2021,1861502627,207V00000X,750935299,
2021,1932219797,207VM0101X,70112,
2021,1699885541,207VM0101X,787313282,
2021,1972613727,207VX0201X,850273135,
2021,1245340983,207VE0102X,486049515,
2021,1801906714,207VM0101X,658075154,
2021,1588774384,207VX0201X,302658001,
2021,1871696674,207V00000X,445152366,
2021,1942303417,207V00000X,871095566,
2021,1407959984,207VM0101X,190963450,
2021,1669575163,207V00000X,980038727,
2021,1912000480,207VX0000X,79905,
2021,1508969015,207V00000X,799257945,
2021,1174626618,207VE0102X,921038201,
2021,1083717524,207VE0102X,142092256,
2021,1962505347,207VM0101X,322078334,
2021,1093819492,207VM0101X,293033098,
2021,1780788067,207VM0101X,794101806,
2021,1790889095,207VE0102X,31405,
2021,1184724957,207VE0102X,088201197,
2021,1861592644,207VE0102X,27518,
2021,1851491633,207VM0101X,29607,
2021,1093815961,207VE0102X,100751842,
2021,1376643361,207VG0400X,904012857,
2021,1326148347,207VM0101X,208506340,
2021,1013017946,207VX0201X,600681270,
2021,1285734095,2080N0001X,926916410,
2021,1629178397,207V00000X,441242299,
2021,1831299593,207V00000X,024457224,
2021,1740380377,207V00000X,799113600,
2021,1851491476,207VE0102X,208508700,
2021,1346340734,207VE0102X,46237,
2021,1346341393,207VE0102X,941332122,
2021,1023118585,207VM0101X,981950001,
2021,1619078532,207V00000X,923241819,
2021,1033203849,207VM0101X,982014168,
2021,1629162995,174400000X,926916306,
2021,1821182635,207VE0102X,018673218,
2021,1952495798,207V00000X,080841354,
2021,1598859449,207VM0101X,770302400,
2021,1346334141,207V00000X,061051208,
2021,1598859324,207VX0201X,011991005,
2021,1790879641,207VM0101X,071032425,
2021,1801980479,207VE0102X,379342806,
2021,1033204060,207VE0102X,751152057,
2021,1265527956,207V00000X,602011718,
2021,1316033889,207VX0201X,799052707,
2021,1386739480,207V00000X,081031461,
2021,1508951617,207VM0101X,086184502,
2021,1497843742,207V00000X,943012302,
2021,1568550937,207VM0101X,296054281,
2021,1235227547,207VE0102X,275990001,
2021,1992894695,207VE0102X,481971120,
2021,1447349048,207VX0201X,181036369,
2021,1376632984,207VE0102X,485035903,
2021,1679662068,207VM0101X,19104,
2021,1124117650,207VM0101X,117334079,
2021,1912096223,207VM0101X,917903937,
2021,1174612592,207VM0101X,113552200,
2021,1144319609,207V00000X,900101120,
2021,1578652889,207VE0102X,100214872,
2021,1922181262,207VE0102X,082471057,
2021,1497838379,207V00000X,597156900,
2021,1720161961,207V00000X,277100001,
2021,1326122839,207V00000X,024511100,
2021,1619051075,207V00000X,328044642,
2021,1033292750,207VM0101X,631081402,
2021,1366520280,207VM0101X,895034505,
2021,1235217118,207VM0101X,685061276,
2021,1326126137,207VM0101X,937202941,
2021,1952489718,207VM0101X,945964180,
2021,1902984735,207VE0102X,956889494,
2021,1285712059,207VE0102X,946115641,
2021,1992883771,207VX0201X,946115641,
2021,1689752461,207VG0400X,00921,
2021,1740367887,207VX0201X,77030,
2021,1316025109,207VM0101X,946115641,
2021,1427135805,207VE0102X,604531779,
2021,1376621177,207VX0201X,946115642,
2021,1053499517,207V00000X,501581928,
2021,1952489650,207VE0102X,958252115,
2021,1174601868,207VX0201X,958252115,
2021,1487732087,207VM0101X,941153357,
2021,1811075435,207VE0102X,941153357,
2021,1932287562,207VX0201X,941153357,
2021,1700964376,207VM0101X,950515173,
2021,1538246152,207V00000X,197134337,
2021,1639242589,207VM0101X,921039000,
2021,1841363603,207VX0201X,190133902,
2021,1801969621,207VG0400X,752512100,
2021,1477627164,207VE0102X,770541920,
2021,1396818134,207V00000X,920930987,
2021,1346314069,207VX0201X,312017512,
2021,1679641443,207VE0102X,44304,
2021,1053489849,207VE0102X,07632,
2021,1184792756,291U00000X,352232420,
2021,1639247950,207VX0201X,910103012,
2021,1861553430,207VE0102X,220314617,
2021,1568524106,207VM0101X,775555302,
2021,1972665453,207VE0102X,20889,
2021,1275695603,207V00000X,775551022,
2021,1730241217,207VX0201X,785391409,
2021,1366504706,207VM0101X,100166402,
2021,1649332859,207VE0102X,374213157,
2021,1336201508,207VM0101X,303421626,
2021,1104988476,207VE0102X,92604,
2021,1629130976,207V00000X,775555302,
2021,1679635981,207VX0201X,85377,
2021,1114089372,207V00000X,775551022,
2021,1316009798,207VE0102X,10016,
2021,1285796425,207VM0101X,775551022,
2021,1558423756,207VM0101X,775551022,
2021,1114089489,207VM0101X,775551022,
2021,1043372253,207VE0102X,775984142,
2021,1740337328,207VM0101X,902622655,
2021,1760539381,207VM0101X,481971142,
2021,1356498893,207VX0201X,220036800,
2021,1235286709,207VX0201X,770304009,
2021,1407903917,207V00000X,00784,
2021,1750439014,207VM0101X,104612301,
2021,1710034061,207VE0102X,100214208,
2021,1134276512,207VE0102X,782583917,
2021,1497807960,207VM0101X,110303816,
2021,1700938115,207VM0101X,10039,
2021,1356493969,207VE0102X,900244003,
2021,1083766455,207VX0201X,923356720,
2021,1710039185,207V00000X,907062246,
2021,1760534564,207VM0101X,956613027,
2021,1740332717,207V00000X,221913355,
2021,1912059742,207VM0101X,285472575,
2021,1053457978,207VE0102X,66160,
2021,1023154408,207VE0102X,78731,
2021,1326185448,207VM0101X,951282604,
2021,1124165493,207V00000X,972256652,
2021,1558407189,207R00000X,495032560,
2021,1437296761,207VM0101X,482362167,
2021,1073659306,207VX0201X,765080001,
2021,1548307671,207VE0102X,190133902,
2021,1982740510,208000000X,176012433,
2021,1932240884,207VE0102X,100222410,
2021,1013059781,207VX0201X,606112914,
2021,1174665756,174400000X,95204,
2021,1770624629,207VM0101X,532264216,
2021,1770625378,207VE0102X,900352951,
2021,1528109311,207VE0102X,945072771,
2021,1821139650,207V00000X,917632328,
2021,1942342654,207VM0101X,658042265,
2021,1568504298,207VE0102X,132052548,
2021,1134261985,207VE0102X,208144712,
2021,1033251889,207V00000X,900062802,
2021,1225170624,207V00000X,041065447,
2021,1043352404,207VM0101X,903014510,
2021,1659407708,207V00000X,55455,
2021,1134255052,207V00000X,941095455,
2021,1780710418,207VE0102X,941090456,
2021,1861528754,207VE0102X,191045502,
2021,1053447847,207VE0102X,009183756,
2021,1275669251,207VE0102X,328044049,
2021,1518093293,207VX0201X,011042377,
2021,1548396054,207VX0201X,571051035,
2021,1528199627,207VE0102X,900364241,
2021,1487785531,207VX0201X,945982990,
2021,1346371747,207VE0102X,109601615,
2021,1538291331,207VE0102X,92881,
2021,1093846933,207VE0102X,19027,
2021,1851416887,207VE0102X,117473193,
2021,1740305895,207VM0101X,208506340,
2021,1386769289,207VE0102X,117473193,
2021,1306961008,207VE0102X,00910,
2021,1396866968,207VM0101X,100323720,
2021,1720109606,207VE0102X,314056007,
2021,1700907086,207VE0102X,296054253,
2021,1205957404,207VF0040X,352096899,
2021,1215058490,207VM0101X,627025303,
2021,1821119074,207VE0102X,029034817,
2021,1386765501,207V00000X,322044753,
2021,1508987041,207VM0101X,089011962,
2021,1659492122,207VE0102X,191075701,
2021,1386765857,207VX0201X,191075109,
2021,1295856771,207VM0101X,191044206,
2021,1538384706,207VG0400X,60467,
2021,1861617045,207VM0101X,93105,
2021,1437374626,208000000X,775984376,
2021,1184849846,207VE0102X,797614524,
2021,1538384201,207R00000X,606123714,
2021,1831311497,207VM0101X,605213829,
2021,1336361070,207V00000X,946123725,
2021,1306068978,207VG0400X,480736770,
2021,1205058617,207VE0102X,600762008,
2021,1396967618,207VE0102X,968261072,
2021,1740492990,207VE0102X,079202976,
2021,1689886806,207VM0101X,77030,
2021,1376765677,207VE0102X,10021,
2021,1669694063,207V00000X,39216,
2021,1346462504,207VM0101X,48114,
2021,1265644421,207VE0102X,704484664,
2021,1407078801,207VE0102X,606575105,
2021,1336351352,207VX0000X,986839591,
2021,1407061450,207VM0101X,334265876,
2021,1104031822,207VM0101X,631081495,
2021,1033324793,390200000X,722057101,
2021,1194930958,207VM0101X,543116519,
2021,1770784795,207V00000X,432141419,
2021,1891996823,207V00000X,72205,
2021,1184825986,207V00000X,913562838,
2021,1801097662,207VX0201X,92663,
2021,1124229802,207VE0102X,11797,
2021,1598966061,207VX0201X,328044651,
2021,1437350147,207V00000X,481094276,
2021,1659572329,207VM0101X,488679201,
2021,1932300357,207V00000X,618012500,
2021,1528269040,207VX0201X,105322140,
2021,1295936540,207VM0101X,222053601,
2021,1104021559,207V00000X,276148496,
2021,1609071059,207V00000X,14623,
2021,1912102229,207V00000X,601533328,
2021,1558566950,207VM0101X,750937939,
2021,1417152604,207VM0101X,370151601,
2021,1033314422,207VX0000X,301145256,
2021,1841495249,207VM0101X,482012007,
2021,1508061813,207VG0400X,482012013,
2021,1447455654,207VE0102X,47630,
2021,1346445459,207VX0201X,704337209,
2021,1669677761,390200000X,352332110,
2021,1740485762,207VF0040X,021182371,
2021,1780889618,207VE0102X,535625512,
2021,1851596696,207VE0102X,070411946,
2021,1730379074,207VX0201X,077024329,
2021,1942491121,207VE0102X,476308940,
2021,1487845673,207V00000X,761043926,
2021,1871784165,207VX0000X,074104617,
2021,1760673925,207VM0101X,606371447,
2021,1578754875,207V00000X,530510538,
2021,1568653632,207VX0201X,331334236,
2021,1831380906,207VX0201X,331462008,
2021,1194916262,207VX0201X,331402840,
2021,1669663761,207V00000X,016052903,
2021,1669663662,207VE0102X,02575,
2021,1184815375,207V00000X,770301501,
2021,1114118239,207VE0102X,10013,
2021,1629269642,390200000X,212874462,
2021,1558552521,207V00000X,185101635,
2021,1063603991,207VG0400X,945882828,
2021,1841481629,207VF0040X,662141652,
2021,1740471531,207V00000X,972393011,
2021,1639366362,207V00000X,070395672,
2021,1215124714,207VE0102X,080534161,
2021,1184811614,207VX0201X,236024414,
2021,1952580235,207VM0101X,900950001,
2021,1912186289,207VX0201X,847902579,
2021,1669651998,207VE0102X,331762144,
2021,1700066883,207VM0101X,782584192,
2021,1962682021,207VX0201X,151431405,
2021,1164602231,207VM0101X,328061014,
2021,1508041518,207VF0040X,432143912,
2021,1689859605,207VM0101X,782584084,
2021,1124204946,207VX0201X,559050001,
2021,1831375740,207VE0102X,070395672,
2021,1144406786,207VM0101X,300473401,
2021,1760668396,207VE0102X,30308,
2021,1043481468,207VE0102X,476308940,
2021,1154592459,207VE0102X,083617874,
2021,1184898322,207VM0101X,191074408,
2021,1619141603,207VM0101X,271570001,
2021,1750556601,207V00000X,852584585,
2021,1891960738,207VX0000X,850084973,
2021,1922273887,207VM0101X,432143908,
2021,1700051612,207VX0201X,112153609,
2021,1942475728,207VM0101X,381032807,
2021,1629243415,207VX0000X,55404,
2021,1215102942,207VX0201X,081031461,
2021,1891960779,207V00000X,372325100,
2021,1770758419,207VX0201X,029052401,
2021,1689833915,207V00000X,462561621,
2021,1447418843,207VF0040X,303091632,
2021,1023277498,207VE0102X,233204985,
2021,1114186533,207VE0102X,787051223,
2021,1811156185,207VF0040X,532272468,
2021,1861651143,207VE0102X,943041601,
2021,1497914774,207VE0102X,118034918,
2021,1841459948,207VX0201X,928683201,
2021,1821257056,207VM0101X,331732596,
2021,1235398439,207VX0201X,906021048,
2021,1780843995,207VM0101X,392021651,
2021,1295994366,207V00000X,782293931,
2021,1376702407,207VE0102X,071032425,
2021,1942469986,207VE0102X,117662050,
2021,1982863965,207VE0102X,10021,
2021,1699934653,207VE0102X,117954418,
2021,1063671014,207VE0102X,117551000,
2021,1366601395,207VE0102X,110303502,
2021,1245499110,207VX0201X,392164111,
2021,1134388002,207V00000X,336134657,
2021,1366601338,207VE0102X,117728809,
2021,1144489972,207VF0040X,800452545,
2021,1841454303,207VX0201X,601533328,
2021,1265696660,207VM0101X,956303832,
2021,1972767382,207VE0102X,794101347,
2021,1194989574,207VM0101X,445126434,
2021,1912161233,207VE0102X,926608725,
2021,1851555056,207VM0101X,074707045,
2021,1700040946,207VE0102X,432142300,
2021,1215191259,207V00000X,974016036,
2021,1033373139,207VX0201X,850164880,
2021,1891959862,207VX0201X,85234,
2021,1336303494,207VE0102X,917864359,
2021,1891943262,207VX0201X,100656007,
2021,1740438902,207VE0102X,235071627,
2021,1013165273,207VE0102X,200061003,
2021,1083862247,207VX0201X,076664245,
2021,1518115559,207VX0201X,641115965,
2021,1306094503,207VE0102X,809103141,
2021,1316195373,207VX0201X,314046220,
2021,1083862882,207VX0201X,29909,
2021,1578711495,207V00000X,770302761,
2021,1487802302,208000000X,307208394,
2021,1679728273,207VM0101X,222062550,
2021,1750520516,207VX0201X,982011621,
2021,1013157734,207VG0400X,021156110,
2021,1922232172,207V00000X,800452545,
2021,1801020920,207V00000X,481036201,
2021,1205060381,207VX0201X,372324000,
2021,1497989594,207VE0102X,462564644,
2021,1144454166,207VE0102X,222031613,
2021,1821222993,390200000X,113555045,
2021,1073747176,207VM0101X,934014170,
2021,1346474202,207VM0101X,065191369,
2021,1386878254,207VM0101X,197132137,
2021,1669606521,207V00000X,041066914,
2021,1114151099,207VE0102X,840924318,
2021,1780818575,207VF0040X,741352527,
2021,1629202361,207V00000X,220423307,
2021,1285868943,207VM0101X,336063603,
2021,1902030679,207VX0201X,10065,
2021,1497982003,207VF0040X,372032220,
2021,1659509206,207X00000X,900335320,
2021,1053549634,207V00000X,481094276,
2021,1003044553,207VE0102X,949042017,
2021,1619105202,207V00000X,631101032,
2021,1316175904,207VM0101X,089011962,
2021,1134357593,171000000X,782344504,
2021,1740418029,207VM0101X,981952401,
2021,1700014990,207VM0101X,070476217,
2021,1033347315,207V00000X,940633132,
2021,1245468354,207V00000X,87109,
2021,1700014982,207VX0201X,29303,
2021,1790913820,207VM0101X,532263522,
2021,1265660302,207V00000X,680223913,
2021,1275761314,282N00000X,900331029,
2021,1437381589,2080N0001X,913601935,
2021,1851524979,207VX0201X,486025303,
2021,1710110622,207V00000X,322096511,
2021,1528397379,207VF0040X,44224,
2021,1699004366,207VF0040X,009682645,
2021,1316276769,207VM0101X,303082208,
2021,1063741544,207VM0101X,331334741,
2021,1457680738,207V00000X,958172307,
2021,1023347499,207VF0040X,445152366,
2021,1639401862,207SG0201X,103053436,
2021,1275855900,207V00000X,100118142,
2021,1497071310,207VM0101X,222053633,
2021,1205152154,207VF0040X,303221059,
2021,1134445919,207VE0102X,117255022,
2021,1154647956,207V00000X,194061438,
2021,1588980361,207VM0101X,077534488,
2021,1912223645,207V00000X,152242156,
2021,1114244803,207VE0102X,331461842,
2021,1487971149,207VM0101X,992042307,
2021,1114244514,207VM0101X,871062719,
2021,1336466804,207VM0101X,900153068,
2021,1972820322,390200000X,240132222,
2021,1679886741,207V00000X,482012153,
2021,1205144755,207V00000X,981012756,
2021,1902109481,207VE0102X,322164230,
2021,1811290208,207VM0101X,00674,
2021,1053614354,363LW0102X,284036011,
2021,1649576661,207VM0101X,841075701,
2021,1831495712,207VM0101X,074362817,
2021,1245537778,207VE0102X,631416857,
2021,1053601971,207VE0102X,112153609,
2021,1629368469,207VM0101X,275144423,
2021,1053601807,207VM0101X,303082240,
2021,1639469471,207VE0102X,303082247,
2021,1528358397,207VM0101X,337014662,
2021,1336439850,207VM0101X,303285510,
2021,1952691404,207V00000X,631171858,
2021,1063703494,207VE0102X,100191412,
2021,1053601492,207VM0101X,722057101,
2021,1891086211,207VM0101X,631101032,
2021,1497042147,207VX0201X,441224478,
2021,1497042931,390200000X,731044637,
2021,1396032843,207VX0201X,452203035,
2021,1144517699,207VX0201X,15224,
2021,1023305455,207VX0201X,064574759,
2021,1477834398,207VF0040X,104672401,
2021,1053692988,207V00000X,943041511,
2021,1881976207,207VX0201X,104577606,
2021,1811274392,207VE0102X,902663638,
2021,1548547821,207VG0400X,752045225,
2021,1740551506,207VE0102X,750346050,
2021,1659643278,207VM0101X,115014064,
2021,1386919066,207VM0101X,197132127,
2021,1477828937,207VE0102X,797614572,
2021,1457626632,207VM0101X,115014077,
2021,1972878270,207VG0400X,356013337,
2021,1073888319,207VX0201X,782293307,
2021,1972878148,207VM0101X,100323720,
2021,1295000370,207V00000X,554044514,
2021,1023378726,207VM0101X,571051503,
2021,1992065692,207VE0102X,920930633,
2021,1578824033,207V00000X,454291264,
2021,1598026171,207V00000X,770303003,
2021,1043571599,207VE0102X,917632328,
2021,1114272994,207V00000X,770303000,
2021,1922353366,207VE0102X,190875614,
2021,1437409752,207VM0101X,549113454,
2021,1396089900,363L00000X,571044663,
2021,1497099857,207VF0040X,104611900,
2021,1780923490,207VF0040X,631282184,
2021,1730428244,207VE0102X,852554507,
2021,1891034492,261QM2500X,024457224,
2021,1376882357,207V00000X,95348,
2021,1811331390,207VX0201X,405031466,
2021,1699119198,390200000X,079013564,
2021,1386088706,207V00000X,841325000,
2021,1619311016,207VM0101X,701156914,
2021,1205271632,207VM0101X,606124795,
2021,1881039121,207VX0201X,283748748,
2021,1144665423,207V00000X,910103012,
2021,1285079467,390200000X,101281233,
2021,1285079483,207V00000X,787585653,
2021,1578908687,207V00000X,753907208,
2021,1053756197,207VF0040X,089011962,
2021,1982049029,207V00000X,681242372,
2021,1407291446,207V00000X,981950001,
2021,1225477607,207V00000X,337137147,
2021,1861831836,207V00000X,100166058,
2021,1982043998,207VF0040X,606162332,
2021,1750720611,207VM0101X,80218,
2021,1679913545,207V00000X,309120004,
2021,1437599271,207VM0101X,100323720,
2021,1043650930,207VM0101X,80045,
2021,1144653239,207VX0201X,770541900,
2021,1972933745,207VM0101X,349944914,
2021,1730519331,207VM0101X,797612803,
2021,1548682990,207VE0102X,611075100,
2021,1568885804,207VE0102X,402025700,
2021,1295158244,207VE0102X,782583992,
2021,1689085094,207VE0102X,782152039,
2021,1568874899,207VX0201X,80045,
2021,1063824027,207VF0040X,60201,
2021,1609288562,207VM0101X,87131,
2021,1174935084,207V00000X,06511,
2021,1902218894,207VX0201X,765080001,
2021,1043622897,390200000X,100323720,
2021,1043627581,207V00000X,112032012,
2021,1780086884,207VX0201X,222053683,
2021,1780086827,207V00000X,33021,
2021,1154728061,207QS0010X,44272,
2021,1518364223,207VF0040X,770542934,
2021,1902203573,207V00000X,174035074,
2021,1366835571,207V00000X,190013722,
2021,1265825319,207VX0201X,84060,
2021,1578941761,207VM0101X,117463258,
2021,1720461213,207V00000X,220423307,
2021,1578939435,207VM0101X,77030,
2021,1699141507,207RC0000X,085361913,
2021,1851763437,207VE0102X,146264135,
2021,1699133199,207V00000X,802021841,
2021,1861854788,207VX0201X,240141838,
2021,1922460799,207VX0201X,441950001,
2021,1760844070,207VM0101X,104611900,
2021,1841640786,207VF0040X,322241865,
2021,1790136638,207V00000X,271576770,
2021,1063863710,207VF0040X,559050001,
2021,1942651682,207V00000X,841322209,
2021,1669927752,207V00000X,773843017,
2021,1932654951,207VE0102X,891132215,
2021,1932654886,207VX0201X,23226,
2021,1265987036,207VG0400X,201765179,
2021,1225588528,207VX0201X,198103643,
2021,1992255905,207VM0101X,216014302,
2021,1083166003,207VE0102X,10019,
2021,1871045815,261QA0006X,024671976,
2021,1073059671,207VM0101X,773396405,
2021,1770029399,207V00000X,H4A 3J1,
2021,1588100853,207V00000X,165022858,
2021,1497291660,207VE0102X,327467682,
2021,1306382551,207V00000X,325415384,
2021,1609317015,207VM0101X,946093424,
2021,1003357245,207V00000X,800452517,
2021,1639604440,207VX0201X,040747171,
2021,1154856896,207VF0040X,12603,
2021,1114453594,390200000X,392164500,
2021,1548779861,207V00000X,065103220,
2021,1487168233,207VX0201X,33021,
2021,1851890990,207VE0102X,11072020,
2021,1275024556,207VE0102X,46980,
2021,1477022663,207VM0101X,333083807,
2021,1801360516,207VM0101X,381194713,
2021,1376017715,207VG0400X,773844103,
2021,1235697244,207VM0101X,913252919,
2021,1417415258,207VF0040X,191074420,
2021,1124588793,207VX0201X,381383687,
2021,1831659440,207VF0040X,300764916,
2021,1598320830,207VF0040X,276148494,
2021,1528623626,207VF0040X,077125313,
2021,1508421660,207SG0201X,347115997,
2021,1780249748,207VM0101X,85224,
2021,1790340586,2088F0040X,176012433,
2021,1407411135,207VX0000X,291694848,
2021,1093369530,207VX0201X,280544725,
2021,1730738865,207VM0101X,806014004,
2021,1093350340,207VE0102X,117532109,
2021,1104450485,207VM0101X,806014004,
2021,1285263806,207Q00000X,10013,
2021,1003445396,207VM0101X,105301843,
2021,1609405844,208D00000X,809095533,
2021,1962026500,207VX0201X,801132702,
2021,1306460704,207VM0101X,800125411,
2021,1679197172,207VM0101X,800279583,
2021,1851915227,207VM0101X,816014261,
2021,1033733480,207VM0101X,802294361,
2021,1730703034,207VM0101X,804878813,
2021,1750905121,207VM0101X,802203921,
2021,1316561707,207VM0101X,801222633,
2021,1932723384,363LW0102X,813017311,
2021,1023632320,2080N0001X,816575242,
2021,1275157661,207VM0101X,801132792,
2021,1093324162,207V00000X,234556405,
2021,1417560574,207V00000X,800263396,
2021,1487268223,207VE0102X,782584185,
2021,1235743071,207VE0102X,750013268,
2021,1295349041,207VE0102X,787051122,
2021,1891308607,207VE0102X,785043968,
2021,1851990261,207VM0101X,787313282,
2021,1710580949,207VX0201X,489121800,
2021,1740873868,207VE0102X,117532115,
2021,1376137158,207VF0040X,293071008,
2021,1053999185,363L00000X,662092002,
2021,1982282794,207VM0101X,543033375,
2021,1982286902,207VM0101X,337703120,
2021,1669054680,207VM0101X,328032948,
2021,1063095081,207VE0102X,303092511,
2021,1386227809,207V00000X,981011311,
2021,1023686326,207V00000X,342085623,
2021,1497323554,207VM0101X,72703,
2021,1083282156,207VM0101X,339902695,
2021,1184297103,207VX0201X,339057809,
2021,1841967825,207VE0102X,55401,
2021,1891457727,207VX0201X,105322140,
2021,1447916366,207VF0040X,201662016,
2021,1699431411,2088F0040X,342393114,
2021,1811994726,207VM0101X,85028,850134295
2021,1326046889,207VM0101X,452202475,410173403
2021,1639177199,207VM0101X,452202475,410173403
2021,1629076104,207VM0101X,452202475,410173403
2021,1215935796,207VM0101X,452202475,410173403
2021,1558369041,207VM0101X,452202475,410173403
2021,1013903954,207VM0101X,08755,077534859
2021,1184605677,207VX0201X,174088815,170509497
2021,1053392670,207VM0101X,850134295,857047870
2021,1346211323,207VX0201X,727626362,727034005
2021,1710958558,207VM0101X,174035074,837068707
2021,1881665495,207V00000X,926183734,482012020
2021,1811964745,207VE0102X,60540,60540
2021,1619944550,207RI0001X,112065316,112054808
2021,1659347672,207VX0201X,53792,537151911
2021,1164498218,207VM0101X,06830,64111
2021,1306806773,207V00000X,770302722,765080001
2021,1255395885,207VE0102X,170332086,170332360
2021,1235193863,207V00000X,170332086,170332360
2021,1992769368,207VM0101X,841320001,741045647
2021,1679537997,207VM0101X,852064629,852584569
2021,1801850243,2085R0001X,087532900,07601
2021,1215991385,207V00000X,170332086,170332360
2021,1831153915,207V00000X,170332086,170332360
2021,1114981255,207VM0101X,936116886,937012184
2021,1811951908,207V00000X,170332086,170332360
2021,1508814104,207VM0101X,68198,809095533
2021,1235187543,207VM0101X,282043193,282043280
2021,1013962026,207VF0040X,015815408,017571101
2021,1184664278,207VM0101X,21201,76104
2021,1760427041,207VM0101X,50314,031106736
2021,1275561409,207VX0201X,606371447,600052355
2021,1043248305,207VF0040X,170157027,170031643
2021,1295768638,207VM0101X,921039000,922703221
2021,1376576710,207VM0101X,800452545,805013129
2021,1821014317,207V00000X,99201,992042319
2021,1588681571,207VM0101X,58102,325048785
2021,1700809035,207VE0102X,282071109,282071109
2021,1720001894,207V00000X,606124795,943052200
2021,1992712558,207VE0102X,07920,079606097
2021,1366555377,207VM0101X,181036122,185101724
2021,1689787293,207VE0102X,016052903,054011473
2021,1851404149,207VM0101X,462025149,462025109
2021,1003924523,207VE0102X,29464,294258908
2021,1295842029,207V00000X,287047714,288039405
2021,1942392360,207V00000X,372320001,372043609
2021,1073695045,207VM0101X,174035074,174033676
2021,1972685105,207VX0201X,282042990,280787135
2021,1083773121,207VE0102X,18104,088655400
2021,1033278056,207V00000X,463111596,463202352
2021,1740349240,207VE0102X,296153170,294641900
2021,1083773469,207VE0102X,85258,852595499
2021,1326197997,207VM0101X,658061131,654012937
2021,1851441208,207VE0102X,900641527,079202976
2021,1538213111,207V00000X,314056015,314056015
2021,1265572093,207V00000X,170509422,170031643
2021,1740319003,207V00000X,550662848,631171856
2021,1083748966,207VG0400X,46845,462193046
2021,1912026600,207V00000X,972132933,040749692
2021,1093920332,207VM0101X,152133108,462561714
2021,1265640676,207V00000X,232191901,232985051
2021,1518175173,207VX0201X,061051208,117940001
2021,1063615185,207VX0201X,94109,941181506
2021,1518167642,207V00000X,209101476,606124325
2021,1447450499,207VX0201X,79106,770941286
2021,1811197767,207VM0101X,981951250,432101250
2021,1306039730,207V00000X,232354730,765445095
2021,1003009473,207VX0000X,076011915,007254081
2021,1497948731,207V00000X,551071805,554073723
2021,1730372079,207VX0201X,076012191,070424837
2021,1275704256,207VF0040X,60076,600761214
2021,1336310945,207V00000X,99204,993523558
2021,1881855641,207V00000X,78758,78130
2021,1073774782,207VX0201X,232985054,232985051
2021,1952562753,207VM0101X,972256772,972132981
2021,1881856474,207VE0102X,203070001,294145733
2021,1285890855,207V00000X,60134,60190
2021,1144486507,207V00000X,97227,029052401
2021,1962653279,207V00000X,770704348,765080001
2021,1386880672,207VG0400X,292036839,303033033
2021,1710127907,207VE0102X,220333310,221924163
2021,1689814501,207VM0101X,482022608,492011753
2021,1780824508,207VX0201X,280545115,280123386
2021,1780819128,207VM0101X,94109,940104506
2021,1225268535,207V00000X,43081,432101267
2021,1467682690,207VX0201X,606112914,275144220
2021,1609191972,207V00000X,941432202,100146329
2021,1649595752,207V00000X,770303004,941103518
2021,1518286061,207VX0201X,275144220,276077505
2021,1639498801,207V00000X,065115593,606112914
2021,1619296779,207VM0101X,930303722,93036
2021,1750600961,207V00000X,606371443,152133108
2021,1740509728,207VF0040X,917903964,900953676
2021,1174839401,207VF0040X,40508,522421009
2021,1366752107,207V00000X,936116885,330635755
2021,1932404605,163W00000X,405092124,405099087
2021,1093013203,207VM0101X,847902123,847703705
2021,1356640031,207V00000X,551253046,212242735
2021,1932493293,207VE0102X,10577,450692509
2021,1427342294,207VX0201X,90095,900952562
2021,1891089785,207VE0102X,926602956,900958358
2021,1871872580,207V00000X,64108,641082640
2021,1831478395,207VX0201X,925085077,852595452
2021,1881968063,207VX0201X,191112434,189251280
2021,1356600878,207VE0102X,294643254,314064600
2021,1437418662,207VF0040X,12208,12208
2021,1316206535,207VM0101X,312173838,373113847
2021,1417216516,207V00000X,84132,770304009
2021,1447519541,207VM0101X,900153068,97239
2021,1104185081,207VM0101X,90095,065208063
2021,1972865475,207VM0101X,770303000,410173403
2021,1114289675,207V00000X,294258908,299108965
2021,1033471131,207V00000X,606371443,600052355
2021,1194087270,207V00000X,191044206,080032005
2021,1497003917,207V00000X,78539,78539
2021,1760730758,207VM0101X,92123,928683201
2021,1619215944,207V00000X,229087101,722057101
2021,1821336686,207VM0101X,115014077,410173403
2021,1003158809,207VF0040X,274056967,277592775
2021,1699017343,207VX0201X,753908091,117948091
2021,1235576471,207V00000X,780063312,782582584
2021,1275970402,207V00000X,553694730,52242
2021,1629415708,207V00000X,765086117,770366117
2021,1912344029,207VE0102X,303082212,060302947
2021,1730526724,207V00000X,641084619,641082733
2021,1588001382,207V00000X,722057101,522421009
2021,1902244684,390200000X,221822710,208920001
2021,1891132502,207VE0102X,079202976,303288101
2021,1871903096,390200000X,335435497,336073804
2021,1699185660,207V00000X,871093460,63117
2021,1588074447,390200000X,358015102,275144220
2021,1699185652,207VM0101X,452202475,410173403
2021,1235549908,390200000X,372320001,27710
2021,1992115455,207V00000X,980044509,96826
2021,1265848808,207VE0102X,271032930,282044397
2021,1497161947,207VM0101X,45429,450692505
2021,1790181030,207VM0101X,14621,14626
2021,1891175436,207V00000X,081031461,775550587
2021,1366822025,207V00000X,900331029,928353641
2021,1790165405,207VE0102X,07920,775550587
2021,1902260409,390200000X,021142621,981950001
2021,1669821401,207VF0040X,336063438,220423307
2021,1669985859,101YM0800X,294643045,294512165
2021,1932608106,207L00000X,85381,850131399
2021,1801389614,207X00000X,115721551,115805443
2021,1063995710,207VX0201X,191405103,191182722
2021,1396201927,363A00000X,282071109,606052348
2021,1548727928,207VX0201X,917541242,917541242
2021,1386206951,207VX0201X,276077505,275180002
2021,1073154894,363LF0000X,324467840,323084402
2021,1740864420,207VE0102X,926183709,928791389
2021,1811994726,207VM0101X,85028,850134218
2021,1326046889,207VM0101X,452202475,452062504
2021,1346211323,207VX0201X,727626362,727588602
2021,1619944550,207RI0001X,112065316,112386432
2021,1164498218,207VM0101X,06830,200102927
2021,1306806773,207V00000X,770302722,765080001
2021,1679537997,207VM0101X,852064629,850041153
2021,1508814104,207VM0101X,68198,809095533
2021,1013962026,207VF0040X,015815408,016081216
2021,1043248305,207VF0040X,170157027,170509401
2021,1821014317,207V00000X,99201,992042319
2021,1295842029,207V00000X,287047714,287116306
2021,1073695045,207VM0101X,174035074,174032862
2021,1972685105,207VX0201X,282042990,280252948
2021,1033278056,207V00000X,463111596,463212932
2021,1740349240,207VE0102X,296153170,291694716
2021,1265572093,207V00000X,170509422,170509401
2021,1265640676,207V00000X,232191901,232351900
2021,1063615185,207VX0201X,94109,941181506
2021,1447450499,207VX0201X,79106,770941286
2021,1497948731,207V00000X,551071805,559050001
2021,1336310945,207V00000X,99204,99204
2021,1073774782,207VX0201X,232985054,232351900
2021,1285890855,207V00000X,60134,522421009
2021,1144486507,207V00000X,97227,029052401
2021,1710127907,207VE0102X,220333310,443213149
2021,1689814501,207VM0101X,482022608,142082102
2021,1780819128,207VM0101X,94109,941104422
2021,1619296779,207VM0101X,930303722,93036
2021,1427342294,207VX0201X,90095,495032562
2021,1871872580,207V00000X,64108,482012018
2021,1881968063,207VX0201X,191112434,194011820
2021,1437418662,207VF0040X,12208,275997570
2021,1316206535,207VM0101X,312173838,309096426
2021,1417216516,207V00000X,84132,191044206
2021,1447519541,207VM0101X,900153068,911053022
2021,1194087270,207V00000X,191044206,023023308
2021,1821336686,207VM0101X,115014077,770368001
2021,1730526724,207V00000X,641084619,100166402
2021,1902244684,390200000X,221822710,060300001
2021,1699185660,207V00000X,871093460,871310001
2021,1699185652,207VM0101X,452202475,631171811
2021,1265848808,207VE0102X,271032930,287049721
2021,1790181030,207VM0101X,14621,145131057
2021,1790165405,207VE0102X,07920,775550587
2021,1669985859,101YM0800X,294643045,294648322
2021,1801389614,207X00000X,115721551,115203743
2021,1063995710,207VX0201X,191405103,191036231
2021,1679537997,207VM0101X,852064629,850373360
2021,1043248305,207VF0040X,170157027,170509422
2021,1295842029,207V00000X,287047714,287913760
2021,1073695045,207VM0101X,174035074,170427493
2021,1972685105,207VX0201X,282042990,282072134
2021,1740349240,207VE0102X,296153170,288033506
2021,1265572093,207V00000X,170509422,172014217
2021,1285890855,207V00000X,60134,522421009
2021,1780819128,207VM0101X,94109,946091710
2021,1619296779,207VM0101X,930303722,930101414
2021,1316206535,207VM0101X,312173838,304581683
2021,1417216516,207V00000X,84132,191044206
2021,1790181030,207VM0101X,14621,112202508
2021,1801389614,207X00000X,115721551,115591216
2021,1063995710,207VX0201X,191405103,191112443
2021,1679537997,207VM0101X,852064629,852024704
2021,1073695045,207VM0101X,174035074,172011036
2021,1740349240,207VE0102X,296153170,293034211
2021,1265572093,207V00000X,170509422,174035074
2021,1780819128,207VM0101X,94109,949042011
2021,1619296779,207VM0101X,930303722,891064007
2021,1316206535,207VM0101X,312173838,370274234
2021,1801389614,207X00000X,115721551,101281233
2021,1679537997,207VM0101X,852064629,853041273
2021,1073695045,207VM0101X,174035074,175221761
2021,1780819128,207VM0101X,94109,941181618
2021,1679537997,207VM0101X,852064629,852246236
2021,1073695045,207VM0101X,174035074,173252500
2021,1780819128,207VM0101X,94109,940103226
2021,1073695045,207VM0101X,174035074,22401
2021,1780819128,207VM0101X,94109,940103226
2021,1780819128,207VM0101X,94109,954044813
2021,1780681841,207VE0102X,284017407,
2021,1063419059,207VX0201X,15212,
2021,1699772624,207V00000X,120653763,
2021,1629075593,207VX0201X,070521000,
2021,1992703607,207VE0102X,286439416,
2021,1942207774,207VX0201X,01890,
2021,1588661318,207VX0201X,600451659,
2021,1912904756,207VX0201X,070521000,
2021,1356348056,207VX0201X,191063757,
2021,1902804693,207VX0201X,077199671,
2021,1689671539,207VG0400X,805243953,
2021,1619974318,207V00000X,805013128,
2021,1851399521,207VM0101X,100212651,
2021,1861490542,207VF0040X,705262208,
2021,1417955980,207VM0101X,100212651,
2021,1053319681,207VX0201X,142630001,
2021,1811989098,207VM0101X,374032724,
2021,1275525453,207VM0101X,891484858,
2021,1184616369,207VM0101X,371675688,
2021,1518959477,207VE0102X,853083795,
2021,1194717991,207VG0400X,850161302,
2021,1316939101,207VG0400X,850161302,
2021,1477545127,207V00000X,460164389,
2021,1063404812,207VX0000X,463201931,
2021,1770575474,207VX0201X,850164880,
2021,1992797682,207VE0102X,278343736,
2021,1942292644,207VX0201X,27858,
2021,1134111867,207VX0201X,392164643,
2021,1841282415,207VM0101X,278344300,
2021,1326030966,207VX0201X,334448193,
2021,1073505681,207VF0040X,458053110,
2021,1417949066,207VM0101X,309015104,
2021,1932191582,207VX0201X,312012100,
2021,1558353193,207VM0101X,309015104,
2021,1336131812,207VF0040X,750938497,
2021,1407848906,207VF0040X,13203,
2021,1073505525,207VX0201X,452203027,
2021,1023000544,207V00000X,452203027,
2021,1821080342,207VM0101X,309015104,
2021,1154317675,207VX0201X,462378633,
2021,1720074289,207VE0102X,605047205,
2021,1659367118,207VE0102X,086482320,
2021,1467448787,207VG0400X,054037612,
2021,1477549749,207VM0101X,760142083,
2021,1164418455,363A00000X,054037612,
2021,1346236536,207V00000X,19140,
2021,1841286242,207VF0040X,17403,
2021,1588650717,207VM0101X,672182900,
2021,1295721462,207V00000X,701154637,
2021,1194711374,207VE0102X,011071112,
2021,1346236486,207VE0102X,152354866,
2021,1902892987,207VX0201X,992042307,
2021,1235125220,207VX0201X,992042307,
2021,1225024185,207VX0201X,606575640,
2021,1811978281,207VF0040X,805385004,
2021,1073594404,207VM0101X,009616910,
2021,1871574285,207VE0102X,021142621,
2021,1538141817,207VM0101X,761044146,
2021,1629050919,207VX0201X,021156110,
2021,1730160037,207VM0101X,441242299,
2021,1265414593,207VX0201X,292108239,
2021,1528040854,207VX0201X,292108239,
2021,1871575142,207VX0201X,958172307,
2021,1285616557,207VX0201X,958172307,
2021,1215919535,207VE0102X,782293931,
2021,1164403457,207VM0101X,11557,
2021,1649252974,207VE0102X,447182408,
2021,1346222692,207V00000X,021184001,
2021,1205818465,207VM0101X,93636,
2021,1316929565,207VX0201X,930032909,
2021,1407838535,207VE0102X,483224182,
2021,1215919477,207VX0201X,958172307,
2021,1477535508,207V00000X,333242754,
2021,1215919428,207VM0101X,022155400,
2021,1972585040,207VX0201X,330281015,
2021,1962484030,207VX0201X,330215424,
2021,1881676906,207VM0101X,750358298,
2021,1184606212,207V00000X,330218103,
2021,1043292113,207VM0101X,331251610,
2021,1851377642,207VG0400X,336147144,
2021,1538145339,207VE0102X,337591353,
2021,1205813854,207V00000X,325016339,
2021,1861479354,207VM0101X,329033149,
2021,1821075151,207VX0201X,333081412,
2021,1871570044,207VX0201X,197132055,
2021,1013994425,207VE0102X,48124,
2021,1629055074,207V00000X,641324128,
2021,1033180286,207VX0201X,060521743,
2021,1326019589,207VM0101X,200102927,
2021,1073584207,207VX0201X,303421626,
2021,1659342756,207V00000X,482012013,
2021,1245201201,207V00000X,905022004,
2021,1720059793,207V00000X,214017992,
2021,1326019100,207V00000X,454594465,
2021,1023089893,207VX0201X,606740023,
2021,1881665503,207VE0102X,921341098,
2021,1053382705,207VM0101X,483415023,
2021,1124099783,207VE0102X,911052515,
2021,1356312904,207VE0102X,722056417,
2021,1073584728,207VE0102X,672263007,
2021,1649241019,207VM0101X,016052903,
2021,1609842764,207VM0101X,53715,
2021,1285600635,207VX0201X,850164872,
2021,1811963176,207V00000X,112053704,
2021,1275509515,207VX0201X,303421626,
2021,1609842954,207V00000X,240164418,
2021,1952377152,207V00000X,152133108,
2021,1396711529,207VG0400X,984051702,
2021,1578539920,207VE0102X,235071627,
2021,1407822745,207VX0201X,300464317,
2021,1033185228,207VX0201X,722057101,
2021,1013983279,207VM0101X,237082111,
2021,1689640674,207VM0101X,021111526,
2021,1356317218,207VM0101X,44124,
2021,1265408314,207VM0101X,905034504,
2021,1457327421,207V00000X,33837,
2021,1487620530,207V00000X,322096511,
2021,1104892157,207VX0201X,309120004,
2021,1730155797,207V00000X,322096511,
2021,1689640708,207VX0201X,53792,
2021,1447226337,207VF0040X,443021709,
2021,1174599005,207VE0102X,150909282,
2021,1073589909,207VX0201X,312012100,
2021,1174599294,207VM0101X,53715,
2021,1932175908,207VE0102X,600073392,
2021,1699741686,207VE0102X,331362107,
2021,1205803111,207V00000X,34208,
2021,1295702082,207VE0102X,200373201,
2021,1992765481,207VM0101X,024582714,
2021,1679533186,207V00000X,945871507,
2021,1497715916,207VE0102X,672262182,
2021,1407816994,207VM0101X,554044514,
2021,1477514826,207VM0101X,77401,
2021,1295796662,207VE0102X,402053372,
2021,1407816804,207V00000X,146093173,
2021,1669433082,207VX0201X,200162633,
2021,1346201720,207V00000X,765080001,
2021,1588625883,207VM0101X,895034548,
2021,1093776486,207V00000X,968595001,
2021,1467413823,207VE0102X,190875614,
2021,1124089305,207VE0102X,480736710,
2021,1871554998,207VG0400X,660442215,
2021,1316908494,207VF0040X,770047642,
2021,1225099377,207V00000X,372320001,
2021,1285698811,207V00000X,170332360,
2021,1578527149,207VM0101X,191021121,
2021,1033173752,207V00000X,176012644,
2021,1881658417,207VE0102X,920371027,
2021,1831153352,207V00000X,191075176,
2021,1285698704,207VM0101X,454092722,
2021,1720042245,207VM0101X,432212800,
2021,1720042104,207VM0101X,852584569,
2021,1003870528,207VM0101X,432212849,
2021,1649234162,207VM0101X,432213502,
2021,1801850359,207VE0102X,441091900,
2021,1255395554,207VM0101X,943052200,
2021,1811951122,207VM0101X,852106008,
2021,1255395687,207VX0201X,631417025,
2021,1427012772,207VX0201X,331733637,
2021,1154385417,207VX0201X,63141,
2021,1952365231,207VM0101X,441950001,
2021,1588628580,207VX0201X,236012365,
2021,1730143801,207VX0201X,376607390,
2021,1003870189,207VM0101X,284036011,
2021,1114981172,207VM0101X,070792636,
2021,1003870015,207V00000X,191044238,
2021,1235193426,207VM0101X,852958487,
2021,1205890399,207SG0201X,292036808,
2021,1700840709,207VX0201X,801132736,
2021,1063476190,207V00000X,19111,
2021,1609824481,207VF0040X,132101640,
2021,1750339446,207V00000X,920371300,
2021,1184673410,207VM0101X,662152300,
2021,1962450437,207VE0102X,480351772,
2021,1629026034,207VE0102X,85258,
2021,1548218886,207VM0101X,537171407,
2021,1689622284,207VX0201X,322241865,
2021,1902854565,207VX0201X,334862337,
2021,1619925195,207VE0102X,775984052,
2021,1417905993,207VX0201X,322041149,
2021,1437107810,207VM0101X,100296501,
2021,1043268501,207VF0040X,212242735,
2021,1225086937,207VM0101X,895021262,
2021,1447208756,207VX0201X,752462003,
2021,1851346183,207VE0102X,366041512,
2021,1982659967,207VM0101X,633012844,
2021,1144275132,207VX0201X,662042207,
2021,1023063013,207VE0102X,980343034,
2021,1982659231,207VX0201X,326054381,
2021,1902851264,207VX0201X,326054384,
2021,1417902602,207VX0201X,35233,
2021,1245285469,207VE0102X,331434806,
2021,1437104668,207VM0101X,701156914,
2021,1477508620,207VX0201X,331361005,
2021,1851346910,207VE0102X,35233,
2021,1376598680,207VM0101X,465451464,
2021,1790730026,207VX0201X,113651449,
2021,1528013620,207VF0040X,234353763,
2021,1609821016,207VX0201X,852342394,
2021,1407801558,207VX0201X,26505,
2021,1043266091,207VX0201X,662042207,
2021,1013963040,207VM0101X,958167097,
2021,1609822691,207V00000X,296054247,
2021,1538115324,207VX0201X,926633525,
2021,1043266794,207VX0201X,801132736,
2021,1457307191,363LW0102X,55369,
2021,1689613267,207SG0201X,208503348,
2021,1497794168,207VM0101X,076011914,
2021,1720027535,207VM0101X,333162510,
2021,1942249701,207VM0101X,185102369,
2021,1174562649,207VX0201X,489121811,
2021,1598704348,207V00000X,06610,
2021,1013956713,207VM0101X,296054281,
2021,1780623215,207VM0101X,022155400,
2021,1063451508,207VM0101X,208503348,
2021,1649210188,207T00000X,800213408,
2021,1902846454,207VE0102X,480843522,
2021,1245270792,207VM0101X,481842405,
2021,1487694949,207VM0101X,48201,
2021,1336189463,207VE0102X,100163214,
2021,1558301440,207VX0201X,441950001,
2021,1508806670,207VE0102X,07652,
2021,1770523771,207VM0101X,946093424,
2021,1437199411,207VF0040X,495032515,
2021,1598705576,207V00000X,296054247,
2021,1639119118,207VE0102X,926068226,
2021,1194765339,207VX0201X,191182718,
2021,1184664336,207VE0102X,100163214,
2021,1922048123,207V00000X,631171858,
2021,1316987407,207VX0201X,537920001,
2021,1043250566,207VX0201X,922703221,
2021,1538109699,207VE0102X,068306074,
2021,1538104351,207VM0101X,773042889,
2021,1033154935,207VM0101X,392164500,
2021,1891730669,207VE0102X,662152300,
2021,1093750879,207VX0201X,241537474,
2021,1225073026,207VX0201X,392164500,
2021,1396780193,207VM0101X,708154114,
2021,1508801432,207VX0201X,076664245,
2021,1780629410,207VX0201X,232294942,
2021,1497790141,207VM0101X,972271683,
2021,1790720175,207VM0101X,958154305,
2021,1568407955,207V00000X,079606481,
2021,1962447482,207VM0101X,212011734,
2021,1154366607,207V00000X,328045505,
2021,1992740450,207VG0400X,911053150,
2021,1235174822,174400000X,958172307,
2021,1649215294,207VE0102X,462025149,
2021,1811932437,207V00000X,19104,
2021,1467489906,207VE0102X,079202976,
2021,1588692933,207VM0101X,837026100,
2021,1861420093,207V00000X,441950001,
2021,1912934472,174400000X,376046056,
2021,1861429334,207V00000X,551185113,
2021,1568499044,207VM0101X,600681186,
2021,1497782981,207VM0101X,752461713,
2021,1558398040,207VM0101X,152242156,
2021,1285661777,207V00000X,891022352,
2021,1497783815,207VX0201X,232985051,
2021,1467480723,207VX0000X,917903938,
2021,1720016553,207VE0102X,441950001,
2021,1184652174,207VE0102X,20037,
2021,1093743098,207V00000X,761044611,
2021,1982632741,207RH0003X,436082603,
2021,1396773156,207VM0101X,441091900,
2021,1821026725,207VM0101X,029052401,
2021,1912935826,207VE0102X,923356720,
2021,1275561193,207V00000X,602011718,
2021,1841228525,207VX0201X,841241228,
2021,1346278041,207VX0201X,627025303,
2021,1285662007,207VX0201X,432141419,
2021,1922036698,207V00000X,462025149,
2021,1780612804,207V00000X,191076130,
2021,1568490696,207VE0102X,00725,
2021,1639107360,207VM0101X,600681186,
2021,1629001144,207VE0102X,441221710,
2021,1508899311,207V00000X,606575188,
2021,1417980962,207VM0101X,92103,
2021,1669405478,207VF0040X,92103,
2021,1659304103,207VM0101X,441061716,
2021,1326071887,207V00000X,627024968,
2021,1043243504,207VM0101X,071032425,
2021,1750314407,207VM0101X,902622655,
2021,1265465827,207V00000X,78258,
2021,1346273034,207V00000X,75204,
2021,1932132511,207VM0101X,441091900,
2021,1407889520,207V00000X,770302608,
2021,1902839335,207VM0101X,921039000,
2021,1497788657,207V00000X,029052401,
2021,1598798779,207VM0101X,466011171,
2021,1366475568,207V00000X,402025700,
2021,1619900073,207VM0101X,871310001,
2021,1235162512,207V00000X,01605,
2021,1437182722,207VX0201X,441228400,
2021,1700819760,207VM0101X,126011300,
2021,1760408173,207VX0201X,950321438,
2021,1144246653,207VE0102X,481245032,
2021,1265459622,207VE0102X,170332360,
2021,1083631071,207VM0101X,750823542,
2021,1326065228,207VM0101X,037561000,
2021,1922025931,207VM0101X,711034228,
2021,1659398667,207VX0201X,200103017,
2021,1356364863,207VM0101X,112015465,
2021,1205859691,207VM0101X,220315207,
2021,1003839267,207VG0400X,212022001,
2021,1518981562,207VX0201X,379161853,
2021,1699798900,207V00000X,054011473,
2021,1730102914,207VX0201X,197132081,
2021,1871516294,207VM0101X,323085301,
2021,1790708048,207VG0400X,871091226,
2021,1003839234,207V00000X,029052401,
2021,1710901871,207V00000X,21202,
2021,1568486264,207VM0101X,750823542,
2021,1003830704,207V00000X,940404103,
2021,1962426049,207VG0400X,293071008,
2021,1639193337,207VX0201X,871092117,
2021,1316961022,207V00000X,857122805,
2021,1285658310,207P00000X,703014847,
2021,1831113950,207VX0201X,331762118,
2021,1972526069,207VM0101X,212047700,
2021,1720095649,207V00000X,972393011,
2021,1972510808,207V00000X,972393011,
2021,1962419788,207VF0040X,178221447,
2021,1851309306,207VM0101X,972393011,
2021,1750399218,207V00000X,972393011,
2021,1154339547,207VM0101X,78723,
2021,1770591190,207VM0101X,029052401,
2021,1053328625,207V00000X,200102927,
2021,1598772162,207VE0102X,606114546,
2021,1396753596,207VG0400X,900335310,
2021,1558379024,207VM0101X,608052814,
2021,1457368029,207VX0201X,933014211,
2021,1184631715,207VM0101X,61104,
2021,1629181763,207VX0201X,452203027,
2021,1922111012,207VM0101X,163231811,
2021,1720191893,207VM0101X,852553659,
2021,1407969587,207VX0201X,198052671,
2021,1891808903,207VM0101X,181036202,
2021,1063525038,207VE0102X,63141,
2021,1760595870,207VM0101X,374032724,
2021,1013020890,207VM0101X,19456,
2021,1366555369,207V00000X,680223917,
2021,1144333154,207VM0101X,181036122,
2021,1124131818,207V00000X,83704,
2021,1902919954,207VX0201X,604532600,
2021,1417060112,207VX0201X,317093917,
2021,1437262151,207VX0201X,871064917,
2021,1336252063,207VX0201X,871092117,
2021,1528171261,207V00000X,00918,
2021,1992818827,207VE0102X,60133,
2021,1427161306,207VX0201X,483415023,
2021,1922111202,207VM0101X,672144923,
2021,1861505323,207VX0201X,35233,
2021,1699888164,207VE0102X,35233,
2021,1336252659,207VE0102X,06880,
2021,1023126562,207VE0102X,926633522,
2021,1659489284,207VX0201X,040749692,
2021,1376651091,207VF0040X,341347594,
2021,1487761235,207VM0101X,100382612,
2021,1124136742,207VG0400X,341347594,
2021,1538277181,207L00000X,372122637,
2021,1881701522,207VM0101X,680223913,
2021,1770691289,207VE0102X,29464,
2021,1326156068,207VM0101X,462561714,
2021,1790893287,207VX0201X,968261001,
2021,1033227491,207VE0102X,029052401,
2021,1609984905,207V00000X,871064900,
2021,1184732406,207VX0201X,553443248,
2021,1801904123,207VM0101X,275990001,
2021,1366553497,207VX0201X,605231245,
2021,1437260775,207VX0201X,914032109,
2021,1346351327,207VM0101X,802055503,
2021,1558472696,207VM0101X,158252323,
2021,1437260973,207V00000X,040112653,
2021,1790896256,174400000X,040112653,
2021,1083725089,207VM0101X,430177589,
2021,1902918048,207VX0201X,605231245,
2021,1902917081,207VM0101X,106014615,
2021,1922110972,207VF0040X,972103041,
2021,1760593255,207V00000X,680284888,
2021,1942308465,207V00000X,857240001,
2021,1548368061,207V00000X,666041301,
2021,1679670764,207VM0101X,089011766,
2021,1639276850,207VM0101X,705086949,
2021,1235236308,207VM0101X,891022351,
2021,1710084082,207VE0102X,672262182,
2021,1316044605,207VG0400X,178222920,
2021,1477651719,207VG0400X,801345640,
2021,1437257854,207P00000X,704332980,
2021,1538267976,207V00000X,100214099,
2021,1326146622,207V00000X,100214099,
2021,1710085089,207VE0102X,781451188,
2021,1417055641,207V00000X,503143044,
2021,1568554129,207VX0201X,328063910,
2021,1619069424,207VX0201X,077199671,
2021,1912099789,207VM0101X,336063603,
2021,1164514642,207VM0101X,071032425,
2021,1568554319,2086X0206X,701153532,
2021,1982797361,207V00000X,481094276,
2021,1811084999,207V00000X,100214870,
2021,1528155579,207VE0102X,972394501,
2021,1699862748,207V00000X,191075127,
2021,1508953654,207VX0201X,800452545,
2021,1417044546,207VM0101X,372320001,
2021,1578650685,207VX0201X,372320001,
2021,1174610166,207VM0101X,443072433,
2021,1992892871,207V00000X,968261001,
2021,1871681676,207VM0101X,024217109,
2021,1861589806,207VM0101X,773394412,
2021,1306934161,207VE0102X,109703553,
2021,1033207998,207V00000X,009276733,
2021,1861580524,207VM0101X,917903938,
2021,1548358344,207VM0101X,917903938,
2021,1174605091,207V00000X,226012807,
2021,1205917614,207V00000X,799257618,
2021,1184705501,207V00000X,197132072,
2021,1598847972,207VX0201X,770304009,
2021,1326120734,207VM0101X,773394412,
2021,1679654008,207VX0201X,080434689,
2021,1912089277,207VE0102X,117972503,
2021,1609958974,207VE0102X,921232778,
2021,1801978036,207VX0201X,77030,
2021,1295817245,207VM0101X,95350,
2021,1033291323,207VM0101X,972211835,
2021,1740362052,207VX0201X,972102934,
2021,1871675462,207V00000X,466011156,
2021,1295813905,207VM0101X,956613027,
2021,1740368455,207VX0201X,958252115,
2021,1003994716,207VX0201X,958252115,
2021,1649357948,207VE0102X,220314617,
2021,1477630580,207VM0101X,925075348,
2021,1336226679,207V00000X,554265000,
2021,1841377942,207VM0101X,081031461,
2021,1679650246,207VE0102X,912064197,
2021,1275611295,207V00000X,080841354,
2021,1548348485,207V00000X,212155216,
2021,1609954544,207VM0101X,761042158,
2021,1114005071,207VM0101X,331379800,
2021,1982781498,207VE0102X,037561000,
2021,1285712786,207VM0101X,946125103,
2021,1164593802,207VM0101X,913601935,
2021,1558432179,207VG0400X,30910,
2021,1013088830,207V00000X,207745374,
2021,1336211887,207VM0101X,752461713,
2021,1972674430,207VM0101X,11021,
2021,1265503023,207V00000X,921232778,
2021,1174694939,207V00000X,921232771,
2021,1083785844,207V00000X,92130,
2021,1871664375,207VM0101X,917903938,
2021,1508937269,207VE0102X,022153904,
2021,1578634663,207V00000X,212870005,
2021,1417028275,207V00000X,92130,
2021,1154493559,207VE0102X,024511100,
2021,1952473118,207VM0101X,641113220,
2021,1346312717,207VX0201X,028953207,
2021,1255403622,207V00000X,782344504,
2021,1326113564,207VM0101X,077405725,
2021,1619042504,207VX0201X,100135003,
2021,1639244502,207VM0101X,115304893,
2021,1548335417,207V00000X,240164962,
2021,1306911235,207VX0201X,19107,
2021,1225104169,207VM0101X,454092722,
2021,1245306976,207VE0102X,021142621,
2021,1528127651,207VX0201X,802203923,
2021,1184783391,207VM0101X,99508,
2021,1679632582,207VM0101X,065103206,
2021,1144389230,207VM0101X,913608032,
2021,1942369285,207VM0101X,83704,
2021,1689733214,207VX0201X,921202507,
2021,1528127164,207VG0400X,92660,
2021,1407915150,207VX0201X,904042303,
2021,1295894673,174400000X,940404124,
2021,1184783516,207VM0101X,775555302,
2021,1558426700,207VE0102X,604352879,
2021,1548325871,207V00000X,271570001,
2021,1164587408,207VM0101X,122083797,
2021,1154486405,207VE0102X,330635755,
2021,1144385212,207VE0102X,900256646,
2021,1346305604,207VE0102X,060322568,
2021,1487710463,207VM0101X,941582549,
2021,1740346725,207V00000X,191044408,
2021,1386700367,207VE0102X,079202976,
2021,1245396142,207V00000X,100654870,
2021,1063578961,207VE0102X,276076688,
2021,1033275995,207VE0102X,208920001,
2021,1912063728,207VF0040X,309120004,
2021,1982760872,207V00000X,197132072,
2021,1194881938,207VE0102X,662152300,
2021,1457417263,207VM0101X,992042803,
2021,1316003114,207VM0101X,392021651,
2021,1144386822,207VE0102X,191075504,
2021,1811053556,207VE0102X,191075504,
2021,1700942380,207VM0101X,021142621,
2021,1477619732,207VX0201X,142212642,
2021,1306995287,207V00000X,941430001,
2021,1184773749,207VE0102X,358017416,
2021,1770633216,207V00000X,799024675,
2021,1821147422,207VX0201X,495032562,
2021,1316096811,207VE0102X,980044623,
2021,1932259363,207VE0102X,760226033,
2021,1669522132,207VE0102X,760226033,
2021,1417007808,207VG0400X,87106,
2021,1942354519,207VM0101X,891064004,
2021,1215081559,207V00000X,631081495,
2021,1710032743,207V00000X,191075701,
2021,1508911538,207VG0400X,943052200,
2021,1073668034,207VE0102X,352232420,
2021,1457405490,207VM0101X,100211851,
2021,1447390901,207VE0102X,312101822,
2021,1992845077,207VE0102X,12205,
2021,1356482905,207VX0201X,432123117,
2021,1215078977,207VM0101X,322078334,
2021,1013057827,207VM0101X,185102025,
2021,1609910900,207VM0101X,871064917,
2021,1629112917,207VE0102X,216014060,
2021,1275677486,207VM0101X,900485426,
2021,1922142165,207V00000X,170332360,
2021,1407991532,207VE0102X,021803335,
2021,1518002567,207VX0201X,19096,
2021,1275678294,207V00000X,921038433,
2021,1275662017,207VX0201X,080342413,
2021,1699804815,207VM0101X,809095533,
2021,1023147055,207VX0201X,303421626,
2021,1932238961,207VX0201X,302742612,
2021,1235269895,207VX0201X,801132736,
2021,1285764738,207VX0201X,232354730,
2021,1144354002,207V00000X,069055359,
2021,1639203516,207VE0102X,60173,
2021,1487788006,207VE0102X,611075912,
2021,1417081290,207V00000X,482012007,
2021,1659499705,207VM0101X,481971096,
2021,1740308808,207VF0040X,054036491,
2021,1790803773,207VE0102X,07039,
2021,1780702761,207VE0102X,07039,
2021,1598883571,207VE0102X,07039,
2021,1851410534,207VE0102X,941332122,
2021,1306069661,207VX0201X,722056321,
2021,1891918553,207VE0102X,980347467,
2021,1467675082,207VM0101X,834047533,
2021,1205050457,207VM0101X,200102927,
2021,1386868578,207VE0102X,928683201,
2021,1063636298,207VM0101X,283044457,
2021,1316167018,207VE0102X,115014235,
2021,1154541936,207VC0200X,606127313,
2021,1164642237,207V00000X,787051188,
2021,1225258338,207VE0102X,068306877,
2021,1063632180,2081P2900X,028402209,
2021,1720292303,207VX0201X,495463691,
2021,1689888224,207VE0102X,600313322,
2021,1689889891,207VM0101X,907161154,
2021,1679788038,207VM0101X,631081402,
2021,1982819058,207VM0101X,064372719,
2021,1992910269,207RI0200X,014532238,
2021,1700091709,207VM0101X,631171858,
2021,1619185386,207V00000X,402074707,
2021,1760690440,207V00000X,240132222,
2021,1124236781,207V00000X,867189103,
2021,1710195383,207V00000X,282043215,
2021,1073721635,207VX0201X,379201524,
2021,1942418504,207VM0101X,981956460,
2021,1760690358,207VG0400X,022155400,
2021,1558579078,207VX0201X,142630001,
2021,1811105372,207VX0201X,322078432,
2021,1629286174,207VM0101X,352491900,
2021,1952519365,207V00000X,481044823,
2021,1972711547,207VE0102X,77024,
2021,1316155781,207VX0201X,958172307,
2021,1689882748,207V00000X,110303816,
2021,1780892851,207VM0101X,606115975,
2021,1316155419,207VE0102X,606123841,
2021,1881802965,207V00000X,80923,
2021,1235347477,207V00000X,900481804,
2021,1821290487,207V00000X,968142118,
2021,1104028620,207VX0201X,212052000,
2021,1114129541,207VX0201X,212870005,
2021,1467654079,207VM0101X,016052903,
2021,1245433465,207VM0101X,800452545,
2021,1003019217,207VE0102X,631082212,
2021,1346443538,207VM0101X,784124938,
2021,1396948659,207V00000X,600681186,
2021,1396948501,207VM0101X,441242299,
2021,1790988905,207VM0101X,604519623,
2021,1730382839,207VX0201X,602011718,
2021,1881897908,207VE0102X,840623216,
2021,1285837526,207VM0101X,984031646,
2021,1518160720,207V00000X,463111596,
2021,1700089950,207VM0101X,761042158,
2021,1952504284,207V00000X,775984052,
2021,1144423542,207VG0400X,282043215,
2021,1962605360,208D00000X,28204,
2021,1801099171,207VM0101X,76104,
2021,1558564716,207VE0102X,190032321,
2021,1225237449,207VE0102X,110303816,
2021,1821297987,207VF0040X,554264702,
2021,1790985802,207V00000X,061025037,
2021,1235339276,207V00000X,753907208,
2021,1619177680,207VF0040X,63141,
2021,1528268463,207VX0201X,753907208,
2021,1861692717,207VM0101X,432212800,
2021,1003016965,207VM0101X,627025303,
2021,1225238058,207VE0102X,450692509,
2021,1477753457,207VF0040X,958172307,
2021,1154521938,207V00000X,372320001,
2021,1316147192,207VX0201X,606123841,
2021,1407056005,207V00000X,122083555,
2021,1205028792,207VX0201X,100656007,
2021,1770776288,207V00000X,900481804,
2021,1285827543,207VM0101X,782293425,
2021,1043403363,208800000X,551085109,
2021,1740473735,207VX0201X,302144550,
2021,1407044043,207VX0201X,331334741,
2021,1548458904,207VX0201X,489123753,
2021,1114115409,207VF0040X,482362167,
2021,1932382447,207V00000X,940404103,
2021,1356524409,207V00000X,100751850,
2021,1275716144,207VX0201X,895021464,
2021,1992973036,207VE0102X,079202976,
2021,1184892002,207VE0102X,921303038,
2021,1962670893,207VE0102X,921303038,
2021,1447428420,207VM0101X,921232778,
2021,1619145505,207VM0101X,904011421,
2021,1518135367,207VX0201X,956086333,
2021,1255509980,207VM0101X,10016,
2021,1265600902,207VX0201X,48912,
2021,1659549236,207VM0101X,981338401,
2021,1679741268,207VE0102X,208506357,
2021,1144498718,207VE0102X,079202976,
2021,1912175613,207VE0102X,20912,
2021,1750559233,207VM0101X,405031431,
2021,1548431604,174400000X,852595452,
2021,1962673046,207VX0201X,945982990,
2021,1952572901,207VE0102X,891440514,
2021,1063683936,207VX0201X,10461,
2021,1972774784,207VM0101X,065103218,
2021,1972760148,207VM0101X,891440518,
2021,1629235783,207VX0201X,951281600,
2021,1851558779,207VX0201X,113555045,
2021,1366609877,207VE0102X,190013714,
2021,1366603367,207VX0201X,770304000,
2021,1255592952,174400000X,730138504,
2021,1679734453,207V00000X,347858772,
2021,1215198080,207VX0201X,274031118,
2021,1407017189,207VM0101X,112281207,
2021,1457513095,390200000X,441950002,
2021,1922269653,207VF0040X,275996117,
2021,1699937276,207V00000X,200373201,
2021,1598927261,207VX0201X,972102900,
2021,1083875710,207V00000X,253042696,
2021,1548422140,207VE0102X,900173901,
2021,1295997617,207V00000X,171012515,
2021,1780846287,390200000X,522421007,
2021,1992967301,207VG0400X,945682441,
2021,1306008859,207VM0101X,071032757,
2021,1689836280,207VE0102X,904041106,
2021,1114183977,207VX0201X,850134224,
2021,1265698849,207VX0201X,600073378,
2021,1659537231,207V00000X,372325100,
2021,1326204942,207VX0201X,554332774,
2021,1598921181,207VX0201X,142630001,
2021,1114183779,207VB0002X,303033031,
2021,1508022153,207VM0101X,115014064,
2021,1225294762,207V00000X,554550341,
2021,1225294689,207VX0201X,432141401,
2021,1336305614,207VM0101X,327923301,
2021,1508022781,207VF0040X,970158970,
2021,1215193495,207VM0101X,907103416,
2021,1164673349,207VM0101X,100323720,
2021,1093966269,207V00000X,462378633,
2021,1477704518,207VE0102X,931032264,
2021,1942451075,207VG0400X,782293724,
2021,1841441961,207RH0000X,782293832,
2021,1811148760,207VE0102X,914232502,
2021,1336390269,207RH0000X,782293832,
2021,1821249715,207VE0102X,100168318,
2021,1326299264,207V00000X,79912,
2021,1982855813,207RH0000X,782293832,
2021,1750526265,207VE0102X,927084056,
2021,1275778680,207V00000X,265061200,
2021,1750526083,2085R0202X,956612865,
2021,1922243211,207VX0201X,606123841,
2021,1255571568,207VX0201X,770304009,
2021,1972743284,207VE0102X,06830,
2021,1609016815,207V00000X,077534488,
2021,1265672406,207VM0101X,432052664,
2021,1396985206,207VX0201X,495032562,
2021,1780824599,207V00000X,208890001,
2021,1851526743,207Q00000X,951233010,
2021,1922233824,207V00000X,070395672,
2021,1871728840,207VX0201X,871092117,
2021,1619102563,207VX0201X,336129416,
2021,1174758031,207VX0201X,921039000,
2021,1417182213,207VE0102X,913553402,
2021,1134354954,207VX0201X,490073731,
2021,1396970109,207VM0101X,303091281,
2021,1841425618,390200000X,137324101,
2021,1487889168,207V00000X,800452545,
2021,1669607388,207V00000X,984319000,
2021,1255566964,207V00000X,800452545,
2021,1023243698,2088F0040X,339127130,
2021,1558596015,207V00000X,480753710,
2021,1295960706,207VF0040X,085406666,
2021,1881829315,207VX0000X,775550587,
2021,1760617146,207V00000X,731124448,
2021,1114152543,390200000X,435602193,
2021,1376773135,207VM0101X,775555302,
2021,1609006295,207VM0101X,852046683,
2021,1215167549,207V00000X,753907208,
2021,1497081582,207VE0102X,940631433,
2021,1760718548,207V00000X,60068,
2021,1265768980,207VM0101X,952046117,
2021,1750617361,207VM0101X,616370001,
2021,1457681009,207VM0101X,180151155,
2021,1619207040,207VX0201X,787582401,
2021,1720318041,207VX0201X,337121702,
2021,1225368558,207VM0101X,900043025,
2021,1588994727,207V00000X,841320001,
2021,1487984589,207VX0201X,522421009,
2021,1346570405,207VF0040X,606112927,
2021,1760712863,207V00000X,631082212,
2021,1457675290,207VE0102X,152375928,
2021,1811211519,207V00000X,462602053,
2021,1457675159,207V00000X,100166402,
2021,1538483003,207VX0201X,01805,
2021,1467776948,207VX0201X,943042201,
2021,1548584014,207VX0201X,029053240,
2021,1649594136,207VX0201X,021156110,
2021,1336464734,207VX0201X,100654870,
2021,1205151628,207VE0102X,460324426,
2021,1295050706,390200000X,302658001,
2021,1720303126,207VX0201X,15224,
2021,1447575568,207VX0201X,925553927,
2021,1386963791,207VE0102X,10451,
2021,1942529367,207VF0040X,112353020,
2021,1790004083,207VX0201X,454092939,
2021,1225357395,207VF0040X,850161302,
2021,1205155348,207VX0201X,300336131,
2021,1841519824,207VM0101X,100176256,
2021,1518287572,207V00000X,631082212,
2021,1376862383,207V00000X,142031021,
2021,1164737979,207VE0102X,801125999,
2021,1235444050,207VF0040X,442033017,
2021,1861707515,207VX0201X,331762118,
2021,1659687275,207VE0102X,787051223,
2021,1669788006,207V00000X,73104,
2021,1396051736,207V00000X,800452545,
2021,1598075632,207VX0201X,334448193,
2021,1780993881,207V00000X,495032543,
2021,1942510920,207VX0201X,112192923,
2021,1154631273,207VF0040X,958172307,
2021,1265736904,207VE0102X,476308940,
2021,1609171305,207VE0102X,968132829,
2021,1285939884,207VM0101X,303124205,
2021,1538467683,207VE0102X,452424400,
2021,1265730337,207VE0102X,379342806,
2021,1699074732,207VM0101X,841430001,
2021,1508165648,207VM0101X,840032096,
2021,1053610196,207VM0101X,841430001,
2021,1083913073,207VM0101X,286029617,
2021,1235438037,207V00000X,10532,
2021,1073812897,207VM0101X,76104,
2021,1780983528,207VE0102X,940251964,
2021,1518266303,390200000X,117068441,
2021,1467751255,207VE0102X,076242431,
2021,1891094546,207VX0201X,604112666,
2021,1962701672,207VM0101X,339525038,
2021,1184918443,207V00000X,191021911,
2021,1316231566,207V00000X,75034,
2021,1962796193,207VE0102X,077024151,
2021,1972897825,207V00000X,902747600,
2021,1174817118,207VF0040X,98431,
2021,1891089769,207V00000X,065103206,
2021,1457646127,207VM0101X,432212800,
2021,1912287392,207VM0101X,328061008,
2021,1700166147,207VX0201X,770541900,
2021,1366722704,207VM0101X,926183189,
2021,1427332345,207VM0101X,104612720,
2021,1275801771,207VM0101X,062601836,
2021,1396019527,207VE0102X,43082,
2021,1861767857,207VX0201X,080534141,
2021,1568737542,207VX0201X,080032150,
2021,1962777953,207VX0201X,080804002,
2021,1396010385,207VX0201X,080439616,
2021,1801161880,207VX0201X,080372032,
2021,1245505239,207VX0201X,080961794,
2021,1134488620,390200000X,900957419,
2021,1710246210,207VE0102X,711034010,
2021,1639438088,207VX0201X,322096511,
2021,1679832075,207VM0101X,257013656,
2021,1093074486,207VX0201X,303033031,
2021,1417216896,207VF0040X,495462149,
2021,1710246855,390200000X,112046079,
2021,1063771079,207VX0201X,271033013,
2021,1124387006,207VX0201X,430267752,
2021,1629337696,207VM0101X,115013957,
2021,1659633972,207V00000X,328044641,
2021,1871855205,207VE0102X,379342806,
2021,1164784450,207V00000X,761044804,
2021,1669734950,207V00000X,662152305,
2021,1992067094,207VM0101X,606371447,
2021,1558623637,207VM0101X,100321559,
2021,1487916649,207VX0201X,333162510,
2021,1831451848,207VM0101X,452192364,
2021,1497003982,207VE0102X,077391150,
2021,1578811923,207VF0040X,911053045,
2021,1679821979,207VE0102X,933096279,
2021,1033467188,207VM0101X,370871511,
2021,1033462981,207VG0400X,021803335,
2021,1962740092,207V00000X,12569,
2021,1134467129,207VM0101X,334305368,
2021,1407194186,207VF0040X,220036800,
2021,1700124427,207V00000X,405360293,
2021,1407197593,207VX0201X,153179762,
2021,1073855805,207VX0201X,800452545,
2021,1518209451,207VF0040X,443072433,
2021,1922340744,390200000X,441224317,
2021,1629310347,207VF0040X,838545275,
2021,1164764874,207VM0101X,532263522,
2021,1821330606,207VM0101X,701122865,
2021,1922445188,207VM0101X,388016540,
2021,1861839946,207VM0101X,10075,
2021,1376980524,207VE0102X,522421009,
2021,1801233929,207VM0101X,337014815,
2021,1265879209,207VM0101X,606124795,
2021,1851738793,390200000X,331834826,
2021,1962849703,207VF0040X,126015458,
2021,1366889065,207V00000X,196111410,
2021,1063859726,207VX0201X,275144220,
2021,1336587088,207VX0201X,74146,
2021,1164869830,207VM0101X,898018333,
2021,1306288287,207VE0102X,921213811,
2021,1790127454,207VE0102X,499132134,
2021,1083056774,207VF0040X,222053683,
2021,1144655853,207VM0101X,370271748,
2021,1508291220,207VE0102X,852584424,
2021,1518393164,207VX0201X,152242156,
2021,1598186256,207VE0102X,209127516,
2021,1619399938,207VX0201X,485035993,
2021,1598182362,207VE0102X,90067,
2021,1558788935,390200000X,105302319,
2021,1730506916,207VF0040X,441950001,
2021,1568889756,390200000X,537151507,
2021,1881011120,207VM0101X,283748710,
2021,1952728131,207VM0101X,334106294,
2021,1255747051,207VM0101X,581036132,
2021,1679989958,207V00000X,55905,
2021,1447666862,207VX0201X,100103788,
2021,1295141380,207VX0201X,468054788,
2021,1538575626,207V00000X,55905,
2021,1659772986,207VX0201X,730697883,
2021,1952702102,207RX0202X,802105855,
2021,1194126888,207VM0101X,126013912,
2021,1588060875,207VE0102X,852584480,
2021,1619373768,207V00000X,759651874,
2021,1750771705,207VM0101X,294145733,
2021,1922498708,207VM0101X,088402292,
2021,1811382898,207VE0102X,731045018,
2021,1396130357,207VE0102X,852584587,
2021,1871989749,207VF0040X,222053690,
2021,1477933091,207VE0102X,770463726,
2021,1225408248,207VM0101X,123094725,
2021,1629443049,207V00000X,871064900,
2021,1528433968,207VX0201X,319046802,
2021,1467827667,207VE0102X,462802004,
2021,1861857013,207VE0102X,622268307,
2021,1023473279,207VE0102X,631418232,
2021,1518326990,363L00000X,423039774,
2021,1174987010,390200000X,235071627,
2021,1497119283,207VF0040X,27103,
2021,1023472578,390200000X,432101267,
2021,1548624943,207VE0102X,606112908,
2021,1639529464,207VX0201X,275144221,
2021,1043660467,207VX0201X,490681143,
2021,1598115933,207VF0040X,336094038,
2021,1518411321,207VX0201X,146213001,
2021,1962951749,207VE0102X,940631433,
2021,1134678733,207VE0102X,233204985,
2021,1689117673,207VM0101X,087501010,
2021,1679011886,207VM0101X,070132473,
2021,1154869386,207VX0201X,165024602,
2021,1225562630,207VX0201X,731046136,
2021,1780106781,207VM0101X,11501,
2021,1831611870,207VX0201X,483741268,
2021,1265951818,207VX0201X,232235311,
2021,1003329491,207VX0201X,937115782,
2021,1689173924,207VE0102X,681271202,
2021,1992204135,207VM0101X,496018111,
2021,1629577804,207VM0101X,103054608,
2021,1558865287,207VX0201X,214013744,
2021,1417444803,207VX0000X,292012930,
2021,1306333695,207VF0040X,191074408,
2021,1720570922,207VM0101X,11572,
2021,1790261055,207VE0102X,319093011,
2021,1326525650,207VF0040X,95348,
2021,1619453982,207VX0201X,930032909,
2021,1487131579,207VM0101X,019691919,
2021,1801364039,207VG0400X,171012546,
2021,1184192239,207VF0040X,652021605,
2021,1518439579,207VE0102X,101283637,
2021,1376016287,207VE0102X,105493036,
2021,1861958688,207VE0102X,530-0026,
2021,1336602473,207VF0040X,982744000,
2021,1891351847,207VM0101X,274087021,
2021,1184280042,207VE0102X,142282783,
2021,1508428624,207VM0101X,005006,
2021,1861054629,207VF0040X,194463703,
2021,1205472362,207VF0040X,303092522,
2021,1225669674,2084P0800X,94040,
2021,1568094910,207VM0101X,277054597,
2021,1063048254,207VM0101X,75034,
2021,1912534884,207V00000X,326054370,
2021,1235750894,207VE0102X,300221408,
2021,1134741556,207VE0102X,787032124,
2021,1811513591,207VF0040X,076211742,
2021,1538774229,207VX0201X,809094533,
2021,1023617701,207VE0102X,020262637,
2021,1124627799,207V00000X,100115638,
2021,1598369522,207VE0102X,108052128,
2021,1598369589,207VF0040X,100212810,
2021,1063001428,207VX0201X,762471110,
2021,1982293098,207VE0102X,100165459,
2021,1316536261,207VM0101X,840657296,
2021,1588258693,207VM0101X,333232843,
2021,1053906115,207VX0201X,284017407,
2021,1326622747,207VE0102X,234527331,
2021,1447834742,207VM0101X,770302351,
2021,1457929192,207VM0101X,329013245,
2021,1225606965,207VX0201X,328277729,
2021,1235708892,207VM0101X,322164207,
2021,1154990448,207RX0202X,913451207,
2021,1033788336,207RX0202X,935344079,
2021,1396418471,207VM0101X,705032460,
2021,1831862838,207V00000X,333119026,
2021,1144993072,207VF0040X,347613400,
2021,1013680792,207VM0101X,334071901,
2021,1740953421,207V00000X,347445260,
2021,1225701881,207VE0102X,480341753,
2021,1992478457,207VM0101X,331402948,
2021,1457024077,207VM0101X,331502038,
2021,1497428007,207VX0201X,366041405,
2021,1336817592,207VM0101X,349527521,
2021,1194493007,207VE0102X,917653950,
2021,1265100069,207VF0040X,349942503,
2021,1801559851,207VM0101X,852582129,
2021,1275291684,207VE0102X,760513593,
2021,1750049185,207VE0102X,N8N 5C2,
2021,1932867165,207VM0101X,121800806,
2021,1033119698,207VM0101X,809232614,558051951
2021,1841280716,207V00000X,797634206,793163439
2021,1285624031,207V00000X,29485,282691106
2021,1992795348,207VM0101X,600451680,606114546
2021,1154305977,207V00000X,92123,372031544
2021,1326022153,207VE0102X,06477,065116100
2021,1558340182,207VE0102X,322569111,322587418
2021,1144200015,207VE0102X,19090,191074414
2021,1235103649,207VM0101X,936368761,285472538
2021,1245204114,207VX0000X,559050001,547035222
2021,1801863659,207VX0000X,11554,331603635
2021,1306813167,207V00000X,93036,984055307
2021,1477520005,207V00000X,992042307,993523558
2021,1710954375,207V00000X,99352,993523524
2021,1417924770,207V00000X,554541437,55435
2021,1609838481,207VM0101X,591017506,761044917
2021,1508828179,207VX0201X,92037,921343098
2021,1083677439,207VM0101X,490075341,546015429
2021,1851354211,207VM0101X,852245298,495032560
2021,1487617981,207VE0102X,328061124,322569111
2021,1487611760,207VX0201X,381202361,386716719
2021,1760432363,207VX0201X,374032106,708175128
2021,1194776658,207VM0101X,02115,021155724
2021,1477504579,207VF0040X,606431723,606173984
2021,1417908393,207V00000X,292012930,29203
2021,1558312207,207V00000X,531428420,532263522
2021,1285671420,207VX0201X,809094533,809076819
2021,1538195367,207V00000X,941181505,945633304
2021,1295761054,207VM0101X,452202475,410173403
2021,1396776688,207V00000X,681242323,900950001
2021,1861423055,207V00000X,181036122,185101724
2021,1437180650,207VM0101X,606114546,602011700
2021,1528099579,207V00000X,972393011,986643200
2021,1447282074,207VM0101X,32608,936368761
2021,1225053622,207V00000X,75204,996697524
2021,1568487825,207V00000X,787585614,78130
2021,1568487080,207VM0101X,303033031,303183098
2021,1013921709,207VF0040X,460324410,460370087
2021,1336255777,207VG0400X,294250001,294145733
2021,1356457717,207V00000X,294250001,229032824
2021,1669584199,207VX0201X,984991477,985065063
2021,1558473298,207V00000X,132023064,558051951
2021,1003915919,207VX0201X,101284077,100364702
2021,1326148305,207VE0102X,462025149,462802301
2021,1568555258,207V00000X,212155228,212242735
2021,1417040544,207V00000X,323084600,011071112
2021,1790878726,207VX0201X,852342168,146213039
2021,1578653507,207VE0102X,10528,105322140
2021,1326138926,208800000X,490852529,044016630
2021,1487734646,207V00000X,850164872,850164872
2021,1912076647,207V00000X,98225,46237
2021,1497829238,207V00000X,936368761,105322170
2021,1073671673,207V00000X,257013655,411017743
2021,1639231673,207V00000X,029034829,100169196
2021,1093863938,207V00000X,951282604,947052067
2021,1922141522,207VE0102X,600268022,600268022
2021,1184767725,207VE0102X,60026,606107461
2021,1881737484,207VE0102X,600268022,600268022
2021,1528101144,207VE0102X,60026,600265823
2021,1487779807,207VM0101X,48085,480255439
2021,1801912928,207VM0101X,958154320,208157101
2021,1871613786,207V00000X,787051016,787121765
2021,1881810224,207V00000X,85381,402074707
2021,1215158928,207VM0101X,314046268,314046200
2021,1164643896,207VM0101X,958167097,841320002
2021,1386851350,207VE0102X,335446787,336091104
2021,1548478019,207VM0101X,282043193,352331802
2021,1225249568,207V00000X,328045505,76104
2021,1114138450,207V00000X,96826,96826
2021,1669678421,207VM0101X,294258900,294145733
2021,1801093513,207VX0201X,984054210,331361003
2021,1750588596,207VM0101X,559050001,381033409
2021,1427254226,207V00000X,49008,601533328
2021,1356531883,207V00000X,104611119,87106
2021,1609062728,207VM0101X,972393011,986643200
2021,1336324334,207VM0101X,900485421,912064092
2021,1306012620,207V00000X,77054,943052200
2021,1194991463,207VE0102X,282042515,274088447
2021,1548420631,207VE0102X,750938336,993366302
2021,1073773073,207VX0201X,913559512,935344079
2021,1952561938,207V00000X,65201,731124418
2021,1417112764,207V00000X,648041639,631081402
2021,1396900569,207V00000X,11570,117463258
2021,1346406345,207VF0040X,32806,328011026
2021,1871811919,207V00000X,770302608,841320100
2021,1821316902,207VM0101X,809095533,352491900
2021,1841518883,207VM0101X,37232,37232
2021,1255659173,207VX0201X,752462092,352491900
2021,1588983266,207VF0040X,681144762,943052200
2021,1063731669,207VM0101X,191044238,085361915
2021,1174835136,390200000X,641321110,432101267
2021,1902197288,207VX0201X,23298,232985051
2021,1679868640,207V00000X,271578905,294258905
2021,1679868558,207V00000X,59901,294258900
2021,1972899862,207VF0040X,631171856,630173513
2021,1184910960,207V00000X,90027,90027
2021,1942596747,207V00000X,328061014,775550587
2021,1851687446,207VG0400X,02114,029052401
2021,1376825646,390200000X,14263,100656007
2021,1518249317,207V00000X,334633462,334364540
2021,1144506643,207V00000X,952103377,016052726
2021,1407122930,207V00000X,02114,02114
2021,1720354038,207VE0102X,75001,765046323
2021,1215203559,390200000X,462602053,731045418
2021,1750657078,207VF0040X,27103,282071248
2021,1073889234,390200000X,981956110,021156110
2021,1720354905,207V00000X,27705,100214742
2021,1417213596,207VM0101X,32209,17101
2021,1720348998,207VM0101X,294255812,299105812
2021,1891055075,207VF0040X,928062020,92868
2021,1457611287,207V00000X,770304202,770544124
2021,1336404466,207V00000X,485035902,178225903
2021,1134484082,207VE0102X,63141,60661
2021,1750630943,207V00000X,423014572,482012018
2021,1972948958,390200000X,708175129,701212429
2021,1225473101,390200000X,441951716,441061716
2021,1134569148,207VM0101X,993523558,992042307
2021,1326489063,207V00000X,441950001,559050001
2021,1053739441,207VM0101X,065115991,277054699
2021,1760800940,207V00000X,641082733,641082727
2021,1992123210,390200000X,52242,336063475
2021,1417375742,207V00000X,895576504,895021178
2021,1629496922,207V00000X,481244089,537920001
2021,1225456452,207V00000X,337137147,770303411
2021,1598183634,207VF0040X,32224,800452570
2021,1215340336,207V00000X,322241865,857240001
2021,1639582778,207VE0102X,10016,065103220
2021,1013320936,207VF0040X,086192711,190202815
2021,1629481445,207V00000X,532331308,080841354
2021,1700299641,207VM0101X,601901379,601429585
2021,1194138925,207VH0002X,275144220,191076130
2021,1720492317,207V00000X,522421009,606371447
2021,1700278223,390200000X,11219,112384266
2021,1508253436,207V00000X,841322209,537920001
2021,1932596681,390200000X,73104,741352536
2021,1629459961,390200000X,559050001,452202475
2021,1881075034,207V00000X,841322209,631101003
2021,1609237841,207V00000X,799257647,060302947
2021,1528414646,207V00000X,871062719,537920001
2021,1508217977,207VF0040X,559050001,104577606
2021,1174054217,207V00000X,029052401,600681186
2021,1811428774,207V00000X,852595452,925014135
2021,1396276051,390200000X,601533328,731045418
2021,1265967442,207VM0101X,841322209,432101240
2021,1851892459,207VM0101X,94597,947052031
2021,1760952576,207VF0040X,91105,911053173
2021,1326519166,363LW0102X,322569111,322587420
2021,1255896866,364SF0001X,209011562,208773319
2021,1013478775,207VX0201X,554541450,232295298
2021,1588298442,207VX0201X,900276098,900153075
2021,1518591429,207VF0040X,800452545,800452541
2021,1740814441,207VE0102X,352096823,352092647
2021,1144834565,207VE0102X,366073512,325025370
2021,1033119698,207VM0101X,809232614,212870005
2021,1154305977,207V00000X,92123,372031544
2021,1558340182,207VE0102X,322569111,328061124
2021,1144200015,207VE0102X,19090,170509401
2021,1306813167,207V00000X,93036,984055307
2021,1487617981,207VE0102X,328061124,322587420
2021,1487611760,207VX0201X,381202361,724058413
2021,1760432363,207VX0201X,374032106,462270963
2021,1417908393,207V00000X,292012930,292036803
2021,1558312207,207V00000X,531428420,531427884
2021,1538195367,207V00000X,941181505,941101736
2021,1528099579,207V00000X,972393011,986641965
2021,1013921709,207VF0040X,460324410,461431049
2021,1669584199,207VX0201X,984991477,984311477
2021,1417040544,207V00000X,323084600,481095902
2021,1790878726,207VX0201X,852342168,462502042
2021,1578653507,207VE0102X,10528,105322140
2021,1912076647,207V00000X,98225,46237
2021,1093863938,207V00000X,951282604,954044802
2021,1922141522,207VE0102X,600268022,600265823
2021,1184767725,207VE0102X,60026,605213644
2021,1881737484,207VE0102X,600268022,600265823
2021,1528101144,207VE0102X,60026,601692433
2021,1801912928,207VM0101X,958154320,208157101
2021,1871613786,207V00000X,787051016,35249
2021,1215158928,207VM0101X,314046268,314046200
2021,1386851350,207VE0102X,335446787,336063603
2021,1548478019,207VM0101X,282043193,352331802
2021,1225249568,207V00000X,328045505,76104
2021,1609062728,207VM0101X,972393011,986641965
2021,1194991463,207VE0102X,282042515,271032930
2021,1548420631,207VE0102X,750938336,753907201
2021,1073773073,207VX0201X,913559512,065103220
2021,1902197288,207VX0201X,23298,232351900
2021,1184910960,207V00000X,90027,606113044
2021,1376825646,390200000X,14263,100656007
2021,1750657078,207VF0040X,27103,280252982
2021,1417213596,207VM0101X,32209,17101
2021,1134484082,207VE0102X,63141,622268307
2021,1760800940,207V00000X,641082733,701122865
2021,1417375742,207V00000X,895576504,100296504
2021,1215340336,207V00000X,322241865,40202
2021,1700299641,207VM0101X,601901379,601344221
2021,1326519166,363LW0102X,322569111,326058300
2021,1588298442,207VX0201X,900276098,937203347
2021,1144834565,207VE0102X,366073512,395409703
2021,1144200015,207VE0102X,19090,190473205
2021,1487611760,207VX0201X,381202361,358015134
2021,1558312207,207V00000X,531428420,532263522
2021,1538195367,207V00000X,941181505,941104415
2021,1912076647,207V00000X,98225,46237
2021,1093863938,207V00000X,951282604,941096978
2021,1922141522,207VE0102X,600268022,601692433
2021,1184767725,207VE0102X,60026,600265823
2021,1881737484,207VE0102X,600268022,606107461
2021,1528101144,207VE0102X,60026,600265823
2021,1871613786,207V00000X,787051016,631101032
2021,1194991463,207VE0102X,282042515,314056012
2021,1073773073,207VX0201X,913559512,913451207
2021,1417213596,207VM0101X,32209,489102819
2021,1326519166,363LW0102X,322569111,344714173
2021,1144200015,207VE0102X,19090,194061438
2021,1558312207,207V00000X,531428420,531427884
2021,1093863938,207V00000X,951282604,946091710
2021,1184767725,207VE0102X,60026,600265823
2021,1871613786,207V00000X,787051016,631101032
2021,1194991463,207VE0102X,282042515,314056012
2021,1326519166,363LW0102X,322569111,328061124
2021,1326519166,363LW0102X,322569111,323084622
2021,1326519166,363LW0102X,322569111,321177138
2021,1114929205,207VE0102X,852584588,
2021,1861496739,207VE0102X,503258143,
2021,1245234004,207VX0201X,278345704,
2021,1952305765,207V00000X,483343275,
2021,1336143031,207V00000X,462021264,
2021,1669476370,207VG0400X,630173662,
2021,1437153012,207VX0201X,061051719,
2021,1649274390,207VE0102X,773843002,
2021,1770587248,207VM0101X,705083850,
2021,1689678153,207VM0101X,705083850,
2021,1821092362,207VX0201X,995086903,
2021,1578567053,207VM0101X,485035902,
2021,1437153913,207VX0201X,462502042,
2021,1356345789,207VE0102X,949042017,
2021,1386649713,207VG0400X,911053154,
2021,1184624918,207VM0101X,200600001,
2021,1104826767,207V00000X,891064004,
2021,1588664155,207VM0101X,152242156,
2021,1396745923,207VX0201X,303421631,
2021,1306846845,207V00000X,303033031,
2021,1821098393,207VE0102X,700052843,
2021,1689674046,207VE0102X,704484664,
2021,1104826577,207VE0102X,704484664,
2021,1013917350,207VE0102X,704484664,
2021,1437159795,207VE0102X,015272677,
2021,1821098112,207VX0000X,770792526,
2021,1790785012,207VF0040X,19063,
2021,1801896295,174400000X,770302312,
2021,1245230390,207VM0101X,207851189,
2021,1851391981,207VE0102X,10019,
2021,1770583916,207VM0101X,152124769,
2021,1013917137,207VE0102X,161483278,
2021,1831182658,207VE0102X,303288102,
2021,1285627000,207VE0102X,303288102,
2021,1770576456,207V00000X,401215111,
2021,1457344111,207VX0201X,741146126,
2021,1649263104,207VM0101X,630173662,
2021,1437142924,207VX0000X,55125,
2021,1689667032,207VE0102X,850186281,
2021,1134112527,207VX0201X,170112207,
2021,1881688224,207VX0201X,019602901,
2021,1235123662,207VM0101X,200102927,
2021,1528052909,207VM0101X,100166058,
2021,1275527673,207VM0101X,100166402,
2021,1447244868,207V00000X,911052606,
2021,1548253958,207VE0102X,021156110,
2021,1942290952,207VE0102X,432142300,
2021,1982693982,207V00000X,342393605,
2021,1326037334,207VM0101X,432143912,
2021,1942299961,207V00000X,342393605,
2021,1275523227,207V00000X,328061110,
2021,1386634236,207VX0201X,466011168,
2021,1285624981,207V00000X,981950001,
2021,1124018908,207VM0101X,794101806,
2021,1558351312,207VG0400X,60068,
2021,1922098706,207VM0101X,685061276,
2021,1164412714,207VM0101X,100166402,
2021,1699765255,207V00000X,021142621,
2021,1508856220,207VE0102X,900173901,
2021,1629068382,207V00000X,50309,
2021,1689664393,207V00000X,300601147,
2021,1588654263,174400000X,495032543,
2021,1245220722,207VX0201X,100166402,
2021,1154311843,207VX0201X,374041106,
2021,1700876307,207VX0201X,60099,
2021,1861482333,207VM0101X,021142621,
2021,1770573115,207VM0101X,021142621,
2021,1740270180,207VE0102X,794101305,
2021,1770573156,207VM0101X,376046062,
2021,1003806514,207VX0201X,618011645,
2021,1124018528,207VX0201X,60674,
2021,1467442889,207VM0101X,468251675,
2021,1821088196,207V00000X,021142621,
2021,1811987183,207VX0201X,152133108,
2021,1639153844,207VM0101X,752302505,
2021,1508840885,207VM0101X,750757738,
2021,1093799389,207VM0101X,752314339,
2021,1225012438,207VM0101X,750573641,
2021,1639153851,207VM0101X,750937939,
2021,1982688081,207VG0400X,782344501,
2021,1174507214,207VM0101X,666041301,
2021,1598749640,207V00000X,968261001,
2021,1215911367,207VM0101X,029052401,
2021,1477537553,207V00000X,282035812,
2021,1730163817,207VE0102X,271032508,
2021,1255315339,207VE0102X,212870005,
2021,1972587053,207V00000X,532272468,
2021,1811971898,207VX0201X,212155228,
2021,1013991090,207VM0101X,277100001,
2021,1922082908,207V00000X,288032868,
2021,1932183951,207VM0101X,33908,
2021,1073597894,207VF0040X,600533056,
2021,1871577601,207VE0102X,065116100,
2021,1902880701,207V00000X,271570001,
2021,1194709931,207VX0201X,600533056,
2021,1700860558,207VM0101X,33908,
2021,1841274412,207VF0040X,98043,
2021,1518941186,170300000X,80111,
2021,1598749186,207VM0101X,232354730,
2021,1912981515,207VX0201X,100216007,
2021,1215916580,207VE0102X,850167646,
2021,1376522649,207VE0102X,850167646,
2021,1205815636,207V00000X,559050001,
2021,1871572032,208000000X,331334741,
2021,1013996255,207V00000X,490075341,
2021,1366421406,207VX0201X,631418668,
2021,1871572909,207V00000X,554554800,
2021,1437139573,207VE0102X,322078334,
2021,1568441632,207VM0101X,77026,
2021,1033198155,207VE0102X,850167646,
2021,1528048642,207VM0101X,705086949,
2021,1700866670,207VE0102X,190901338,
2021,1154301984,207VX0201X,330734356,
2021,1063492809,207VX0201X,330281023,
2021,1093788705,207VE0102X,365321925,
2021,1538133186,207VG0400X,288062343,
2021,1447223037,207VF0040X,531885031,
2021,1609849330,207VM0101X,235071914,
2021,1821062456,207VE0102X,080534161,
2021,1518931161,207VF0040X,288062343,
2021,1912971573,207VM0101X,809232614,
2021,1316911928,207VE0102X,606115975,
2021,1295709756,207VM0101X,334102911,
2021,1952375511,207VE0102X,750935841,
2021,1003880527,207VF0040X,468251675,
2021,1982678413,207VX0201X,076012191,
2021,1033183348,207VM0101X,503091416,
2021,1629042049,207V00000X,405360293,
2021,1639143043,207VE0102X,630173662,
2021,1407820822,207VE0102X,232985051,
2021,1083688410,207V00000X,200373201,
2021,1437123866,207VE0102X,782344504,
2021,1124092556,207VE0102X,63141,
2021,1083688568,207VM0101X,503141728,
2021,1932173341,207V00000X,132032642,
2021,1821062118,174400000X,19111,
2021,1073587374,207VM0101X,100217215,
2021,1558335745,207VX0201X,152133108,
2021,1881668176,207VM0101X,174035074,
2021,1609840057,207VX0201X,152242156,
2021,1851365225,207VM0101X,224018451,
2021,1255305546,207VX0201X,190901104,
2021,1467426502,207VM0101X,787011930,
2021,1154398881,207V00000X,55435,
2021,1659348399,207V00000X,55435,
2021,1083681837,207VX0201X,331762148,
2021,1720055478,207V00000X,958172307,
2021,1265409916,207VF0040X,986839591,
2021,1891762571,207VM0101X,079606481,
2021,1326015025,207VM0101X,089011962,
2021,1013984616,207VM0101X,077405725,
2021,1992772594,207VM0101X,077405725,
2021,1730156373,207VX0201X,220036800,
2021,1164499703,207VE0102X,294641901,
2021,1477520054,207V00000X,235071627,
2021,1043287691,207VE0102X,605256537,
2021,1124095443,207VM0101X,15801,
2021,1407823735,207VM0101X,936368761,
2021,1336116656,207VM0101X,077405725,
2021,1932176286,207V00000X,554352131,
2021,1013984236,207V00000X,482012007,
2021,1073580205,207VM0101X,21401,
2021,1417924614,207VE0102X,55435,
2021,1568439768,207VX0201X,303182538,
2021,1366419418,207VX0201X,33607,
2021,1124095278,207VF0040X,488235353,
2021,1265494041,207V00000X,60076,
2021,1265494827,207V00000X,787031448,
2021,1184686776,207VE0102X,705086949,
2021,1396707014,207VM0101X,112032057,
2021,1750344388,207VM0101X,100371802,
2021,1609839232,207VM0101X,89106,
2021,1497717045,207VX0201X,722057101,
2021,1851353585,207VM0101X,37604,
2021,1669434395,207VM0101X,972271683,
2021,1114989753,207VM0101X,741368327,
2021,1609839067,207V00000X,900953075,
2021,1972566347,207VE0102X,920082194,
2021,1265495642,207VX0201X,639012430,
2021,1063475317,207VX0201X,782344504,
2021,1235192584,207VX0201X,98332,
2021,1508829904,207V00000X,11418,
2021,1669435962,207V00000X,11355,
2021,1528021839,207VM0101X,89106,
2021,1962465278,207V00000X,113546533,
2021,1720045230,207VM0101X,381033409,
2021,1174580971,207VM0101X,19611,
2021,1639136310,207VM0101X,89106,
2021,1295792984,207V00000X,02115,
2021,1093772782,207VX0201X,02115,
2021,1780641431,207RX0202X,40503,
2021,1518924133,207VF0040X,334862344,
2021,1245297878,207VE0102X,02115,
2021,1407813025,207VX0201X,402074700,
2021,1881651305,207VM0101X,191182718,
2021,1467419788,207V00000X,90095,
2021,1508823071,207SG0201X,753907208,
2021,1043277510,207VE0102X,753907208,
2021,1568429934,207VX0201X,753907208,
2021,1578520821,207V00000X,284053685,
2021,1669439816,207VX0201X,928353618,
2021,1679530075,207V00000X,191021121,
2021,1518924778,207V00000X,180151155,
2021,1588621999,207V00000X,559050001,
2021,1568429975,207VE0102X,760226033,
2021,1811954225,207SG0201X,753907208,
2021,1750348017,207VG0400X,452192906,
2021,1669439923,207VX0201X,02114,
2021,1609833979,207VE0102X,62702,
2021,1568429926,207VM0101X,212870005,
2021,1225095433,207VM0101X,142264500,
2021,1588621791,207VM0101X,109942215,
2021,1659338846,207VE0102X,554071544,
2021,1194782250,207VE0102X,802181216,
2021,1700844743,207VM0101X,681988102,
2021,1316904436,207VM0101X,432212849,
2021,1932167061,207VM0101X,113741434,
2021,1841240397,207VM0101X,602011718,
2021,1205886850,207VX0201X,105911077,
2021,1811948383,207VX0201X,240164962,
2021,1487604963,207VM0101X,112153609,
2021,1548210024,207VX0201X,19013,
2021,1689624199,207VM0101X,802181216,
2021,1609826262,207VM0101X,681988102,
2021,1568412088,207VE0102X,208502739,
2021,1003867391,207VM0101X,752302505,
2021,1720038276,207VE0102X,02115,
2021,1003867425,207VM0101X,52402,
2021,1528018082,207VX0201X,303091267,
2021,1154371623,207VM0101X,917903938,
2021,1851342976,207VE0102X,076313574,
2021,1063463131,207VX0201X,40202,
2021,1043261027,207VE0102X,954054819,
2021,1639120678,207VE0102X,741194044,
2021,1437100310,207VE0102X,02115,
2021,1679524581,207VM0101X,605406551,
2021,1386695237,207VE0102X,752314339,
2021,1639126329,207VX0201X,029042609,
2021,1598712168,207V00000X,34741,
2021,1972550614,207V00000X,330295593,
2021,1821045584,207VX0201X,801222633,
2021,1831146356,207VX0201X,374032106,
2021,1316994841,207VE0102X,640865594,
2021,1811944101,207RH0003X,799151815,
2021,1013964436,207VM0101X,631418232,
2021,1902853336,207V00000X,02115,
2021,1932156379,207V00000X,708175100,
2021,1841247285,207VM0101X,152133108,
2021,1942257373,207VM0101X,926533633,
2021,1538116819,207VE0102X,852557819,
2021,1508813825,207VX0201X,395815301,
2021,1427095439,207VE0102X,921212121,
2021,1962459131,207VE0102X,02421,
2021,1487691481,207VM0101X,11501,
2021,1184671307,207VM0101X,672144923,
2021,1316994544,207VX0201X,346524333,
2021,1336186501,207VM0101X,021111552,
2021,1982645701,207VX0201X,296211580,
2021,1235170150,207V00000X,132101687,
2021,1801837505,207VM0101X,658075154,
2021,1588605281,207VE0102X,66211,
2021,1518909282,207VX0201X,113651449,
2021,1245272921,207L00000X,476308940,
2021,1215978051,207VX0201X,752462003,
2021,1336181924,207VX0201X,770303209,
2021,1871535476,207VE0102X,190013725,
2021,1457393084,207VM0101X,841241228,
2021,1457393092,207VX0201X,132021147,
2021,1235171877,207VM0101X,601232300,
2021,1326080987,207V00000X,121599221,
2021,1265474761,207VE0102X,080542267,
2021,1245272749,207VM0101X,100323720,
2021,1952343873,207V00000X,97504,
2021,1083656912,207VX0201X,741466236,
2021,1609812874,207VE0102X,191044238,
2021,1932145117,207V00000X,731044637,
2021,1700822988,207VE0102X,326103003,
2021,1972539146,207VG0400X,303033031,
2021,1265468383,207VX0201X,448705390,
2021,1346276276,207VM0101X,117334047,
2021,1962438846,207VE0102X,111023142,
2021,1255367223,207VX0201X,02115,
2021,1962438044,207VM0101X,947051749,
2021,1124054218,207VE0102X,271570001,
2021,1699701623,207VF0040X,181033628,
2021,1487680518,207V00000X,461431049,
2021,1831125749,207VG0400X,606371447,
2021,1205862158,207VM0101X,594054506,
2021,1013943117,207VM0101X,600681186,
2021,1891721668,207VX0201X,071032425,
2021,1154357838,207VE0102X,322078336,
2021,1104857499,207VM0101X,606371447,
2021,1487685780,207VM0101X,078342954,
2021,1346270014,207VX0201X,372031534,
2021,1497786727,207VE0102X,443041437,
2021,1306877634,207VE0102X,392329534,
2021,1942230644,207VE0102X,933011661,
2021,1750312021,207VM0101X,946093424,
2021,1194756379,207VM0101X,029052401,
2021,1851322150,207VX0201X,441061716,
2021,1508897703,207VX0201X,112291507,
2021,1003847237,207VX0201X,483223013,
2021,1598796054,207V00000X,78731,
2021,1730110131,207VX0201X,300846900,
2021,1649200379,207VX0201X,913254108,
2021,1669402392,207VE0102X,191045502,
2021,1265463632,207VM0101X,35233,
2021,1518998244,207V00000X,900950001,
2021,1205867942,207VX0201X,191045127,
2021,1578594438,207V00000X,191076130,
2021,1548292352,207V00000X,554550356,
2021,1750312773,207VE0102X,325032673,
2021,1366473399,207VE0102X,770304000,
2021,1235160268,207VE0102X,325032673,
2021,1366473241,207VE0102X,114111303,
2021,1013948918,207VE0102X,392164500,
2021,1972535540,207VM0101X,100323729,
2021,1629009543,207VE0102X,220314617,
2021,1023049061,207VG0400X,222053683,
2021,1720010374,207VM0101X,100323729,
2021,1730110545,207VM0101X,19456,
2021,1487686200,2086X0206X,741466236,
2021,1851316129,207VM0101X,618012500,
2021,1568487833,207VM0101X,441091900,
2021,1700801032,207VM0101X,104662604,
2021,1871518159,207VM0101X,330654042,
2021,1669497947,207VX0201X,606115975,
2021,1194740480,207V00000X,911053045,
2021,1588689301,207VG0400X,761044148,
2021,1467477380,207VE0102X,037561000,
2021,1568488807,207VF0040X,441244071,
2021,1164447900,207VX0201X,943052200,
2021,1619992179,207VM0101X,543013526,
2021,1043235567,207VM0101X,069055315,
2021,1326063017,207VM0101X,73120,
2021,1467477844,207VM0101X,770302608,
2021,1376568709,207VF0040X,381381753,
2021,1801811237,207VF0040X,381381759,
2021,1700801388,207VX0201X,462376340,
2021,1427073048,282N00000X,21215,
2021,1861418691,207VM0101X,606114546,
2021,1902822737,207VM0101X,606115975,
2021,1477579548,207VX0201X,661600001,
2021,1093731184,207V00000X,191075127,
2021,1912927500,207VM0101X,92868,
2021,1578583027,207VE0102X,770704535,
2021,1174543334,207VX0201X,940404124,
2021,1316967326,207VM0101X,913563505,
2021,1902826159,207V00000X,841431005,
2021,1457371429,207VE0102X,801132700,
2021,1699795567,207VX0201X,336129416,
2021,1265452551,207VX0201X,021304817,
2021,1922028166,207VM0101X,841320001,
2021,1306866413,207V00000X,773844103,
2021,1982624045,207VM0101X,142092256,
2021,1497775753,207VX0201X,077501015,
2021,1972523579,207VM0101X,92868,
2021,1417977471,207V00000X,727588602,
2021,1679593636,207VM0101X,366043307,
2021,1417961343,207VX0201X,928353618,
2021,1619981545,207V00000X,460370051,
2021,1255345146,207VE0102X,02115,
2021,1346254158,207VE0102X,330295593,
2021,1881608693,207VG0400X,37604,
2021,1831103571,207V00000X,054468024,
2021,1891709630,207VM0101X,33316,
2021,1851305312,207VM0101X,911053187,
2021,1972512606,207VG0400X,009682645,
2021,1982613659,207VF0040X,069021627,
2021,1821007535,207VM0101X,905022047,
2021,1275542573,207VE0102X,554071544,
2021,1386653699,207VE0102X,554071320,
2021,1619986932,207VX0201X,322241865,
2021,1215946900,207VE0102X,069023628,
2021,1215946835,207V00000X,871310001,
2021,1134138472,207VE0102X,606124325,
2021,1548279896,207V00000X,537920001,
2021,1912916511,207VE0102X,775984052,
2021,1801805320,207VM0101X,146420001,
2021,1649289927,207VE0102X,781300007,
2021,1245249853,207VE0102X,941094586,
2021,1265441794,390200000X,441224317,
2021,1487663571,207VM0101X,672083003,
2021,1629087549,207VX0201X,181036369,
2021,1437168218,207VM0101X,303421606,
2021,1235148198,207VE0102X,07306,
2021,1073522827,207VM0101X,303421606,
2021,1447366968,207V00000X,294250001,
2021,1235244708,207VE0102X,376046089,
2021,1033225370,207VX0201X,103143909,
2021,1710093000,207VM0101X,112202553,
2021,1376658856,207V00000X,294250001,
2021,1063527588,207V00000X,752310946,
2021,1811003353,207VG0400X,191076130,
2021,1700991296,207VM0101X,275990001,
2021,1366557860,207VG0400X,294250001,
2021,1871609206,207VG0400X,321142709,
2021,1538275086,207VM0101X,100296501,
2021,1528174984,207VM0101X,558051951,
2021,1477668978,207VM0101X,770303004,
2021,1033224555,207VE0102X,606575105,
2021,1972619302,207VM0101X,631171818,
2021,1497861397,207V00000X,07306,
2021,1689780504,207VE0102X,70115,
2021,1649386475,207VG0400X,750938100,
2021,1164534277,207VE0102X,076702906,
2021,1497866438,207VM0101X,476308940,
2021,1467563593,207VF0040X,271031522,
2021,1568573210,207V00000X,60453,
2021,1992817969,207V00000X,850134224,
2021,1184736514,207VF0040X,21093,
2021,1093826828,207VM0101X,591010905,
2021,1700998366,207VG0400X,60068,
2021,1053415281,207VE0102X,928352626,
2021,1497859714,207VM0101X,19104,
2021,1053415398,207VE0102X,753907208,
2021,1811091853,207VM0101X,933013500,
2021,1144324336,207VX0201X,958256318,
2021,1437253630,207VG0400X,528073461,
2021,1033213608,207VM0101X,158012511,
2021,1477657062,207VM0101X,980347467,
2021,1528162245,207VM0101X,945965318,
2021,1972602886,207VX0201X,288032493,
2021,1750480380,207VX0201X,323088417,
2021,1093814022,207VM0101X,928062020,
2021,1821198714,207VX0201X,605213765,
2021,1053411967,207VE0102X,951244113,
2021,1669572434,207VM0101X,29607,
2021,1881793933,207VM0101X,334343988,
2021,1376642777,207VM0101X,301066810,
2021,1528167590,207VE0102X,314112955,
2021,1457450439,207Q00000X,916022236,
2021,1215036215,170100000X,917761213,
2021,1003916016,207VE0102X,900950001,
2021,1568561611,207VM0101X,334343988,
2021,1326148206,207VG0400X,112291064,
2021,1114010469,207VE0102X,105493027,
2021,1487748968,207VM0101X,423014568,
2021,1629162136,207VE0102X,91423,
2021,1417040668,207VE0102X,190441854,
2021,1699868752,207VX0201X,481971051,
2021,1750474961,207V00000X,481095000,
2021,1669565875,207V00000X,326103003,
2021,1194818302,207V00000X,481094276,
2021,1326131541,207VM0101X,95350,
2021,1992898597,207VE0102X,950321551,
2021,1508959628,207VE0102X,100214917,
2021,1073606992,207VM0101X,11501,
2021,1538252747,207V00000X,481094276,
2021,1447343652,207V00000X,481147004,
2021,1497848626,207VE0102X,327518406,
2021,1699868471,207VM0101X,701122600,
2021,1437242559,207VM0101X,481095000,
2021,1194818245,207VE0102X,554071544,
2021,1629161252,207VE0102X,450696331,
2021,1790875540,207VX0201X,021111552,
2021,1538259635,207VE0102X,100215663,
2021,1982794087,207VE0102X,100215663,
2021,1063502581,207VM0101X,232985051,
2021,1962592485,207V00000X,236013102,
2021,1134219660,207VX0201X,933012208,
2021,1356431126,207VX0201X,232980510,
2021,1093805038,207VE0102X,100214872,
2021,1699865311,207VE0102X,600762008,
2021,1265522627,207VX0201X,077534488,
2021,1427148527,207VX0201X,330295593,
2021,1982794624,207VM0101X,232980510,
2021,1225128200,207VE0102X,60026,
2021,1992895015,207VE0102X,100215663,
2021,1730279670,207VX0201X,334102824,
2021,1215027636,174400000X,117473193,
2021,1275623555,207VE0102X,105302319,
2021,1497845770,207VX0201X,984054250,
2021,1477633436,207VM0101X,110215315,
2021,1215027404,174400000X,117473193,
2021,1770663932,207VX0201X,92868,
2021,1508940529,207VF0040X,196111473,
2021,1851475602,207VX0201X,379162300,
2021,1215011184,207V00000X,443201178,
2021,1033293824,207VE0102X,330635755,
2021,1801970694,207VE0102X,117972031,
2021,1518041417,207VM0101X,277100001,
2021,1689758583,207VM0101X,463073676,
2021,1235214982,207VX0201X,606112914,
2021,1467537092,207VE0102X,921232778,
2021,1730263484,207VM0101X,923241801,
2021,1639254345,207VE0102X,28207,
2021,1043394729,207V00000X,627025303,
2021,1982789517,207VM0101X,91361,
2021,1215012505,207VM0101X,936368761,
2021,1104995356,207VX0201X,103053436,
2021,1093894297,207VF0040X,080502475,
2021,1942389184,207VE0102X,941094586,
2021,1073692273,207VM0101X,110215310,
2021,1356410252,207V00000X,078711760,
2021,1548339153,207VF0040X,229032981,
2021,1609945229,207VX0201X,229080001,
2021,1760551303,207VX0201X,229080001,
2021,1356410914,207VX0201X,100214156,
2021,1053480640,207V00000X,229118835,
2021,1306915863,207VE0102X,352235409,
2021,1013086727,207VE0102X,068511080,
2021,1457420176,207VE0102X,068511080,
2021,1710056239,207VE0102X,980343030,
2021,1043384282,207VX0201X,229080001,
2021,1134293954,207VM0101X,850164800,
2021,1184798027,207VE0102X,341081948,
2021,1972677235,207VM0101X,283043682,
2021,1578621900,207V00000X,972393011,
2021,1043378623,207VE0102X,681386804,
2021,1407914708,207V00000X,021694339,
2021,1346309549,207VE0102X,132052548,
2021,1508925611,207VM0101X,995084661,
2021,1164581344,207VM0101X,009495388,
2021,1225197411,207VM0101X,99508,
2021,1750443800,207VM0101X,303421626,
2021,1447312509,207VE0102X,374213157,
2021,1982766044,207VX0201X,346012823,
2021,1750443610,207VE0102X,100164804,
2021,1508928557,207VM0101X,753909032,
2021,1326100058,207VE0102X,918013886,
2021,1235292889,207V00000X,076523628,
2021,1194888685,207VM0101X,546015429,
2021,1902954829,207VE0102X,921202507,
2021,1063560993,207VE0102X,923356720,
2021,1235287020,207VE0102X,921202507,
2021,1528116514,207V00000X,968132496,
2021,1144378670,207VM0101X,968143801,
2021,1124176987,207VM0101X,601232300,
2021,1659429686,207VM0101X,902422814,
2021,1487702460,207VE0102X,921202507,
2021,1851449821,207VE0102X,900276021,
2021,1730237496,207VE0102X,782293714,
2021,1336297266,207VX0201X,907062246,
2021,1073666251,207VE0102X,600221551,
2021,1841343035,207VE0102X,22003,
2021,1245383561,207VM0101X,439522681,
2021,1447303433,207VM0101X,104612374,
2021,1174676001,207VE0102X,296153170,
2021,1427102110,207VE0102X,07604,
2021,1790839496,207VX0201X,906021048,
2021,1922152818,207VF0040X,984054265,
2021,1578617288,207VE0102X,080434501,
2021,1538213483,207VX0201X,029052401,
2021,1083768832,207VE0102X,926183711,
2021,1548307028,207VE0102X,972256625,
2021,1447397849,207VE0102X,554322765,
2021,1811034242,207VM0101X,432213502,
2021,1275670630,207VX0201X,191076734,
2021,1255478624,207VE0102X,840365031,
2021,1295873677,207VE0102X,917307471,
2021,1487792487,207VE0102X,945382310,
2021,1801934856,207VE0102X,444068149,
2021,1336287093,207VX0201X,605047206,
2021,1679611339,207VE0102X,200373201,
2021,1982742870,207SG0201X,554073723,
2021,1194868869,207VM0101X,00646,
2021,1558404251,207VE0102X,606222015,
2021,1457494361,207VE0102X,921303034,
2021,1396888947,207VX0201X,852061750,
2021,1447393046,207V00000X,402411071,
2021,1871636498,207VE0102X,600265823,
2021,1912040668,207VE0102X,943052200,
2021,1225171986,207VM0101X,972256603,
2021,1912040742,207VE0102X,943052200,
2021,1548303100,207VM0101X,905034336,
2021,1023151115,207VG0400X,943052200,
2021,1508909995,207V00000X,077534488,
2021,1245373646,207RH0003X,551022393,
2021,1669515094,207VX0201X,630173417,
2021,1497880967,207VE0102X,170509400,
2021,1801921192,207VE0102X,46060,
2021,1831224369,207VX0201X,984055016,
2021,1538294830,207VE0102X,22003,
2021,1639205875,207V00000X,981956460,
2021,1174659353,207VM0101X,972256603,
2021,1922139880,207VM0101X,482362167,
2021,1184756884,207VE0102X,926121428,
2021,1659403038,207VM0101X,598047479,
2021,1801912076,207VE0102X,334587100,
2021,1366568560,207VE0102X,191076130,
2021,1255456760,207VE0102X,907062246,
2021,1417073602,207V00000X,191044238,
2021,1649396821,207V00000X,941582350,
2021,1538285838,207VX0201X,473622918,
2021,1265558266,207VE0102X,921221013,
2021,1356467575,207V00000X,481095000,
2021,1336265511,207VX0201X,981094405,
2021,1871619825,207VM0101X,462561621,
2021,1962528257,207VE0102X,30342,
2021,1174643357,207VF0040X,372031852,
2021,1407976996,207VE0102X,900256646,
2021,1508986795,207V00000X,333241063,
2021,1720109556,207V00000X,303421626,
2021,1225158132,207V00000X,554550341,
2021,1124244223,207VX0201X,940872315,
2021,1669697249,207VM0101X,454594041,
2021,1487870614,174400000X,201903219,
2021,1538385703,390200000X,352096845,
2021,1114143492,207VM0101X,770704311,
2021,1487879987,207VF0040X,871064374,
2021,1306062625,207VX0201X,711033950,
2021,1104042464,207V00000X,750346008,
2021,1306062047,207VM0101X,631171818,
2021,1821219569,207VX0201X,452203027,
2021,1750502464,207VE0102X,611075912,
2021,1669693370,207VE0102X,782584185,
2021,1730300443,207VX0201X,537920001,
2021,1770703753,207VM0101X,753907201,
2021,1972724433,207V00000X,326103003,
2021,1740401652,207VM0101X,934491542,
2021,1285854281,207VM0101X,11501,
2021,1083835730,390200000X,46032,
2021,1013137017,207VM0101X,115014198,
2021,1316168040,207VM0101X,296054253,
2021,1598986200,207V00000X,591010905,
2021,1306067020,390200000X,229080001,
2021,1962619940,207VE0102X,905054731,
2021,1588871859,207SG0201X,503143068,
2021,1922215961,207V00000X,482012018,
2021,1831306877,207VH0002X,100654870,
2021,1255548244,207VE0102X,029054754,
2021,1003023912,207VE0102X,100165459,
2021,1861600595,207V00000X,391102012,
2021,1457569923,207VX0201X,296054255,
2021,1093923765,207VM0101X,240833258,
2021,1003024746,207VX0201X,368012381,
2021,1821206582,207VE0102X,303082208,
2021,1902014442,207VX0201X,319046802,
2021,1912118324,207VX0201X,303322200,
2021,1588875009,207V00000X,47630,
2021,1386855674,207V00000X,432212800,
2021,1073724589,207VE0102X,752302505,
2021,1922219336,207VX0201X,115014235,
2021,1831300243,207VX0201X,081031461,
2021,1871704171,207VF0040X,209101467,
2021,1093926396,207VF0040X,329402240,
2021,1154532331,207VM0101X,31404,
2021,1720299928,207VE0102X,904042429,
2021,1629289830,207VM0101X,325045719,
2021,1578764742,207VE0102X,337021457,
2021,1023219219,207VF0040X,076491600,
2021,1508067638,207VG0400X,891092307,
2021,1306047519,207V00000X,235071627,
2021,1497956536,207VE0102X,681312137,
2021,1942401948,207VF0040X,606112914,
2021,1477759611,207VM0101X,100323720,
2021,1053517938,207VE0102X,293034201,
2021,1518163401,207VM0101X,601533328,
2021,1184820094,390200000X,110303816,
2021,1184820920,207VE0102X,29169,
2021,1225234172,207VM0101X,80205,
2021,1205032281,207V00000X,72205,
2021,1881890796,207V00000X,770304000,
2021,1902002793,207VX0201X,968191469,
2021,1972700730,207VX0201X,009175029,
2021,1225235922,207VM0101X,850545180,
2021,1881891661,207VF0040X,100654870,
2021,1639369424,261QA0006X,358015115,
2021,1982894721,207V00000X,410173416,
2021,1164612933,207VE0102X,44636,
2021,1508056490,207V00000X,328061014,
2021,1912197641,207VX0201X,323085479,
2021,1104016781,207VM0101X,951282604,
2021,1225228604,207V00000X,314056015,
2021,1316137748,207VE0102X,08802,
2021,1306036736,207VE0102X,088655400,
2021,1720274020,207VM0101X,760142083,
2021,1326234568,207VM0101X,958172307,
2021,1235319815,207VM0101X,100214099,
2021,1245410737,207VM0101X,441950001,
2021,1871773226,207VX0201X,981338414,
2021,1487834883,207VX0201X,774793501,
2021,1578744967,207V00000X,756052410,
2021,1093996209,207VX0201X,117181803,
2021,1538344205,174400000X,913451252,
2021,1003091778,207V00000X,752314339,
2021,1497930192,207VM0101X,753909032,
2021,1437334042,207VG0400X,761808848,
2021,1184809543,207VE0102X,752461805,
2021,1093990392,207V00000X,770302351,
2021,1457536716,207VE0102X,110501407,
2021,1790960847,207V00000X,303082208,
2021,1952586018,207VF0040X,029034829,
2021,1871778951,207VE0102X,10016,
2021,1164692265,207VX0201X,496842009,
2021,1699945790,207VE0102X,443041437,
2021,1881864023,207VE0102X,495257007,
2021,1841460862,207VM0101X,606115975,
2021,1780854703,207VM0101X,100323720,
2021,1689844458,207VE0102X,100215663,
2021,1518137165,207VM0101X,852245941,
2021,1356517122,207VE0102X,530510538,
2021,1386810240,207VE0102X,652018144,
2021,1134395007,207V00000X,641082640,
2021,1467628263,207V00000X,841320002,
2021,1265608806,390200000X,339057809,
2021,1427224054,207Q00000X,489122106,
2021,1578739090,207VX0201X,532263522,
2021,1285800854,207VX0201X,190963450,
2021,1134395494,207VX0201X,809076819,
2021,1477713741,207VB0002X,322096511,
2021,1790945905,207VE0102X,611075189,
2021,1295995322,207VM0101X,946101124,
2021,1255591277,207VE0102X,176012644,
2021,1477713477,207VX0201X,100296504,
2021,1184884140,207VM0101X,089011962,
2021,1902066020,390200000X,402025700,
2021,1083874069,207VG0400X,178221438,
2021,1073773032,207VE0102X,770242585,
2021,1992965842,207VM0101X,441061716,
2021,1386804144,390200000X,212183938,
2021,1306006218,207VX0201X,462378601,
2021,1992965834,390200000X,701212429,
2021,1942460910,207VE0102X,661607220,
2021,1235399130,207V00000X,336144055,
2021,1376703918,207V00000X,200373201,
2021,1578723136,207VE0102X,152382145,
2021,1861652570,390200000X,701156902,
2021,1356502959,207VX0201X,303421631,
2021,1760647028,207VX0201X,037561000,
2021,1215192521,207V00000X,191021121,
2021,1609032762,207V00000X,402023700,
2021,1891951836,207VX0201X,392164643,
2021,1497911291,207VG0400X,752512100,
2021,1326204207,207V00000X,800161599,
2021,1881843027,207V00000X,44195,
2021,1841449915,390200000X,232294942,
2021,1740439702,207VX0201X,840496702,
2021,1588813125,207VM0101X,115304893,
2021,1083863625,207VX0201X,330218256,
2021,1598918500,207VM0101X,118034956,
2021,1730333543,207VM0101X,784124946,
2021,1407000284,207V00000X,85364,
2021,1215181029,207V00000X,591010905,
2021,1700030418,207V00000X,951244113,
2021,1265686794,207VM0101X,100323720,
2021,1598919904,207VE0102X,452425545,
2021,1003053729,207VE0102X,070304907,
2021,1003053539,207VX0201X,100214156,
2021,1639317175,207VM0101X,072023674,
2021,1750529244,207VX0201X,984055016,
2021,1407094600,207VM0101X,481971051,
2021,1023251378,207VE0102X,100654870,
2021,1225271372,207VM0101X,152133108,
2021,1356585442,207RX0202X,55432,
2021,1154565182,363A00000X,44224,
2021,1407090319,207V00000X,799052707,
2021,1659515591,207VM0101X,100323720,
2021,1194969949,207V00000X,372325100,
2021,1396989281,207VX0201X,19380,
2021,1023247335,207VX0201X,191045127,
2021,1043449275,207V00000X,483343230,
2021,1194954222,207VX0201X,381381762,
2021,1346479243,207VM0101X,115304893,
2021,1609005529,207V00000X,753909032,
2021,1265661177,207V00000X,92121,
2021,1841429602,207V00000X,770571535,
2021,1063641827,207VX0201X,326087901,
2021,1598998262,207VE0102X,917101401,
2021,1437382074,207V00000X,402413068,
2021,1467685826,207VE0102X,905053884,
2021,1710110135,207VM0101X,152133108,
2021,1427281682,103G00000X,112202559,
2021,1205069481,207VM0101X,245032030,
2021,1679801229,2088F0040X,926633637,
2021,1124356670,207VF0040X,44224,
2021,1194053603,207VX0201X,272158700,
2021,1154659621,390200000X,900486101,
2021,1528396967,207VX0201X,890146661,
2021,1063735058,207VE0102X,480341332,
2021,1467775304,207VM0101X,152381831,
2021,1124341649,207VX0201X,452192906,
2021,1780902866,207V00000X,221822710,
2021,1699093740,207VE0102X,535625512,
2021,1245558220,207V00000X,191044238,
2021,1366760282,207VX0201X,12208,
2021,1275851198,207V00000X,79601,
2021,1235457151,207VX0201X,379201545,
2021,1447578364,207VM0101X,368304302,
2021,1245558162,207VM0101X,701156914,
2021,1841519790,207V00000X,450692505,
2021,1689993503,207VM0101X,33486,
2021,1053630962,207VE0102X,701156227,
2021,1437478146,207VX0201X,294253108,
2021,1477872166,207VM0101X,296177002,
2021,1952620577,207VX0201X,146204155,
2021,1245559848,207VF0040X,152133108,
2021,1033438684,207VM0101X,100323729,
2021,1841519394,207VM0101X,782293926,
2021,1689985046,207VM0101X,891064007,
2021,1326359688,207VX0201X,240164962,
2021,1952613283,207VF0040X,454335529,
2021,1235440520,207V00000X,191021101,
2021,1669784815,207V00000X,392021687,
2021,1407168602,207VX0201X,537920001,
2021,1326350430,207VX0201X,379201527,
2021,1487966412,207VX0201X,495032562,
2021,1720390719,207VX0201X,02115,
2021,1700193364,207VM0101X,325146050,
2021,1528375052,207RH0003X,278344300,
2021,1467769737,207VE0102X,118034316,
2021,1992007827,207VM0101X,209011556,
2021,1801198528,207VM0101X,706057170,
2021,1164724860,207VE0102X,841081223,
2021,1326346065,207V00000X,910103012,
2021,1538467196,207V00000X,410173403,
2021,1689972150,207VC0200X,112016004,
2021,1356649784,207VX0201X,405361515,
2021,1063710390,207VM0101X,100163814,
2021,1780975706,207VX0201X,104672836,
2021,1952692048,207VX0201X,70112,
2021,1033400957,207VF0040X,441061716,
2021,1437440377,207VE0102X,840623159,
2021,1952692857,390200000X,278344986,
2021,1184915068,363A00000X,450696578,
2021,1386935237,207VM0101X,640572303,
2021,1326339177,207VM0101X,100296501,
2021,1962793604,390200000X,200373201,
2021,1841585809,2086S0102X,631081495,
2021,1619262532,207VM0101X,114323632,
2021,1134415029,207V00000X,441952401,
2021,1518253350,207VF0040X,016052903,
2021,1265728042,207VM0101X,100654870,
2021,1053607770,207VG0400X,705087104,
2021,1326334053,207VM0101X,10032,
2021,1295021855,207V00000X,065103206,
2021,1891081253,207VF0040X,908134508,
2021,1750663118,208800000X,303421609,
2021,1710269113,207VX0201X,454291286,
2021,1700168002,207VM0101X,454291272,
2021,1265714539,207VE0102X,117473193,
2021,1124304845,207VM0101X,60098,
2021,1942586581,207V00000X,96814,
2021,1881965234,207VE0102X,928431903,
2021,1992076376,207VM0101X,296073405,
2021,1174894331,207VM0101X,905034504,
2021,1902177074,207V00000X,081031438,
2021,1205107281,207VM0101X,20850,
2021,1093086902,207VX0201X,331762118,
2021,1891061206,390200000X,275990001,
2021,1265708655,207VF0040X,900890121,
2021,1689940017,207V00000X,152242156,
2021,1396011763,390200000X,606115966,
2021,1245506534,207VF0040X,152133108,
2021,1003182270,207VF0040X,410173416,
2021,1639445836,207VM0101X,936368761,
2021,1184990384,390200000X,109565350,
2021,1780940973,207VF0040X,347851762,
2021,1568728715,207VM0101X,100296501,
2021,1992061113,207VX0201X,946115642,
2021,1346506482,390200000X,770302351,
2021,1649536731,207VF0040X,326103008,
2021,1053677005,207VX0201X,604532416,
2021,1700146826,207VF0040X,606112955,
2021,1487914552,207VX0201X,432141419,
2021,1740540806,207VM0101X,071122027,
2021,1528328556,207VF0040X,312018314,
2021,1144580150,207VM0101X,465451468,
2021,1821358839,207V00000X,349862222,
2021,1558621516,207V00000X,100222412,
2021,1376803148,207VX0201X,011071112,
2021,1003176892,207VE0102X,921012580,
2021,1467717553,207VX0201X,432144359,
2021,1245595214,207VE0102X,276177884,
2021,1013272004,207VX0201X,296504926,
2021,1528323268,332B00000X,32256,
2021,1679838296,207VM0101X,089011962,
2021,1093050601,207VM0101X,852064627,
2021,1053657346,261QR0200X,024457294,
2021,1003152208,363L00000X,372031534,
2021,1689915258,207VE0102X,600268077,
2021,1588905020,207VM0101X,235071912,
2021,1669713012,207VX0201X,936115985,
2021,1174864490,207VX0201X,088652748,
2021,1326483173,207VE0102X,762446846,
2021,1922443688,207VE0102X,604352879,
2021,1659716397,390200000X,070411459,
2021,1144665670,207Q00000X,393502180,
2021,1306282868,207RH0003X,956613988,
2021,1457791485,207VG0400X,917101401,
2021,1942641865,207VX0201X,181042258,
2021,1841631520,207R00000X,068306074,
2021,1992133250,207RX0202X,193179041,
2021,1629406988,207VF0040X,193179041,
2021,1700215670,207VE0102X,015272622,
2021,1144643081,207VE0102X,402021622,
2021,1528481348,176B00000X,112373904,
2021,1386067957,207VE0102X,852584587,
2021,1144644634,207VE0102X,334862349,
2021,1669896163,207VX0201X,208506361,
2021,1194143776,390200000X,770304000,
2021,1043638489,207VX0201X,122083835,
2021,1558789826,207VX0000X,605553269,
2021,1255759627,390200000X,294183067,
2021,1831517291,207VF0040X,775984204,
2021,1467870832,207V00000X,117942432,
2021,1043638257,207VX0201X,402021675,
2021,1770901944,390200000X,100654870,
2021,1164840385,207VX0201X,40536,
2021,1386062628,208C00000X,89118,
2021,1154749281,207V00000X,100191412,
2021,1134548100,390200000X,441061716,
2021,1316350473,207VF0040X,06519,
2021,1467865386,207VX0201X,951282699,
2021,1154734754,207VM0101X,29425,
2021,1821402470,207VM0101X,191044238,
2021,1619386232,207VE0102X,770542934,
2021,1235548520,207VM0101X,371675688,
2021,1952703878,207V00000X,330295614,
2021,1629471032,207VF0040X,871091226,
2021,1629469507,207VF0040X,100296503,
2021,1801283502,207VM0101X,212870005,
2021,1467833756,207VX0201X,207216214,
2021,1639550767,207VM0101X,626773748,
2021,1285001156,207V00000X,330281015,
2021,1972975258,207VE0102X,370676688,
2021,1477925642,207VX0201X,226012872,
2021,1063884146,207RX0202X,062681260,
2021,1437516887,207V00000X,086384143,
2021,1598110991,390200000X,559050001,
2021,1619323946,207V00000X,441952648,
2021,1447601968,207VX0201X,841243318,
2021,1821449190,207VM0101X,911053045,
2021,1407307911,207VM0101X,323085301,
2021,1821534686,207VM0101X,952046117,
2021,1578000972,207VX0201X,331433746,
2021,1427589357,390200000X,240141838,
2021,1164953865,207VM0101X,060300001,
2021,1336670116,207VF0040X,73104,
2021,1871024570,390200000X,336129416,
