GEOID,county,state,women_65plus,miles_to_urogyn,miles_to_obgyn,differential_miles
38079,Rolette,ND,865,384.3,6.5,377.8
38009,Bottineau,ND,822,413.3,44,369.2
38101,Ward,ND,5094,368.2,10.1,358.1
38049,McHenry,ND,562,375.8,29.6,346.3
38075,Renville,ND,228,380.5,37.5,343
38095,Towner,ND,314,356.7,25.2,331.5
38069,Pierce,ND,505,362,33.2,328.7
38055,McLean,ND,1229,358.8,40.7,318.1
38083,Sheridan,ND,238,330,23.1,306.9
38005,Benson,ND,456,338.8,33.4,305.4
38065,Oliver,ND,204,334.4,33.1,301.3
38103,Wells,ND,546,314.4,18.1,296.3
38059,Morton,ND,3024,312.8,24.5,288.2
38061,Mountrail,ND,642,334.5,47.3,287.2
38013,Burke,ND,250,350.5,67.8,282.7
38015,Burleigh,ND,9509,299.9,17.3,282.6
38105,Williams,ND,2070,296.9,15.2,281.7
38057,Mercer,ND,954,331.5,53.3,278.1
38019,Cavalier,ND,504,325.5,47.6,277.9
38089,Stark,ND,2385,284.6,8.3,276.4
38067,Pembina,ND,844,287.4,11,276.3
38023,Divide,ND,239,317.4,46.2,271.2
38025,Dunn,ND,369,298.2,33.1,265.1
38071,Ramsey,ND,1390,325.2,61.3,263.9
38099,Walsh,ND,1211,283.8,21.6,262.2
38027,Eddy,ND,315,308.2,48,260.2
38037,Grant,ND,318,309.6,51.2,258.4
38041,Hettinger,ND,326,288.4,35,253.4
46093,Meade,SD,2566,285,38.6,246.5
46103,Pennington,SD,11478,266.8,20.5,246.3
38053,McKenzie,ND,646,276.9,30.8,246.1
38035,Grand Forks,ND,5595,262.4,18,244.4
38063,Nelson,ND,431,295.5,52,243.5
38031,Foster,ND,429,291.1,53.6,237.5
38043,Kidder,ND,293,280.8,48.1,232.7
46081,Lawrence,SD,3285,240,10.3,229.7
38007,Billings,ND,121,256.7,27.7,228.9
38085,Sioux,ND,173,276.8,49.6,227.1
38001,Adams,ND,334,282.6,56.1,226.5
38091,Steele,ND,263,268.5,42.5,226
27069,Kittson,MN,593,256.9,32.2,224.6
30091,Sheridan,MT,398,280.1,55.4,224.6
48061,Cameron,TX,33031,234.4,10.6,223.8
38039,Griggs,ND,323,281.5,62.2,219.3
31111,Lincoln,NE,3779,222.7,6.9,215.8
30083,Richland,MT,1012,233.8,18.6,215.1
46102,Oglala Lakota,SD,639,233.3,19.3,213.9
38097,Traill,ND,849,242.4,28.9,213.5
38017,Cass,ND,13048,229.6,16.8,212.8
38029,Emmons,ND,499,256.5,44.3,212.2
46019,Butte,SD,1047,241.4,33,208.4
46033,Custer,SD,1391,233.8,25.5,208.4
27089,Marshall,MN,1055,226.4,19.2,207.2
46007,Bennett,SD,279,248.7,43,205.7
27119,Polk,MN,3117,212.7,9.5,203.2
48215,Hidalgo,TX,56263,208.4,5.2,203.2
38087,Slope,ND,119,241.9,42.8,199
27113,Pennington,MN,1399,203.9,7.2,196.7
46105,Perkins,SD,391,285,88.9,196.1
46121,Todd,SD,397,201.4,5.7,195.6
46071,Jackson,SD,183,244.9,51.4,193.5
30105,Valley,MT,983,205.1,12.2,193
30109,Wibaux,MT,129,216.8,23.9,192.8
38033,Golden Valley,ND,212,233.9,42.2,191.7
38093,Stutsman,ND,2333,262,71.4,190.6
30019,Daniels,MT,244,254.9,64.6,190.3
48489,Willacy,TX,1647,210.2,20.4,189.9
38003,Barnes,ND,1320,244.6,55.1,189.5
46117,Stanley,SD,319,208.2,19.6,188.5
46031,Corson,SD,262,266.4,78.5,187.8
27027,Clay,MN,4917,198.7,11,187.6
30085,Roosevelt,MT,691,242.6,55.7,186.9
30021,Dawson,MT,950,200.1,13.6,186.5
46137,Ziebach,SD,140,264,77.8,186.2
46055,Haakon,SD,260,244.9,59.2,185.7
30041,Hill,MT,1357,206.3,20.8,185.5
31117,McPherson,NE,33,218.4,32.9,185.5
27125,Red Lake,MN,424,201.4,17,184.4
31063,Frontier,NE,323,212.9,30.9,182
48427,Starr,TX,4175,195.3,13.3,181.9
20055,Finney,KS,2330,190.4,8.7,181.7
31031,Cherry,NE,625,231.1,50.2,180.9
46095,Mellette,SD,175,201.4,23.8,177.6
38047,Logan,ND,261,243.1,66.3,176.8
27107,Norman,MN,691,208.4,31.8,176.6
31113,Logan,NE,97,206.7,32.6,174.1
23003,Aroostook,ME,9063,202,28.5,173.4
31085,Hayes,NE,113,204.1,30.9,173.2
46041,Dewey,SD,277,233.5,60.8,172.7
38011,Bowman,ND,373,235.4,62.9,172.4
46047,Fall River,SD,1118,204.3,32.8,171.5
20093,Kearny,KS,366,195.8,24.5,171.3
27135,Roseau,MN,1466,219.9,48.8,171
31145,Red Willow,NE,1205,225.9,55.4,170.5
31029,Chase,NE,499,172.4,2.6,169.8
20171,Scott,KS,469,205.1,35.4,169.7
26033,Chippewa,MI,3597,185.6,16.8,168.8
56013,Fremont,WY,4025,179.4,10.6,168.8
46075,Jones,SD,123,199.8,32.5,167.3
31091,Hooker,NE,116,223.6,56.5,167.1
56045,Weston,WY,739,223.6,56.7,167
31073,Gosper,NE,212,185.4,19.4,166
56025,Natrona,WY,6880,190.8,25.5,165.3
20183,Smith,KS,518,165.9,0.8,165.1
56005,Campbell,WY,2962,167.6,3.2,164.4
56011,Crook,WY,829,198.5,35.5,163
38073,Ransom,ND,604,207.7,45.1,162.6
30005,Blaine,MT,618,195.6,33.8,161.8
27087,Mahnomen,MN,481,178.5,17.3,161.2
08083,Montezuma,CO,0,162.8,2.1,160.7
46119,Sully,SD,154,187.4,26.7,160.7
31065,Furnas,NE,631,199,39.4,159.6
31047,Dawson,NE,2049,177.5,18,159.5
31087,Hitchcock,NE,354,199.3,40,159.3
46063,Harding,SD,109,235.3,76.7,158.6
38051,McIntosh,ND,445,222.7,64.3,158.4
31171,Thomas,NE,98,212.3,54.1,158.2
27005,Becker,MN,3991,169.2,11.6,157.5
56009,Converse,WY,1204,173,16.1,156.9
46089,McPherson,SD,357,197.4,41.4,156
46065,Hughes,SD,1595,172.9,17.2,155.8
31135,Perkins,NE,343,177.3,22.6,154.7
38021,Dickey,ND,512,198.8,44.3,154.5
31137,Phelps,NE,1032,165.4,11.4,154
20147,Phillips,KS,606,183.8,29.9,153.9
46013,Brown,SD,3761,163.6,10,153.6
32033,White Pine,NV,796,166.2,13,153.2
20203,Wichita,KS,247,196.8,43.8,153
38045,LaMoure,ND,566,221.1,68.3,152.8
08099,Prowers,CO,0,166.4,14.2,152.2
06015,Del Norte,CA,0,166.2,15.5,150.7
26097,Mackinac,MI,1593,170.1,19.8,150.3
38077,Richland,ND,1681,189.8,39.6,150.2
20069,Gray,KS,464,172.6,23,149.7
08067,La Plata,CO,0,150.9,2.1,148.8
20039,Decatur,KS,432,225.2,78.4,146.9
31045,Dawes,NE,869,181.6,34.8,146.9
27029,Clearwater,MN,916,163.2,16.8,146.4
46021,Campbell,SD,228,225.2,78.9,146.3
20075,Hamilton,KS,200,190.8,44.8,146
32007,Elko,NV,3373,175.1,29.2,145.9
20081,Haskell,KS,300,172.6,27.8,144.7
20137,Norton,KS,581,203.3,59.5,143.9
46045,Edmunds,SD,458,179.2,36,143.3
27167,Wilkin,MN,628,177.7,35.8,141.9
31057,Dundy,NE,200,165.9,24.1,141.8
31083,Harlan,NE,435,175.5,33.8,141.7
56037,Sweetwater,WY,2966,159.8,18,141.7
08033,Dolores,CO,0,168.5,27.1,141.4
20101,Lane,KS,182,182.1,41.5,140.6
30025,Fallon,MT,317,195.6,55.1,140.5
31161,Sheridan,NE,757,193.2,53.3,139.9
46107,Potter,SD,369,191.6,52.3,139.4
26003,Alger,MI,1156,150.1,11.2,138.9
20175,Seward,KS,1214,149.2,10.5,138.8
49021,Iron,UT,4140,155.2,17.7,137.5
20051,Ellis,KS,2373,140.1,2.7,137.4
20065,Graham,KS,325,182.5,45.2,137.3
20179,Sheridan,KS,302,206.7,69.4,137.3
20153,Rawlins,KS,379,194.3,59.3,135.1
31101,Keith,NE,1257,181.2,46.7,134.5
20057,Ford,KS,2018,142.6,8.2,134.4
27111,Otter Tail,MN,7737,149,14.6,134.4
20195,Trego,KS,455,164.8,31,133.9
46129,Walworth,SD,648,209.2,75.4,133.8
26103,Marquette,MI,6775,136.2,3.9,132.3
29091,Howell,MO,4411,134,2.7,131.3
29043,Christian,MO,8155,142.5,11.3,131.2
31005,Arthur,NE,52,187.6,56.4,131.1
20119,Meade,KS,336,164.3,33.4,130.9
30055,McCone,MT,235,185,54.2,130.8
46085,Lyman,SD,331,157.8,27.4,130.4
20063,Gove,KS,374,193.9,63.7,130.2
30079,Prairie,MT,202,166,35.8,130.2
31019,Buffalo,NE,4436,140.3,10.1,130.2
20109,Logan,KS,316,196.9,67.1,129.8
20067,Grant,KS,447,166.2,36.5,129.6
31041,Custer,NE,1256,167.7,38.5,129.2
56027,Niobrara,WY,380,179.1,50.1,129
48261,Kenedy,TX,16,179.7,50.8,128.9
29209,Stone,MO,5070,140.9,12.5,128.4
48505,Zapata,TX,999,168.1,39.7,128.4
31099,Kearney,NE,707,143.4,15.1,128.3
20163,Rooks,KS,638,160.4,32.6,127.7
29213,Taney,MO,6750,137.2,9.9,127.2
31061,Franklin,NE,410,155.4,28.8,126.7
26095,Luce,MI,729,182.5,56,126.4
35007,Colfax,NM,1778,147.4,21.1,126.3
30017,Custer,MT,1311,140.6,15.4,125.3
31181,Webster,NE,416,136.5,11.2,125.3
38081,Sargent,ND,414,184.1,59.5,124.6
08003,Alamosa,CO,0,132.8,8.6,124.2
48355,Nueces,TX,30209,131.4,7.3,124.1
20083,Hodgeman,KS,215,145.7,21.7,123.9
30071,Phillips,MT,520,182.9,59,123.9
27007,Beltrami,MN,4195,155.7,32.5,123.3
29077,Greene,MO,28836,126.9,3.7,123.2
31075,Grant,NE,65,195.9,73.3,122.6
06093,Siskiyou,CA,0,132.7,10.3,122.4
08071,Las Animas,CO,0,149.1,26.7,122.4
20071,Greeley,KS,117,174,52.1,122
26047,Emmet,MI,4379,132.1,11.1,121
48377,Presidio,TX,767,163.3,42.6,120.6
48273,Kleberg,TX,2214,146.7,26.5,120.2
48441,Taylor,TX,12057,129.9,9.8,120.1
27159,Wadena,MN,1529,131.9,12.1,119.7
30035,Glacier,MT,966,129.1,10.3,118.8
08023,Costilla,CO,0,147,28.4,118.6
48253,Jones,TX,1610,138.5,20.2,118.3
46049,Faulk,SD,273,160.2,42.3,117.9
20189,Stevens,KS,410,141.2,23.3,117.8
40065,Jackson,OK,2105,124.1,6.4,117.7
26029,Charlevoix,MI,3563,123.4,5.8,117.6
31013,Box Butte,NE,1155,155.2,37.6,117.6
29067,Douglas,MO,1553,136.4,18.9,117.4
23029,Washington,ME,4244,139.1,21.9,117.2
46123,Tripp,SD,709,158.5,41.5,117
30051,Liberty,MT,220,178.5,61.6,116.9
48249,Jim Wells,TX,3317,118.8,2.2,116.6
35017,Grant,NM,4253,124.3,8,116.4
31009,Blaine,NE,65,182.8,66.9,116
48247,Jim Hogg,TX,232,162,46.2,115.8
48465,Val Verde,TX,3651,153.7,37.9,115.8
20089,Jewell,KS,446,145.7,30,115.7
27041,Douglas,MN,4924,121,5.4,115.6
48047,Brooks,TX,780,164.6,49.2,115.4
16059,Lemhi,ID,1204,131,16,114.9
46091,Marshall,SD,484,160.3,45.9,114.4
27077,Lake of the Woods,MN,471,188.5,74.2,114.3
31001,Adams,NE,3106,122.3,8.3,114.1
27051,Grant,MN,713,144.3,30.5,113.8
26153,Schoolcraft,MI,1139,147.6,34.6,113
32013,Humboldt,NV,1307,149.1,36.1,113
08011,Bent,CO,0,138.6,25.9,112.7
08021,Conejos,CO,0,137.5,25.1,112.5
08105,Rio Grande,CO,0,140.5,28.2,112.3
31157,Scotts Bluff,NE,4179,115.4,3.2,112.2
20141,Osborne,KS,479,141.3,29.3,112
06049,Modoc,CA,0,140.3,28.7,111.5
32011,Eureka,NV,139,176.1,64.6,111.4
06023,Humboldt,CA,0,125.8,14.7,111.1
41015,Curry,OR,4267,124.6,13.6,111
20135,Ness,KS,293,153.9,43.2,110.7
05009,Boone,AR,0,115.5,4.9,110.6
26141,Presque Isle,MI,2143,126.9,16.4,110.5
29097,Jasper,MO,11112,113.4,3,110.4
31165,Sioux,NE,137,152.2,42,110.2
29153,Ozark,MO,1256,131.4,21.3,110
26083,Keweenaw,MI,357,136.9,27.2,109.7
46069,Hyde,SD,181,153.9,44.2,109.7
20193,Thomas,KS,749,196.3,86.9,109.5
08089,Otero,CO,0,119.6,10.7,108.9
41033,Josephine,OR,12738,120.2,11.5,108.7
20023,Cheyenne,KS,355,159.6,51.2,108.4
46017,Buffalo,SD,57,129.1,20.9,108.3
26007,Alpena,MI,3753,114,5.8,108.2
30011,Carter,MT,180,185.3,77.7,107.6
27057,Hubbard,MN,2829,134.7,27.2,107.5
41029,Jackson,OR,27669,113.3,5.8,107.5
08111,San Juan,CO,0,142.7,35.4,107.3
08113,San Miguel,CO,0,151,43.7,107.3
08077,Mesa,CO,0,112.8,5.7,107.1
49053,Washington,UT,21648,119.1,12.5,106.6
31017,Brown,NE,426,178.1,71.7,106.5
48479,Webb,TX,15180,120.2,13.8,106.4
20187,Stanton,KS,125,163.1,56.9,106.2
41013,Crook,OR,3231,131.8,25.7,106.2
56007,Carbon,WY,1389,124.3,18.1,106.2
30015,Chouteau,MT,650,152.8,46.8,106.1
08085,Montrose,CO,0,126.2,20.7,105.5
48303,Lubbock,TX,23052,110.2,4.7,105.5
08061,Kiowa,CO,0,131.5,26.1,105.4
53047,Okanogan,WA,4896,118.9,13.5,105.3
49001,Beaver,UT,495,153,47.8,105.2
46015,Brule,SD,573,118.1,13,105.1
20025,Clark,KS,228,142.4,37.4,105
27149,Stevens,MN,869,134.6,29.9,104.8
35045,San Juan,NM,10730,120.8,16,104.8
27121,Pope,MN,1465,109.3,4.9,104.4
26031,Cheboygan,MI,3742,127.5,23.2,104.3
48485,Wichita,TX,10923,114.6,10.6,103.9
31079,Hall,NE,5145,111.6,7.9,103.8
05015,Carroll,AR,0,128.7,25.1,103.6
27155,Traverse,MN,436,156.1,52.6,103.5
48409,San Patricio,TX,5682,116.3,12.8,103.5
48095,Concho,TX,336,138.2,34.8,103.4
40009,Beckham,OK,1758,120.7,17.5,103.2
48197,Hardeman,TX,354,137.2,34.3,102.9
48083,Coleman,TX,1042,130.3,27.5,102.8
48451,Tom Green,TX,10673,103.5,1.2,102.3
29167,Polk,MO,3194,103.5,1.4,102
05113,Polk,AR,0,108.1,6.3,101.8
48323,Maverick,TX,3884,111.5,9.9,101.6
08095,Phillips,CO,0,138.9,37.6,101.4
05005,Baxter,AR,0,106.2,5,101.2
16053,Jerome,ID,1696,113.3,12.4,100.9
26119,Montmorency,MI,1507,103.1,2.1,100.9
29109,Lawrence,MO,3694,128,27.1,100.9
20165,Rush,KS,345,125.1,24.6,100.5
30013,Cascade,MT,8786,113.6,13.2,100.4
40007,Beaver,OK,513,133,32.6,100.4
05003,Ashley,AR,0,110.7,10.5,100.2
48043,Brewster,TX,1261,145.7,45.5,100.1
48049,Brown,TX,4285,104,4.2,99.9
30053,Lincoln,MT,2979,111.7,12.4,99.3
48487,Wilbarger,TX,1262,137.9,38.7,99.2
08009,Baca,CO,0,150.9,51.9,99
30101,Toole,MT,425,159.7,60.7,98.9
08091,Ouray,CO,0,122,23.6,98.4
26041,Delta,MI,5021,112.2,13.8,98.4
29229,Wright,MO,1997,113,14.6,98.3
31123,Morrill,NE,499,133.7,35.8,97.9
35055,Taos,NM,5495,111.5,13.7,97.8
08115,Sedgwick,CO,0,141.3,44.2,97.1
05131,Sebastian,AR,0,108.6,11.8,96.8
29225,Webster,MO,3237,116.8,19.9,96.8
46029,Codington,SD,2878,103.1,6.8,96.3
16083,Twin Falls,ID,8199,113.9,17.9,96
40055,Greer,OK,526,120.7,24.8,95.9
31103,Keya Paha,NE,86,156.4,60.9,95.5
31129,Nuckolls,NE,637,119.2,23.7,95.5
13069,Coffee,GA,3548,98.2,2.9,95.2
40129,Roger Mills,OK,411,119.5,24.3,95.2
46109,Roberts,SD,1074,146.1,51.2,94.9
28011,Bolivar,MS,3006,104.7,9.9,94.8
29011,Barton,MO,1289,97.4,2.6,94.8
27153,Todd,MN,2806,104.1,9.4,94.7
48155,Foard,TX,152,147.5,52.8,94.7
48059,Callahan,TX,1535,116.8,22.3,94.5
22067,Morehouse,LA,2758,101.3,7.2,94
31163,Sherman,NE,426,129.8,35.8,94
46037,Day,SD,744,134.6,40.6,94
26137,Otsego,MI,2846,97.6,3.8,93.8
05127,Scott,AR,0,97,3.6,93.4
16031,Cassia,ID,1873,112.6,19.6,93
23021,Piscataquis,ME,2262,138.1,45.2,93
49009,Daggett,UT,47,122.3,29.6,92.7
49047,Uintah,UT,2245,115.1,22.7,92.4
16069,Nez Perce,ID,4667,97.9,5.7,92.1
05049,Fulton,AR,0,116.7,24.7,92
05087,Madison,AR,0,116.5,24.6,91.9
31049,Deuel,NE,245,145.9,54.2,91.7
27151,Swift,MN,1265,114.4,22.8,91.6
29009,Barry,MO,3970,120.2,28.9,91.3
08007,Archuleta,CO,0,133.6,42.8,90.8
08075,Logan,CO,0,100.4,9.7,90.7
20199,Wallace,KS,197,165.1,74.3,90.7
27023,Chippewa,MN,1427,99.4,8.8,90.7
29001,Adair,MO,2083,91.5,0.7,90.7
22073,Ouachita,LA,14075,92.9,2.3,90.6
30001,Beaverhead,MT,1119,104.1,13.5,90.6
48131,Duval,TX,804,118,27.6,90.4
22083,Richland,LA,1966,94.1,3.8,90.3
27035,Crow Wing,MN,8355,96.1,5.8,90.3
23019,Penobscot,ME,16376,122.2,32,90.2
49019,Grand,UT,1046,142.1,52,90.1
26089,Leelanau,MI,3830,104.5,14.5,90
40089,McCurtain,OK,2959,104.8,14.7,90
48207,Haskell,TX,659,138.7,48.6,90
46115,Spink,SD,808,126.3,36.5,89.7
56033,Sheridan,WY,3569,92.4,2.7,89.7
05089,Marion,AR,0,106.5,17.1,89.4
26009,Antrim,MI,3440,97,7.7,89.3
29215,Texas,MO,2756,110.1,20.8,89.3
20009,Barton,KS,2883,97.9,8.7,89.2
20123,Mitchell,KS,680,129.3,40.3,89
40057,Harmon,OK,270,120,31,89
46051,Grant,SD,948,114.1,25.1,89
20167,Russell,KS,942,117.8,29,88.8
23009,Hancock,ME,7734,92.3,3.8,88.5
20129,Morton,KS,308,137.4,49,88.4
16061,Lewis,ID,505,109.5,21.3,88.2
31069,Garden,NE,279,159.2,71.1,88.2
26061,Houghton,MI,3462,105.4,17.3,88.1
29199,Scotland,MO,478,89.3,1.4,87.9
05007,Benton,AR,0,90.5,2.8,87.7
49031,Piute,UT,283,132.5,44.9,87.6
20133,Neosho,KS,1811,99.5,12.1,87.4
48219,Hockley,TX,1735,112.6,25.2,87.4
48243,Jeff Davis,TX,323,124.3,37.3,87.1
48399,Runnels,TX,1054,124,36.9,87.1
48469,Victoria,TX,8361,92,5,87
48007,Aransas,TX,3547,113.2,26.5,86.7
29145,Newton,MO,6026,100.9,14.5,86.4
48127,Dimmit,TX,814,95.6,9.3,86.3
20037,Crawford,KS,3446,96.9,10.7,86.2
41035,Klamath,OR,7997,116.8,30.8,86
56019,Johnson,WY,1094,140.2,54.3,86
20145,Pawnee,KS,745,112.4,27,85.3
27011,Big Stone,MN,715,132.6,47.3,85.3
56017,Hot Springs,WY,647,132.1,47.1,85
08027,Custer,CO,0,90.4,5.4,84.9
22025,Catahoula,LA,844,101.9,17.2,84.8
41061,Union,OR,2897,89.2,4.6,84.7
05143,Washington,AR,0,91.8,7.2,84.6
29149,Oregon,MO,1064,110.6,26,84.6
46039,Deuel,SD,494,85.6,1.1,84.6
48025,Bee,TX,2042,85.5,0.9,84.6
48241,Jasper,TX,3703,95.7,11.1,84.6
13155,Irwin,GA,938,86.2,1.6,84.5
29105,Laclede,MO,3517,87.5,3,84.5
31035,Clay,NE,623,102.9,18.5,84.5
31093,Howard,NE,767,106.1,21.9,84.3
26013,Baraga,MI,963,118.2,34.1,84.2
48417,Shackelford,TX,342,112.6,28.5,84.2
05103,Ouachita,AR,0,85.6,1.8,83.8
46053,Gregory,SD,550,125.3,41.5,83.8
53003,Asotin,WA,2926,99.9,16.3,83.6
40079,Le Flore,OK,4734,105.1,21.6,83.5
05043,Drew,AR,0,87.9,5,83
27073,Lac qui Parle,MN,945,105.7,22.8,82.9
13161,Jeff Davis,GA,1278,87.5,5.2,82.3
20143,Ottawa,KS,629,103.1,20.9,82.3
28133,Sunflower,MS,2160,91,8.8,82.2
40141,Tillman,OK,732,110.8,28.8,82
48413,Schleicher,TX,281,118.3,36.3,82
20029,Cloud,KS,1056,126.8,44.8,81.9
08053,Hinsdale,CO,0,131,49.3,81.8
20027,Clay,KS,1070,107,25.3,81.7
48023,Baylor,TX,467,121.9,40.5,81.5
06045,Mendocino,CA,0,85,3.7,81.3
28075,Lauderdale,MS,7471,83.3,2.1,81.2
35009,Curry,NM,3377,93.2,12.1,81.2
05135,Sharp,AR,0,109.3,28.4,80.9
48107,Crosby,TX,514,114.9,34.1,80.8
13003,Atkinson,GA,576,95.2,14.5,80.7
13005,Bacon,GA,1046,82.6,1.9,80.7
29057,Dade,MO,1008,105.9,25.2,80.7
40121,Pittsburg,OK,4736,81.5,1.1,80.5
48271,Kinney,TX,464,108.2,28.1,80.1
20181,Sherman,KS,661,161,81.1,80
05033,Crawford,AR,0,96.7,16.9,79.9
31115,Loup,NE,81,156.4,76.5,79.9
48275,Knox,TX,371,149,69.4,79.6
20151,Pratt,KS,1040,79.8,0.6,79.2
32009,Esmeralda,NV,104,130.7,51.5,79.1
53017,Douglas,WA,4131,105,25.9,79.1
20097,Kiowa,KS,286,110,31,79
13277,Tift,GA,3666,79.2,0.4,78.9
41017,Deschutes,OR,22243,89.3,10.4,78.9
08079,Mineral,CO,0,136.3,57.5,78.8
30073,Pondera,MT,675,121.5,42.8,78.7
28083,Leflore,MS,2449,84.7,6.2,78.5
05017,Chicot,AR,0,92,13.8,78.2
29197,Schuyler,MO,403,96.9,18.7,78.2
46059,Hand,SD,400,133.1,54.9,78.2
48391,Refugio,TX,808,113.6,35.4,78.2
05063,Independence,AR,0,81.6,3.5,78.1
08081,Moffat,CO,0,113.6,35.4,78.1
48009,Archer,TX,961,96.7,18.6,78.1
05057,Hempstead,AR,0,84.9,7,78
20041,Dickinson,KS,2008,83.1,5,78
41037,Lake,OR,960,158.2,80.2,77.9
20061,Geary,KS,1786,83,5.2,77.7
08101,Pueblo,CO,0,84.9,7.3,77.6
26055,Grand Traverse,MI,11108,83.6,6.2,77.4
30029,Flathead,MT,11677,90.9,13.7,77.3
56015,Goshen,WY,1529,115.2,38,77.2
05071,Johnson,AR,0,84.4,7.3,77.1
55081,Monroe,WI,4224,83.6,6.5,77.1
27067,Kandiyohi,MN,4610,80.4,3.4,77
48433,Stonewall,TX,162,134.3,57.3,77
20169,Saline,KS,5505,79.6,2.9,76.7
28091,Marion,MS,2566,77.9,1.3,76.6
08029,Delta,CO,0,89.3,12.8,76.5
05047,Franklin,AR,0,101.7,25.3,76.4
30093,Silver Bow,MT,3683,85.8,9.4,76.4
35033,Mora,NM,731,108.2,31.9,76.3
48153,Floyd,TX,544,85,8.8,76.3
40077,Latimer,OK,1001,90.8,14.6,76.2
18153,Sullivan,IN,2073,78.4,2.3,76
20047,Edwards,KS,313,112,36,76
28001,Adams,MS,3586,79.8,4.1,75.7
48005,Angelina,TX,7912,84.2,8.5,75.7
05041,Desha,AR,0,89.2,13.7,75.5
05139,Union,AR,0,81.1,5.6,75.5
20021,Cherokee,KS,2007,92.7,17.2,75.5
31007,Banner,NE,63,99,23.5,75.5
40031,Comanche,OK,8876,78.6,3.1,75.5
27173,Yellow Medicine,MN,1030,93.2,18,75.2
35047,San Miguel,NM,3570,99.2,24.2,75
08055,Huerfano,CO,0,116.1,41.3,74.9
27097,Morrison,MN,3656,80.2,5.3,74.9
48125,Dickens,TX,226,126.7,51.9,74.8
22115,Vernon,LA,3554,78.3,3.5,74.7
17033,Crawford,IL,1995,75.6,1,74.6
31175,Valley,NE,520,129.2,54.7,74.5
22021,Caldwell,LA,952,99.4,25.2,74.3
40059,Harper,OK,356,143.6,69.3,74.2
20161,Riley,KS,3789,83.5,9.4,74.1
46025,Clark,SD,481,104.7,30.6,74.1
04011,Greenlee,AZ,0,113.5,39.4,74
40033,Cotton,OK,590,95.6,21.6,74
17067,Hancock,IL,2255,85.4,11.8,73.5
26019,Benzie,MI,2596,93.1,19.7,73.5
48503,Young,TX,2038,81.4,8.2,73.2
35031,McKinley,NM,5520,85.3,12.2,73.1
29059,Dallas,MO,1934,93.9,21.1,72.9
05133,Sevier,AR,0,106.6,33.8,72.8
22043,Grant,LA,1820,93.5,20.7,72.8
48447,Throckmorton,TX,180,109.9,37.1,72.8
08017,Cheyenne,CO,0,125.1,52.4,72.7
13017,Ben Hill,GA,1797,76.4,3.7,72.7
17081,Jefferson,IL,3951,73,0.3,72.6
20125,Montgomery,KS,3377,75.9,3.2,72.6
31033,Cheyenne,NE,1082,116.3,43.6,72.6
29211,Sullivan,MO,663,100.1,27.7,72.5
40115,Ottawa,OK,3023,77.2,4.7,72.5
48351,Newton,TX,1472,90.4,17.9,72.5
05067,Jackson,AR,0,75.4,2.9,72.4
17049,Effingham,IL,3419,77.1,4.7,72.4
56029,Park,WY,3905,97,24.6,72.4
04001,Apache,AZ,0,105.8,33.5,72.3
16063,Lincoln,ID,391,105.5,33.2,72.3
48435,Sutton,TX,248,136.1,63.8,72.3
53039,Klickitat,WA,2918,76.3,4,72.3
20105,Lincoln,KS,385,107.6,35.4,72.2
27083,Lyon,MN,2367,76.1,3.9,72.2
08109,Saguache,CO,0,106.7,34.7,72
47071,Hardin,TN,3468,75.2,3.2,72
22059,LaSalle,LA,1299,102.2,30.3,71.9
29069,Dunklin,MO,2989,75.7,3.7,71.9
17001,Adams,IL,7111,82.7,10.8,71.8
05101,Newton,AR,0,94.4,22.7,71.7
29155,Pemiscot,MO,1514,74.3,2.7,71.6
30023,Deer Lodge,MT,1203,79.1,7.5,71.6
20099,Labette,KS,2257,81.6,10,71.5
20201,Washington,KS,686,112.2,40.8,71.5
28151,Washington,MS,4404,79.7,8.3,71.5
40139,Texas,OK,1322,109,37.6,71.4
48501,Yoakum,TX,480,85.6,14.2,71.4
26043,Dickinson,MI,3220,105.8,34.6,71.3
40045,Ellis,OK,483,129.8,58.6,71.2
40039,Custer,OK,2235,80.4,9.2,71.1
08125,Yuma,CO,0,125.3,54.4,70.9
20033,Comanche,KS,290,114.1,43.2,70.8
06035,Lassen,CA,0,87.3,16.6,70.7
19007,Appanoose,IA,1526,71.5,0.9,70.6
28067,Jones,MS,6508,73,2.4,70.6
01091,Marengo,AL,0,88.5,18,70.5
01119,Sumter,AL,0,92.3,22,70.3
29119,McDonald,MO,1921,91.4,21.1,70.3
31081,Hamilton,NE,1018,88.6,18.4,70.2
29161,Phelps,MO,3972,74.5,4.4,70.1
29081,Harrison,MO,1016,75.8,5.9,70
35029,Luna,NM,2600,75,5,69.9
49041,Sevier,UT,1864,102.3,32.3,69.9
05055,Greene,AR,0,74.8,5,69.8
20157,Republic,KS,654,124.4,54.7,69.7
33007,Coos,NH,4080,85.4,15.7,69.7
23025,Somerset,ME,5994,111.4,41.8,69.6
56035,Sublette,WY,1035,125.1,55.5,69.6
26039,Crawford,MI,1779,74.3,4.9,69.5
48057,Calhoun,TX,1848,79.9,10.4,69.5
22029,Concordia,LA,1973,83,13.7,69.3
13259,Stewart,GA,450,79.4,10.2,69.2
31067,Gage,NE,2544,73.9,4.7,69.2
05065,Izard,AR,0,96.3,27.3,69
13095,Dougherty,GA,8253,72.9,3.9,69
13243,Randolph,GA,723,91.6,22.7,68.9
27021,Cass,MN,4057,105.9,37,68.9
13307,Webster,GA,245,76.1,7.3,68.8
05081,Little River,AR,0,87.2,18.5,68.7
18167,Vigo,IN,10430,69.8,1.2,68.7
26069,Iosco,MI,3965,77.1,8.4,68.7
28073,Lamar,MS,5281,80.4,11.7,68.7
29045,Clark,MO,726,87.1,18.3,68.7
35041,Roosevelt,NM,1493,96.4,27.6,68.7
13209,Montgomery,GA,832,77.2,8.6,68.6
13273,Terrell,GA,1031,86.5,17.9,68.6
05099,Nevada,AR,0,83.8,15.4,68.4
26101,Manistee,MI,3553,80,11.7,68.3
29117,Livingston,MO,1581,70,2,68
06051,Mono,CA,0,88.4,20.7,67.7
29169,Pulaski,MO,2818,74,6.4,67.7
48151,Fisher,TX,431,110.9,43.1,67.7
49027,Millard,UT,1126,109.3,41.6,67.7
17035,Cumberland,IL,1103,82.5,14.9,67.6
20205,Wilson,KS,1042,84.5,16.9,67.6
28027,Coahoma,MS,1921,71.2,3.6,67.6
48189,Hale,TX,2451,78.4,10.8,67.6
48389,Reeves,TX,845,79.4,11.8,67.6
01069,Houston,AL,0,73.1,5.7,67.4
05061,Howard,AR,0,104.1,36.7,67.4
31149,Rock,NE,179,156.7,89.3,67.4
40149,Washita,OK,1146,82.4,15,67.4
29111,Lewis,MO,994,87.5,20.2,67.3
48269,King,TX,12,144,76.6,67.3
17121,Marion,IL,4033,69.9,2.7,67.2
35027,Lincoln,NM,3187,98,30.8,67.2
05011,Bradley,AR,0,89,21.9,67.1
26001,Alcona,MI,1819,94.9,27.8,67.1
40067,Jefferson,OK,600,81.6,14.5,67.1
48077,Clay,TX,1218,83.9,16.7,67.1
48307,McCulloch,TX,962,106.6,39.6,67.1
27061,Itasca,MN,5850,87.2,20.3,67
22041,Franklin,LA,2128,89.6,22.8,66.8
46057,Hamlin,SD,448,82.7,16,66.8
05121,Randolph,AR,0,101.3,34.8,66.5
31095,Jefferson,NE,942,89.4,22.9,66.5
08025,Crowley,CO,0,93.6,27.2,66.4
28153,Wayne,MS,1906,70.5,4.1,66.4
04025,Yavapai,AZ,0,70.8,4.7,66.1
08045,Garfield,CO,0,74.4,8.2,66.1
17079,Jasper,IL,1007,84.7,18.7,66
26063,Huron,MI,4354,68.2,2.2,66
46003,Aurora,SD,292,92.3,26.3,66
16013,Blaine,ID,2763,91,25.1,65.9
13053,Chattahoochee,GA,192,74.3,8.5,65.8
13177,Lee,GA,2456,77.9,12,65.8
28043,Grenada,MS,2254,66.6,1,65.6
40123,Pontotoc,OK,3656,67.6,2.1,65.6
46035,Davison,SD,2229,71.3,5.7,65.6
30033,Garfield,MT,138,130.9,65.4,65.5
47109,McNairy,TN,3016,66.9,1.5,65.4
22069,Natchitoches,LA,3443,66.1,0.8,65.3
19027,Carroll,IA,2424,66.6,1.4,65.2
19111,Lee,IA,3999,70.6,5.3,65.2
56031,Platte,WY,1123,113.3,48.1,65.2
28069,Kemper,MS,1023,89,24,65
29171,Putnam,MO,615,84,19,65
35059,Union,NM,524,125,60,65
48361,Orange,TX,7407,76.9,11.9,65
29085,Hickory,MO,1419,87.3,22.5,64.9
35023,Hidalgo,NM,467,125.2,60.3,64.9
40137,Stephens,OK,4887,71.1,6.2,64.9
13001,Appling,GA,1787,68.5,3.7,64.7
29079,Grundy,MO,1177,85.6,20.9,64.7
19043,Clayton,IA,2153,82.4,17.8,64.5
55043,Grant,WI,5050,66.1,1.6,64.5
40075,Kiowa,OK,922,91.6,27.2,64.3
48327,Menard,TX,271,117.4,53.1,64.3
16067,Minidoka,ID,1772,87.4,23.2,64.2
01045,Dale,AL,0,72.6,8.7,64
08087,Morgan,CO,0,64.7,0.7,64
17023,Clark,IL,1634,83.8,19.8,64
29203,Shannon,MO,842,102.8,38.8,64
29179,Reynolds,MO,712,78.8,14.9,63.9
41011,Coos,OR,9240,80.5,16.6,63.9
55017,Chippewa,WI,6707,72.8,9,63.8
28113,Pike,MS,4012,69.9,6.2,63.7
13229,Pierce,GA,1794,75.6,12.1,63.5
37055,Dare,NC,4743,79.7,16.2,63.5
41063,Wallowa,OR,1093,111.2,47.7,63.5
19013,Black Hawk,IA,12494,65.5,2.1,63.4
20207,Woodson,KS,420,84.2,20.7,63.4
30075,Powder River,MT,310,133.1,69.7,63.4
31139,Pierce,NE,748,80.8,17.4,63.4
54055,Mercer,WV,7474,66,2.6,63.4
42083,McKean,PA,4424,74.3,11,63.3
13215,Muscogee,GA,17171,63.5,0.3,63.2
05013,Calhoun,AR,0,82.9,19.9,63
17159,Richland,IL,1758,65.5,2.5,63
31003,Antelope,NE,797,95.9,32.8,63
19047,Crawford,IA,1518,63.7,0.8,62.9
46073,Jerauld,SD,283,101.7,39,62.7
48175,Goliad,TX,904,88,25.3,62.7
22079,Rapides,LA,12226,68.8,6.3,62.5
48345,Motley,TX,190,100.4,38,62.4
17029,Coles,IL,4773,65.5,3.3,62.3
19161,Sac,IA,1237,88.1,25.9,62.2
41031,Jefferson,OR,2467,85.7,23.5,62.2
47095,Lake,TN,614,64.4,2.2,62.2
13279,Toombs,GA,2716,67.9,5.9,62
29103,Knox,MO,431,85.3,23.4,61.9
19041,Clay,IA,1927,82.8,21,61.8
29039,Cedar,MO,1757,86.4,24.6,61.8
05075,Lawrence,AR,0,88.3,26.6,61.7
13173,Lanier,GA,810,78.6,17,61.7
16071,Oneida,ID,466,76.6,14.8,61.7
19179,Wapello,IA,3473,62.6,0.9,61.7
28023,Clarke,MS,1866,84.2,22.6,61.7
48017,Bailey,TX,610,94.8,33.3,61.6
08051,Gunnison,CO,0,71.4,9.8,61.5
48081,Coke,TX,507,91.2,29.8,61.5
56001,Albany,WY,2467,86.1,24.6,61.5
29065,Dent,MO,1729,89.4,28,61.4
41069,Wheeler,OR,263,110.6,49.2,61.4
48353,Nolan,TX,1542,100.3,38.9,61.4
20001,Allen,KS,1480,78.6,17.3,61.3
40023,Choctaw,OK,1597,64.3,3.1,61.2
48305,Lynn,TX,461,83.3,22,61.2
20111,Lyon,KS,2741,64.5,3.5,61
40041,Delaware,OK,5346,62.3,1.4,61
21001,Adair,KY,1884,62.3,1.4,60.9
49037,San Juan,UT,1240,126,65.1,60.9
28035,Forrest,MS,6076,67,6.2,60.8
47045,Dyer,TN,3614,62.8,2,60.8
05083,Logan,AR,0,83.7,23,60.7
53023,Garfield,WA,332,84.3,23.5,60.7
13261,Sumter,GA,2861,63.5,2.9,60.6
16077,Power,ID,655,67.1,6.4,60.6
19151,Pocahontas,IA,885,80.2,19.6,60.6
28015,Carroll,MS,1240,77.5,16.9,60.6
28147,Walthall,MS,1562,78.6,18,60.6
13185,Lowndes,GA,8718,61.6,1.2,60.4
21217,Taylor,KY,2604,60.7,0.3,60.4
19147,Palo Alto,IA,1079,74.7,14.5,60.3
31077,Greeley,NE,281,105.4,45.2,60.3
05019,Clark,AR,0,67.4,7.1,60.2
17025,Clay,IL,1485,82.5,22.3,60.2
19021,Buena Vista,IA,1792,93.7,33.5,60.2
13019,Berrien,GA,1750,80.7,20.6,60.1
26079,Kalkaska,MI,1934,75.2,15.2,60
55023,Crawford,WI,2032,76.4,16.4,60
13081,Crisp,GA,2169,62.2,2.3,59.9
16037,Custer,ID,710,101,41,59.9
48347,Nacogdoches,TX,5507,61.7,1.9,59.9
19065,Fayette,IA,2366,71.4,11.8,59.6
55063,La Crosse,WI,11355,64,4.4,59.6
04009,Graham,AZ,0,71.2,11.8,59.5
20185,Stafford,KS,457,82.3,22.8,59.5
01067,Henry,AL,0,80,20.6,59.3
48165,Gaines,TX,1087,61,1.7,59.3
49007,Carbon,UT,2010,70.9,11.6,59.3
13321,Worth,GA,2317,77.3,18.1,59.2
17109,McDonough,IL,2932,60,0.9,59.2
19051,Davis,IA,855,77.6,18.5,59.1
05031,Craighead,AR,0,59.8,0.9,58.8
29029,Camden,MO,6300,66.4,7.6,58.8
29181,Ripley,MO,1181,84.9,26.2,58.8
41055,Sherman,OR,239,85.1,26.3,58.8
54101,Webster,WV,1067,73.5,14.7,58.8
01077,Lauderdale,AL,0,63.2,4.5,58.7
04027,Yuma,AZ,0,98.4,39.8,58.6
31121,Merrick,NE,858,82.5,23.9,58.6
40127,Pushmataha,OK,1292,87.4,28.8,58.6
26135,Oscoda,MI,1177,80.8,22.3,58.5
53077,Yakima,WA,19623,70.6,12.3,58.4
31169,Thayer,NE,657,103.8,45.7,58.1
01031,Coffee,AL,0,67.7,9.7,58
48211,Hemphill,TX,353,101.2,43.1,58
01033,Colbert,AL,0,64.5,6.6,57.9
31043,Dakota,NE,1482,66,8.1,57.9
55057,Juneau,WI,2892,67.7,9.8,57.9
22019,Calcasieu,LA,17977,58.4,0.6,57.8
49015,Emery,UT,911,100.1,42.3,57.8
06033,Lake,CA,0,66,8.2,57.7
19061,Dubuque,IA,10245,65.2,7.6,57.7
55125,Vilas,WI,3601,72.2,14.5,57.7
17045,Edgar,IL,2242,63.1,5.5,57.6
49025,Kane,UT,950,88.9,31.3,57.6
29115,Linn,MO,1396,81.6,24,57.5
31071,Garfield,NE,260,133.1,75.6,57.5
13287,Turner,GA,1009,75.9,18.5,57.4
21071,Floyd,KY,3733,58.9,1.6,57.4
22111,Union,LA,2451,83,25.6,57.4
26071,Iron,MI,1819,103,45.7,57.4
29127,Marion,MO,2892,71.1,13.8,57.3
55005,Barron,WI,5609,59.1,1.8,57.3
22061,Lincoln,LA,3798,63.4,6.1,57.2
19141,O'Brien,IA,1645,60.8,3.7,57.1
27071,Koochiching,MN,1658,127.1,70,57.1
28135,Tallahatchie,MS,1192,81,23.9,57.1
31179,Wayne,NE,833,62.4,5.4,57
05021,Clay,AR,0,79.1,22.2,56.9
29093,Iron,MO,1168,70.4,13.5,56.9
08043,Fremont,CO,0,68,11.4,56.7
29023,Butler,MO,4627,61.7,5.1,56.6
53025,Grant,WA,7516,67.1,10.5,56.6
19093,Ida,IA,831,82.4,25.9,56.5
28099,Neshoba,MS,2723,63.4,6.9,56.5
08107,Routt,CO,0,65.4,9,56.4
13127,Glynn,GA,10752,59.7,3.3,56.4
06089,Shasta,CA,0,71.1,14.9,56.2
51595,Emporia,VA,630,56.3,0.1,56.2
51081,Greensville,VA,991,57.9,1.8,56.1
49017,Garfield,UT,586,119.1,63.2,56
28159,Winston,MS,2050,79.8,24,55.9
33009,Grafton,NH,10811,69.7,13.9,55.9
53037,Kittitas,WA,3923,67.3,11.4,55.9
48093,Comanche,TX,1708,82,26.2,55.8
16017,Bonner,ID,6565,58.5,2.8,55.7
29003,Andrew,MO,1964,59,3.3,55.7
08103,Rio Blanco,CO,0,94.3,38.7,55.6
29129,Mercer,MO,394,81.8,26.2,55.6
22049,Jackson,LA,1705,70.9,15.4,55.5
29159,Pettis,MO,4103,57.2,1.7,55.5
22123,West Carroll,LA,1119,81.9,26.4,55.4
29015,Benton,MO,3128,70,14.6,55.4
01039,Covington,AL,0,58.8,3.6,55.3
06105,Trinity,CA,0,91.6,36.4,55.2
48079,Cochran,TX,190,99.1,44,55.2
54007,Braxton,WV,1514,62.2,7,55.2
55123,Vernon,WI,3244,79,23.8,55.2
17195,Whiteside,IL,6371,59.4,4.2,55.1
18017,Cass,IN,3822,55.8,0.7,55.1
31119,Madison,NE,3276,66.1,11,55.1
46043,Douglas,SD,356,82.3,27.2,55.1
48075,Childress,TX,582,106.2,51.2,55
29055,Crawford,MO,2579,63.5,8.5,54.9
32015,Lander,NV,412,135.2,80.4,54.9
48295,Lipscomb,TX,313,117.2,62.3,54.9
48457,Tyler,TX,2351,78.5,23.6,54.9
18093,Lawrence,IN,4925,56.7,2.1,54.7
04012,La Paz,AZ,0,90.8,36.2,54.6
26109,Menominee,MI,3164,79.2,24.7,54.6
31183,Wheeler,NE,134,110.1,55.7,54.5
48393,Roberts,TX,72,74.8,20.4,54.5
08121,Washington,CO,0,84.9,30.5,54.4
16021,Boundary,ID,1435,88.5,34.1,54.4
48137,Edwards,TX,114,108.8,54.5,54.4
48143,Erath,TX,3414,55.3,1,54.4
48297,Live Oak,TX,1143,77.6,23.1,54.4
46011,Brookings,SD,2437,58.7,4.4,54.3
46111,Sanborn,SD,243,76,21.7,54.3
47099,Lawrence,TN,4392,58.2,3.9,54.3
56039,Teton,WY,2017,83.6,29.3,54.3
20053,Ellsworth,KS,830,87,32.8,54.2
21195,Pike,KY,6254,61.4,7.2,54.2
18055,Greene,IN,3245,64.6,10.5,54.1
28085,Lincoln,MS,3449,58,3.9,54.1
20007,Barber,KS,483,82.8,28.9,53.9
31107,Knox,NE,1155,83.4,29.5,53.9
47113,Madison,TN,9759,55.9,1.9,53.9
01023,Choctaw,AL,0,86.1,32.4,53.7
13071,Colquitt,GA,4053,55.9,2.2,53.7
17071,Henderson,IL,872,66.5,12.8,53.7
56043,Washakie,WY,903,123.9,70.1,53.7
13299,Ware,GA,3541,64.5,10.8,53.6
18121,Parke,IN,1706,55,1.4,53.6
40135,Sequoyah,OK,3984,74.4,20.8,53.6
41001,Baker,OR,2326,100.7,47.1,53.6
48101,Cottle,TX,154,120.3,66.7,53.6
20127,Morris,KS,755,78.3,24.8,53.5
05027,Columbia,AR,0,57.4,4,53.4
35006,Cibola,NM,2569,72.4,19.1,53.3
42031,Clarion,PA,4023,55.8,2.5,53.3
26165,Wexford,MI,3530,63.3,10.1,53.2
48149,Fayette,TX,3457,56.8,3.6,53.2
48429,Stephens,TX,990,82.6,29.4,53.2
53009,Clallam,WA,13055,75.8,22.6,53.2
54107,Wood,WV,9872,57.8,4.7,53.1
16057,Latah,ID,2981,67.8,14.8,53
26129,Ogemaw,MI,2852,59.8,6.9,53
51640,Galax,VA,750,53.5,0.5,53
37093,Hoke,NC,3283,55.6,2.6,52.9
40003,Alfalfa,OK,530,86.6,33.7,52.9
40019,Carter,OK,4665,61.5,8.6,52.9
22009,Avoyelles,LA,3787,61.1,8.4,52.8
27145,Stearns,MN,13279,72.7,19.8,52.8
48507,Zavala,TX,784,77.5,24.7,52.8
27063,Jackson,MN,1206,66.5,13.9,52.7
31089,Holt,NE,1204,126.6,73.9,52.7
55121,Trempealeau,WI,2923,56.7,4.1,52.7
12047,Hamilton,FL,1405,66.8,14.2,52.6
21009,Barren,KY,4451,55.5,2.9,52.6
29195,Saline,MO,2179,54.1,1.5,52.6
27137,St. Louis,MN,22033,58.3,5.8,52.5
30099,Teton,MT,760,103.8,51.4,52.4
01055,Etowah,AL,0,55.6,3.3,52.3
48333,Mills,TX,643,78.9,26.6,52.3
48349,Navarro,TX,4805,55.4,3,52.3
13099,Early,GA,1217,71,18.7,52.2
20113,McPherson,KS,3267,53.8,1.6,52.2
48169,Garza,TX,376,93.8,41.6,52.2
05109,Pike,AR,0,84.6,32.6,52.1
23027,Waldo,ME,5134,58.2,6.2,52
40001,Adair,OK,1651,68.4,16.4,52
13271,Telfair,GA,1208,72.6,20.8,51.9
19123,Mahaska,IA,2236,54.5,2.6,51.9
21087,Green,KY,1327,65.7,13.8,51.9
28105,Oktibbeha,MS,3433,55.5,3.5,51.9
40043,Dewey,OK,457,85.2,33.3,51.9
55035,Eau Claire,WI,9745,63.6,11.7,51.9
13309,Wheeler,GA,595,70.8,18.9,51.8
22117,Washington,LA,4624,58.7,6.8,51.8
28087,Lowndes,MS,5634,55.2,3.5,51.7
46023,Charles Mix,SD,891,95.5,43.8,51.7
48483,Wheeler,TX,546,92.5,40.8,51.7
13037,Calhoun,GA,528,76.6,25.1,51.6
19187,Webster,IA,3970,55.9,4.4,51.6
48373,Polk,TX,4733,59.3,7.7,51.6
19055,Delaware,IA,1905,56.6,5.2,51.5
21153,Magoffin,KY,1129,54.1,2.6,51.5
40071,Kay,OK,4606,59.2,7.8,51.5
48455,Trinity,TX,1940,68.6,17.2,51.5
50009,Essex,VT,784,69.9,18.7,51.2
12027,DeSoto,FL,4061,54.5,3.4,51.1
12063,Jackson,FL,5491,52.6,1.7,51
13305,Wayne,GA,2737,55.2,4.3,51
19191,Winneshiek,IA,2317,54,3.1,51
22011,Beauregard,LA,3181,64.8,13.8,51
48445,Terry,TX,964,83,32.1,50.9
06109,Tuolumne,CA,0,73.1,22.4,50.7
13101,Echols,GA,263,75.4,24.7,50.7
27033,Cottonwood,MN,1366,60.4,9.7,50.7
19059,Dickinson,IA,2644,78.3,27.7,50.6
30081,Ravalli,MT,6218,61.9,11.4,50.5
05129,Searcy,AR,0,82.5,32.1,50.4
29035,Carter,MO,564,81.6,31.3,50.3
13283,Treutlen,GA,736,67.3,17.2,50.2
23007,Franklin,ME,3608,77.6,27.6,50.1
54067,Nicholas,WV,2942,52,1.9,50.1
05079,Lincoln,AR,0,64.9,14.9,50
13061,Clay,GA,498,86.2,36.1,50
17161,Rock Island,IL,15821,52.1,2.1,50
19193,Woodbury,IA,8904,69.7,19.7,50
29217,Vernon,MO,2209,73.7,23.7,50
48133,Eastland,TX,2073,85.7,35.7,50
18165,Vermillion,IN,1675,63.6,13.7,49.9
41041,Lincoln,OR,8415,58.5,8.6,49.9
54083,Randolph,WV,3259,60.8,10.9,49.9
29187,St. Francois,MO,6112,52.9,3.1,49.8
19005,Allamakee,IA,1647,69.3,19.8,49.5
26085,Lake,MI,1628,56.5,7,49.5
37113,Macon,NC,5823,52.3,2.9,49.5
41023,Grant,OR,1144,121.8,72.3,49.5
51197,Wythe,VA,3417,51.8,2.4,49.5
48277,Lamar,TX,5381,51,1.6,49.4
49055,Wayne,UT,286,138.1,88.7,49.4
28103,Noxubee,MS,1010,77.8,28.5,49.3
48319,Mason,TX,678,86.7,37.3,49.3
36003,Allegany,NY,4753,59.3,10.1,49.2
48171,Gillespie,TX,4369,54.4,5.2,49.2
31051,Dixon,NE,608,68.6,19.6,49.1
01107,Pickens,AL,0,74.8,25.8,49
13239,Quitman,GA,340,75,26,49
48235,Irion,TX,182,80.2,31.3,49
05115,Pope,AR,0,61.9,13,48.9
16047,Gooding,ID,1471,79.5,30.6,48.9
42047,Elk,PA,3740,53.3,4.4,48.9
19045,Clinton,IA,4990,54.6,5.8,48.8
20117,Marshall,KS,1134,87.2,38.5,48.7
35003,Catron,NM,740,127,78.3,48.7
04015,Mohave,AZ,0,85.2,36.6,48.6
19035,Cherokee,IA,1521,74.9,26.3,48.6
37163,Sampson,NC,5986,50.6,2.3,48.4
48267,Kimble,TX,762,95.4,47,48.4
21155,Marion,KY,1874,49.7,1.4,48.3
45027,Clarendon,SC,4190,49.9,1.6,48.3
46005,Beadle,SD,1875,98.5,50.2,48.3
18027,Daviess,IN,2902,53.8,5.6,48.2
40021,Cherokee,OK,4441,49.5,1.3,48.2
47181,Wayne,TN,1664,73.5,25.3,48.2
35028,Los Alamos,NM,1822,49.2,1.2,48.1
42121,Venango,PA,6480,52,3.9,48.1
48449,Titus,TX,2528,50.7,2.6,48.1
48403,Sabine,TX,1479,79.5,31.6,47.9
05137,Stone,AR,0,77.6,29.8,47.8
05145,White,AR,0,49,1.3,47.8
28097,Montgomery,MS,1189,69.7,21.9,47.8
48179,Gray,TX,1903,62.3,14.5,47.8
18021,Clay,IN,2680,57.3,9.7,47.7
19057,Des Moines,IA,4379,54.6,6.8,47.7
21193,Perry,KY,2638,49.5,1.8,47.6
28109,Pearl River,MS,5898,63.5,15.9,47.6
28119,Quitman,MS,632,63,15.4,47.6
54047,McDowell,WV,2122,52.9,5.3,47.6
56041,Uinta,WY,1712,70.8,23.1,47.6
01059,Franklin,AL,0,55.4,7.9,47.5
40099,Murray,OK,1451,67.5,20,47.5
56021,Laramie,WY,9059,58.5,11.1,47.5
48037,Bowie,TX,9000,67.2,19.8,47.4
36089,St. Lawrence,NY,10439,55.5,8.1,47.3
48405,San Augustine,TX,1142,79.3,32,47.3
06027,Inyo,CA,0,109.1,61.9,47.2
48265,Kerr,TX,8123,59.1,11.9,47.2
48387,Red River,TX,1593,71,23.8,47.2
54097,Upshur,WV,2626,54,6.8,47.2
28047,Harrison,MS,18461,50.6,3.5,47.1
40029,Coal,OK,614,69.4,22.3,47.1
35011,De Baca,NM,207,109,62,47
40151,Woods,OK,783,107.2,60.3,46.9
01063,Greene,AL,0,71.9,25.2,46.7
22127,Winn,LA,1401,75.6,28.9,46.7
26105,Mason,MI,3908,56.6,9.9,46.7
17099,LaSalle,IL,11317,48.9,2.2,46.6
21025,Breathitt,KY,1365,50.8,4.3,46.5
54041,Lewis,WV,1811,53.4,6.8,46.5
20149,Pottawatomie,KS,2076,65.2,18.8,46.4
18157,Tippecanoe,IN,12458,48.1,1.8,46.3
55107,Rusk,WI,1854,75.4,29.1,46.3
16041,Franklin,ID,1058,68.5,22.3,46.2
28037,Franklin,MS,850,73.3,27.1,46.2
28107,Panola,MS,3145,50.5,4.4,46.1
40047,Garfield,OK,5679,51,5,46.1
40063,Hughes,OK,1389,74.4,28.2,46.1
31027,Cedar,NE,955,66.7,20.8,46
31125,Nance,NE,390,77.9,31.8,46
37153,Richmond,NC,4297,51.1,5.2,46
48357,Ochiltree,TX,599,95.7,49.6,46
21119,Knott,KY,1493,60.8,14.9,45.9
47023,Chester,TN,1699,62.9,17,45.9
48279,Lamb,TX,1172,82.7,36.8,45.9
06047,Merced,CA,0,57.5,11.8,45.8
01061,Geneva,AL,0,61.3,15.6,45.7
13145,Harris,GA,3463,48.4,2.6,45.7
18083,Knox,IN,3712,50.9,5.2,45.7
29083,Henry,MO,2676,47.4,1.6,45.7
13075,Cook,GA,1557,66.5,20.9,45.6
17101,Lawrence,IL,1538,56.5,10.9,45.6
18181,White,IN,2695,65.3,19.7,45.6
19009,Audubon,IA,780,65.7,20.1,45.6
40153,Woodward,OK,1784,111,65.4,45.6
19165,Shelby,IA,1445,48.2,2.7,45.5
05001,Arkansas,AR,0,64.2,18.9,45.3
17199,Williamson,IL,7207,46,0.7,45.3
21145,McCracken,KY,7757,48.4,3.2,45.3
54073,Pleasants,WV,734,59.9,14.7,45.3
55085,Oneida,WI,5258,52,6.7,45.3
16081,Teton,ID,773,50.5,5.3,45.2
41059,Umatilla,OR,6750,52.2,7,45.2
01081,Lee,AL,0,48.8,3.7,45.1
13241,Rabun,GA,2517,45.6,0.5,45.1
29185,St. Clair,MO,1256,68.1,23.1,45
48199,Hardin,TX,5509,65.9,20.8,45
21099,Hart,KY,1775,64.8,19.9,44.9
21139,Livingston,KY,1042,62.4,17.6,44.9
31011,Boone,NE,658,83.6,38.7,44.9
12121,Suwannee,FL,4941,51.6,6.8,44.8
47107,McMinn,TN,5931,45.7,0.8,44.8
05107,Phillips,AR,0,68.1,23.4,44.7
19025,Calhoun,IA,1247,68.8,24.1,44.7
22027,Claiborne,LA,1619,49,4.2,44.7
31151,Saline,NE,1189,70,25.3,44.7
13201,Miller,GA,728,56.4,11.8,44.5
31015,Boyd,NE,287,110.8,66.3,44.5
48421,Sherman,TX,237,74.2,29.7,44.5
49013,Duchesne,UT,1259,67.2,22.7,44.5
17051,Fayette,IL,2140,65.8,21.4,44.4
29061,Daviess,MO,900,64.3,19.9,44.4
35035,Otero,NM,6121,67.1,22.7,44.4
21085,Grayson,KY,2552,47.4,3.2,44.3
29173,Ralls,MO,1226,58.5,14.2,44.3
17005,Bond,IL,1675,46,1.8,44.2
40025,Cimarron,OK,327,112.3,68.1,44.2
45049,Hampton,SC,1908,50.8,6.6,44.2
05091,Miller,AR,0,56,11.9,44.1
40069,Johnston,OK,1009,49.4,5.4,44.1
50005,Caledonia,VT,3550,48.9,4.8,44.1
39175,Wyandot,OH,2450,45.4,1.4,44
41019,Douglas,OR,15230,54.3,10.3,44
08015,Chaffee,CO,0,62.2,18.3,43.9
37023,Burke,NC,10176,44.6,0.7,43.9
37051,Cumberland,NC,24598,47.2,3.3,43.9
55053,Jackson,WI,2094,70.1,26.2,43.9
21227,Warren,KY,10052,44,0.2,43.8
30087,Rosebud,MT,710,88.5,44.8,43.7
20159,Rice,KS,1030,68.5,24.9,43.6
31059,Fillmore,NE,704,85.4,41.8,43.6
35037,Quay,NM,1155,94,50.3,43.6
48225,Houston,TX,2607,69.7,26.1,43.6
48239,Jackson,TX,1551,66.9,23.3,43.6
01047,Dallas,AL,0,49.6,6.2,43.5
23013,Knox,ME,5973,46,2.5,43.5
37041,Chowan,NC,1995,47.5,3.9,43.5
37193,Wilkes,NC,8271,46.2,2.7,43.5
05097,Montgomery,AR,0,75.7,32.3,43.4
18103,Miami,IN,3419,54.9,11.5,43.4
19177,Van Buren,IA,886,66.3,22.9,43.4
29221,Washington,MO,2126,49.4,6,43.4
42065,Jefferson,PA,5079,54.4,11,43.4
48245,Jefferson,TX,21251,54,10.6,43.4
05147,Woodruff,AR,0,69.6,26.3,43.3
28003,Alcorn,MS,3657,46.8,3.6,43.3
51021,Bland,VA,784,56.1,12.7,43.3
21133,Letcher,KY,2362,43.9,0.6,43.2
27009,Benton,MN,3188,55,11.8,43.2
31141,Platte,NE,3302,54.1,10.9,43.2
45047,Greenwood,SC,7477,45.5,2.3,43.2
13065,Clinch,GA,630,71.1,28,43.1
19175,Union,IA,1350,51,7.9,43.1
46009,Bon Homme,SD,789,68.3,25.3,43
48163,Frio,TX,1213,46.3,3.3,43
54081,Raleigh,WV,8679,46.7,3.8,43
05073,Lafayette,AR,0,51.5,8.7,42.9
22107,Tensas,LA,596,72,29,42.9
18117,Orange,IN,2172,44.9,2.1,42.8
28079,Leake,MS,2155,43.7,0.9,42.8
19017,Bremer,IA,2637,51.7,9,42.7
39147,Seneca,OH,5490,45.4,2.7,42.7
30045,Judith Basin,MT,256,98.4,55.7,42.6
48263,Kent,TX,162,111.8,69.2,42.6
17055,Franklin,IL,4247,60,17.5,42.5
18105,Monroe,IN,11093,42.7,0.2,42.5
12055,Highlands,FL,19609,55.2,12.8,42.4
13175,Laurens,GA,5186,47.2,4.8,42.4
16005,Bannock,ID,6959,59.5,17.1,42.4
35019,Guadalupe,NM,396,99.1,56.8,42.4
13197,Marion,GA,848,62,19.7,42.3
46061,Hanson,SD,255,53.7,11.4,42.3
48369,Parmer,TX,760,68.8,26.5,42.3
30047,Lake,MT,3855,46,3.8,42.2
48363,Palo Pinto,TX,3065,52.4,10.2,42.2
05095,Monroe,AR,0,65.2,23.1,42.1
17165,Saline,IL,2716,64,21.9,42.1
37027,Caldwell,NC,9144,44.9,2.8,42.1
19163,Scott,IA,16219,47.7,5.7,42
01113,Russell,AL,0,56.5,14.7,41.9
22065,Madison,LA,894,63,21.2,41.9
13253,Seminole,GA,1309,49.8,8.1,41.7
29121,Macon,MO,1786,66.8,25.1,41.7
30043,Jefferson,MT,1403,65.2,23.5,41.7
39079,Jackson,OH,3205,43,1.3,41.7
39167,Washington,OH,6928,43.9,2.2,41.7
54025,Greenbrier,WV,4236,55.2,13.5,41.7
27081,Lincoln,MN,723,65.9,24.3,41.6
13109,Evans,GA,1031,42.5,1.1,41.4
19063,Emmet,IA,1193,62.7,21.4,41.4
13249,Schley,GA,454,55.5,14.2,41.3
20011,Bourbon,KS,1561,73,31.7,41.3
27105,Nobles,MN,1977,49.6,8.3,41.3
18101,Martin,IN,1074,60.1,18.9,41.2
19029,Cass,IA,1662,47.1,5.9,41.2
22109,Terrebonne,LA,9082,57.1,15.9,41.2
28019,Choctaw,MS,1043,66.4,25.2,41.2
48123,DeWitt,TX,2166,66.9,25.6,41.2
28063,Jefferson,MS,886,66,25,41.1
48233,Hutchinson,TX,1897,53.3,12.2,41.1
54085,Ritchie,WV,1013,66.7,25.5,41.1
18075,Jay,IN,2002,42.2,1.2,41
50019,Orleans,VT,3353,50,9,41
01125,Tuscaloosa,AL,0,42.5,1.6,40.9
35051,Sierra,NM,2075,96.6,55.7,40.8
54021,Gilmer,WV,681,64.4,23.6,40.8
37125,Moore,NC,13633,47.8,7.1,40.7
13043,Candler,GA,1089,58.5,17.8,40.6
39141,Ross,OH,7354,43.1,2.5,40.6
40061,Haskell,OK,1246,73.3,32.8,40.6
51035,Carroll,VA,3940,51.8,11.2,40.6
01057,Fayette,AL,0,55.8,15.4,40.5
31173,Thurston,NE,434,49.8,9.3,40.5
48067,Cass,TX,3415,45,4.5,40.5
05123,St. Francis,AR,0,42.8,2.4,40.4
18071,Jackson,IN,4105,48,7.6,40.4
29075,Gentry,MO,622,61.1,20.7,40.4
16025,Camas,ID,81,66.5,26.2,40.3
31109,Lancaster,NE,26379,41.1,0.8,40.3
39009,Athens,OH,4878,43.3,3,40.3
48411,San Saba,TX,657,78,37.7,40.3
53013,Columbia,WA,635,66.3,26,40.3
20077,Harper,KS,636,54.7,14.5,40.2
42123,Warren,PA,4851,47.2,7,40.2
48471,Walker,TX,5674,42.1,1.9,40.2
13031,Bulloch,GA,5360,41.6,1.6,40
17149,Pike,IL,1716,67.6,27.6,40
35021,Harding,NM,82,117.6,77.6,40
47069,Hardeman,TN,2566,44,4.1,40
19157,Poweshiek,IA,2147,51,11.2,39.9
39145,Scioto,OH,7557,43.3,3.4,39.9
50027,Windsor,VT,7576,56.3,16.5,39.9
01109,Pike,AL,0,41.5,1.7,39.8
13111,Fannin,GA,4046,44.7,4.8,39.8
27127,Redwood,MN,1847,65.8,26,39.8
29186,Ste. Genevieve,MO,1994,49.1,9.3,39.8
32001,Churchill,NV,2603,63.8,24,39.8
39033,Crawford,OH,4767,49.2,9.5,39.8
17027,Clinton,IL,3566,42.6,2.8,39.7
19091,Humboldt,IA,1086,57.2,17.5,39.7
37187,Washington,NC,1630,46.9,7.3,39.7
39013,Belmont,OH,7737,53.2,13.5,39.7
48111,Dallam,TX,306,84.2,44.6,39.7
17191,Wayne,IL,1894,66.7,27.1,39.6
21115,Johnson,KY,2238,42.3,2.6,39.6
40147,Washington,OK,5869,42.6,3,39.6
54089,Summers,WV,1693,58,18.4,39.6
55033,Dunn,WI,3947,43.5,4,39.6
01043,Cullman,AL,0,43.1,3.6,39.5
18045,Fountain,IN,1745,57.7,18.2,39.5
18049,Fulton,IN,2213,43.1,3.6,39.5
28071,Lafayette,MS,4155,41.5,2,39.5
13267,Tattnall,GA,2023,51.7,12.3,39.4
42105,Potter,PA,2171,65.7,26.3,39.4
48285,Lavaca,TX,2646,71.1,31.8,39.4
55029,Door,WI,5040,48.3,8.9,39.4
13315,Wilcox,GA,923,59,19.7,39.3
17065,Hamilton,IL,964,65,25.7,39.3
50025,Windham,VT,5868,52,12.6,39.3
17187,Warren,IL,1746,53.2,14,39.2
19171,Tama,IA,1819,58.5,19.3,39.2
28005,Amite,MS,1719,59.5,20.3,39.2
33019,Sullivan,NH,5342,45.4,6.2,39.2
27093,Meeker,MN,2476,57.2,18,39.1
36101,Steuben,NY,10040,48.2,9.1,39.1
40053,Grant,OK,476,66.4,27.3,39.1
51025,Brunswick,VA,1888,54.3,15.2,39.1
19019,Buchanan,IA,1984,57.9,18.8,39
22105,Tangipahoa,LA,11115,44.4,5.3,39
18053,Grant,IN,7007,41.3,2.4,38.9
19149,Plymouth,IA,2655,56.8,18,38.9
37131,Northampton,NC,2722,52.5,13.7,38.8
42053,Forest,PA,778,61,22.2,38.8
51159,Richmond,VA,1084,47.3,8.5,38.8
55037,Florence,WI,673,88.1,49.3,38.8
28061,Jasper,MS,1864,60.8,22.1,38.7
18169,Wabash,IN,3648,40.9,2.3,38.6
30049,Lewis and Clark,MT,7558,79.3,40.7,38.6
37091,Hertford,NC,2528,43.1,4.5,38.6
40035,Craig,OK,1493,58.2,19.7,38.6
05051,Garland,AR,0,46.8,8.3,38.5
05149,Yell,AR,0,62.4,23.9,38.5
06097,Sonoma,CA,0,44.1,5.6,38.5
21057,Cumberland,KY,706,39.7,1.2,38.5
27085,McLeod,MN,3932,44.6,6.1,38.5
47131,Obion,TN,3489,45.6,7.1,38.5
06003,Alpine,CA,0,62.2,23.8,38.4
12115,Sarasota,FL,90431,44.5,6.1,38.4
29063,DeKalb,MO,1137,52.1,13.7,38.4
37155,Robeson,NC,10518,43,4.5,38.4
37165,Scotland,NC,3481,44.5,6,38.4
17145,Perry,IL,2261,56.8,18.5,38.3
18107,Montgomery,IN,3842,38.6,0.3,38.3
21169,Metcalfe,KY,1076,53.3,15,38.3
46079,Lake,SD,1239,39.8,1.5,38.3
06057,Nevada,CA,0,51.9,13.8,38.2
21075,Fulton,KY,757,51.2,13,38.2
45029,Colleton,SC,4191,42.2,4,38.2
46077,Kingsbury,SD,611,69.6,31.5,38.2
46135,Yankton,SD,2612,47.4,9.2,38.2
48283,La Salle,TX,749,77.5,39.3,38.2
55139,Winnebago,WI,15808,42.1,3.8,38.2
01015,Calhoun,AL,0,42.1,4,38.1
26059,Hillsdale,MI,5001,40.3,2.2,38.1
36105,Sullivan,NY,7663,44,5.9,38.1
45085,Sumter,SC,10414,39.9,1.8,38.1
48089,Colorado,TX,2528,43.1,5.1,38.1
13025,Brantley,GA,1646,60.1,22,38
19185,Wayne,IA,754,61.8,23.8,38
28149,Warren,MS,4365,39.2,1.2,38
36033,Franklin,NY,4685,56.4,18.4,38
47033,Crockett,TN,1424,56.8,18.8,38
55001,Adams,WI,3206,58,19.9,38
19143,Osceola,IA,716,54.7,16.8,37.9
35005,Chaves,NM,5595,43.2,5.4,37.9
39163,Vinton,OH,1249,55.4,17.4,37.9
51117,Mecklenburg,VA,4421,51.2,13.3,37.9
06017,El Dorado,CA,0,52.7,14.8,37.8
13293,Upson,GA,2894,39.8,2,37.8
19097,Jackson,IA,2251,61,23.2,37.8
27091,Martin,MN,2435,42.6,4.8,37.8
31143,Polk,NE,615,58.4,20.6,37.8
48227,Howard,TX,2193,43.5,5.8,37.8
48341,Moore,TX,1262,43.8,6,37.8
35039,Rio Arriba,NM,4564,85.8,48.1,37.7
48195,Hansford,TX,380,80.1,42.3,37.7
01035,Conecuh,AL,0,59.5,21.9,37.6
16007,Bear Lake,ID,698,80.8,43.2,37.6
54069,Ohio,WV,5276,41.5,4,37.5
54109,Wyoming,WV,2429,49.7,12.2,37.5
05025,Cleveland,AR,0,59.6,22.2,37.4
21207,Russell,KY,2001,53,15.6,37.4
28031,Covington,MS,1709,57.8,20.4,37.4
48335,Mitchell,TX,740,71.2,33.8,37.4
13167,Johnson,GA,968,56.1,18.8,37.3
20019,Chautauqua,KS,420,67.2,29.8,37.3
40093,Major,OK,887,73.8,36.5,37.3
47063,Hamblen,TN,6415,39.6,2.3,37.3
28161,Yalobusha,MS,1475,55.1,17.9,37.2
29125,Maries,MO,987,53.5,16.4,37.2
55041,Forest,WI,1153,66.4,29.2,37.2
56003,Big Horn,WY,1297,78.5,41.3,37.2
48415,Scurry,TX,1361,85.6,48.6,37
19075,Grundy,IA,1373,56,19.1,36.9
20043,Doniphan,KS,750,52.6,15.7,36.9
23017,Oxford,ME,7112,56.8,19.9,36.9
27001,Aitkin,MN,2694,63.8,26.9,36.9
28045,Hancock,MS,5553,47.5,10.6,36.9
32019,Lyon,NV,6588,40.2,3.3,36.9
37017,Bladen,NC,3780,40.3,3.3,36.9
48177,Gonzales,TX,2196,41.4,4.5,36.9
01065,Hale,AL,0,58,21.2,36.8
39067,Harrison,OH,1783,43.3,6.5,36.8
42115,Susquehanna,PA,4910,38.9,2.2,36.8
45075,Orangeburg,SC,9711,42.1,5.3,36.8
47025,Claiborne,TN,3465,41.1,4.3,36.8
21131,Leslie,KY,1037,40.7,4,36.7
39043,Erie,OH,9251,42.6,5.9,36.7
42117,Tioga,PA,4892,39.8,3.1,36.7
13007,Baker,GA,313,60,23.4,36.6
51155,Pulaski,VA,4233,45.7,9.1,36.6
01093,Marion,AL,0,51.2,14.6,36.5
48159,Franklin,TX,1182,50.7,14.2,36.5
41065,Wasco,OR,2832,65.8,29.4,36.4
48087,Collingsworth,TX,311,93.2,56.8,36.4
35013,Doña Ana,NM,19681,39,2.7,36.3
37075,Graham,NC,1049,38.7,2.4,36.3
53007,Chelan,WA,8495,69.2,32.9,36.3
18079,Jennings,IN,2466,50.6,14.5,36.2
21095,Harlan,KY,2779,42.3,6.1,36.2
22085,Sabine,LA,2448,65.3,29.2,36.2
27129,Renville,MN,1608,63.1,26.8,36.2
48001,Anderson,TX,4701,40.8,4.6,36.2
55135,Waupaca,WI,5527,46.6,10.4,36.2
13115,Floyd,GA,9196,37.4,1.4,36.1
17127,Massac,IL,1667,45.8,9.7,36.1
47169,Trousdale,TN,805,36.5,0.4,36.1
17085,Jo Daviess,IL,3330,61.9,25.9,36
17169,Schuyler,IL,844,56.2,20.3,35.9
28007,Attala,MS,1930,59.7,23.8,35.9
40133,Seminole,OK,2355,52.1,16.3,35.9
01049,DeKalb,AL,0,42.3,6.5,35.8
12023,Columbia,FL,7444,40.7,4.9,35.8
17157,Randolph,IL,3479,44,8.3,35.8
17115,Macon,IL,11808,36.1,0.4,35.7
20155,Reno,KS,6967,48.2,12.5,35.7
32021,Mineral,NV,730,91,55.4,35.6
37039,Cherokee,NC,4774,54.7,19.1,35.6
48385,Real,TX,492,78,42.4,35.6
51750,Radford,VA,922,36.4,0.7,35.6
55129,Washburn,WI,2322,63.5,27.9,35.6
04023,Santa Cruz,AZ,0,47.7,12.1,35.5
32027,Pershing,NV,469,86.4,50.9,35.5
19135,Monroe,IA,791,56.1,20.7,35.4
22023,Cameron,LA,527,53.9,18.5,35.4
31105,Kimball,NE,487,83,47.6,35.4
13107,Emanuel,GA,2089,62,26.7,35.3
27095,Mille Lacs,MN,2613,60.9,25.6,35.3
28139,Tippah,MS,2090,38.5,3.2,35.3
51147,Prince Edward,VA,2084,40.6,5.3,35.3
18077,Jefferson,IN,3433,38,2.8,35.2
26113,Missaukee,MI,1657,52.1,16.9,35.2
33003,Carroll,NH,7715,47.1,12,35.1
45089,Williamsburg,SC,3873,40.9,5.8,35.1
48161,Freestone,TX,2137,65.7,30.6,35.1
48281,Lampasas,TX,2423,55.1,20,35.1
13147,Hart,GA,3223,44.6,9.7,35
20095,Kingman,KS,761,47.5,12.5,35
31167,Stanton,NE,613,49.1,14.1,35
04017,Navajo,AZ,0,68.8,33.9,34.9
16049,Idaho,ID,2291,103,68.1,34.9
28111,Perry,MS,1167,53.4,18.5,34.9
53069,Wahkiakum,WA,714,54.9,20,34.9
17139,Moultrie,IL,1516,55.7,20.9,34.8
21093,Hardin,KY,9206,39.4,4.6,34.8
27047,Freeborn,MN,3767,36.7,1.9,34.8
29131,Miller,MO,2574,48,13.3,34.8
51111,Lunenburg,VA,1500,51.3,16.5,34.8
48097,Cooke,TX,4242,38.4,3.7,34.7
20017,Chase,KS,318,57.5,22.9,34.6
27055,Houston,MN,2247,49.5,14.9,34.6
37095,Hyde,NC,565,71,36.3,34.6
47125,Montgomery,TN,12343,38.9,4.4,34.6
48481,Wharton,TX,4029,40.3,5.7,34.6
18037,Dubois,IN,4322,38.4,3.8,34.5
39077,Huron,OH,5783,39.9,5.4,34.5
39081,Jefferson,OH,7874,40.1,5.5,34.5
50017,Orange,VT,3518,45.9,11.4,34.5
51057,Essex,VA,1352,38.4,4.1,34.4
54059,Mingo,WV,2700,45.1,10.7,34.4
55115,Shawano,WI,4610,42.3,7.9,34.4
06061,Placer,CA,0,52.4,18,34.3
20031,Coffey,KS,966,61.8,27.5,34.3
54051,Marshall,WV,3792,39.8,5.5,34.3
55075,Marinette,WI,5295,62,27.6,34.3
08057,Jackson,CO,0,62.9,28.7,34.2
45025,Chesterfield,SC,4574,41.7,7.5,34.2
48301,Loving,TX,16,65.4,31.2,34.2
54075,Pocahontas,WV,1068,73.4,39.2,34.2
54105,Wirt,WV,536,53.6,19.4,34.2
05029,Conway,AR,0,40.6,6.5,34.1
13093,Dooly,GA,1283,46.6,12.5,34.1
19127,Marshall,IA,3980,39,4.8,34.1
39101,Marion,OH,6450,35.7,1.6,34.1
47035,Cumberland,TN,10393,35.6,1.5,34.1
01131,Wilcox,AL,0,66.4,32.4,34
18085,Kosciusko,IN,7486,35.7,1.7,34
18171,Warren,IN,963,53.5,19.5,34
33005,Cheshire,NH,8947,36.6,2.6,34
48109,Culberson,TX,234,93.3,59.4,34
18007,Benton,IN,806,56,22.1,33.9
18067,Howard,IN,9185,35.9,2.1,33.9
26053,Gogebic,MI,2064,55.9,22,33.9
27115,Pine,MN,3232,56.1,22.2,33.9
01053,Escambia,AL,0,39.1,5.3,33.8
06005,Amador,CA,0,42.5,8.7,33.8
18127,Porter,IN,16804,35.2,1.4,33.8
42063,Indiana,PA,8971,38.6,4.8,33.8
26157,Tuscola,MI,6005,36.6,2.9,33.7
36017,Chenango,NY,5237,39.2,5.5,33.7
48289,Leon,TX,1947,53.4,19.8,33.7
55097,Portage,WI,6595,35.4,1.7,33.7
19159,Ringgold,IA,578,57.9,24.3,33.6
28077,Lawrence,MS,1224,54.3,20.7,33.6
30003,Big Horn,MT,926,44.6,11,33.6
35025,Lea,NM,4371,47.3,13.6,33.6
35049,Santa Fe,NM,22899,41.4,7.9,33.6
37043,Clay,NC,1951,51.2,17.6,33.6
01133,Winston,AL,0,55.1,21.7,33.5
13263,Talbot,GA,844,50.8,17.4,33.4
13317,Wilkes,GA,1269,36.7,3.3,33.4
24037,St. Mary's,MD,8315,35,1.6,33.4
26023,Branch,MI,4459,37.3,3.8,33.4
40105,Nowata,OK,997,50.1,16.8,33.4
47031,Coffee,TN,5681,33.9,0.5,33.4
51678,Lexington,VA,699,33.5,0.1,33.4
55119,Taylor,WI,2067,42.2,8.9,33.4
05059,Hot Spring,AR,0,45.1,11.7,33.3
05069,Jefferson,AR,0,40.8,7.5,33.3
19003,Adams,IA,462,39.8,6.5,33.3
21055,Crittenden,KY,983,51.6,18.2,33.3
40051,Grady,OK,5010,38.3,5,33.3
48027,Bell,TX,24201,34.9,1.6,33.3
13291,Union,GA,4541,36.7,3.5,33.2
33001,Belknap,NH,7782,35.3,2.1,33.2
42127,Wayne,PA,6553,38.7,5.5,33.2
51163,Rockbridge,VA,3156,35.3,2.1,33.2
13087,Decatur,GA,2826,34.9,1.8,33.1
22035,East Carroll,LA,575,68.5,35.4,33.1
28029,Copiah,MS,2870,36.2,3.1,33.1
28065,Jefferson Davis,MS,1495,55.2,22,33.1
37177,Tyrrell,NC,465,60.9,27.8,33.1
18005,Bartholomew,IN,7389,33.5,0.6,33
26017,Bay,MI,12039,40.9,7.9,33
29147,Nodaway,MO,1973,35.4,2.4,33
48019,Bandera,TX,3088,43.7,10.7,33
29163,Pike,MO,1808,60.8,28,32.9
47029,Cocke,TN,4180,37.7,4.8,32.9
48013,Atascosa,TX,4085,34.5,1.6,32.9
49005,Cache,UT,7095,37.6,4.8,32.9
22101,St. Mary,LA,4753,47.3,14.5,32.8
05077,Lee,AR,0,50.2,17.6,32.7
45073,Oconee,SC,10194,39,6.3,32.7
48299,Llano,TX,4239,58.6,25.9,32.7
55049,Iowa,WI,2418,35.9,3.3,32.7
17073,Henry,IL,5493,49.4,16.8,32.6
17183,Vermilion,IL,8030,38.4,5.8,32.6
21061,Edmonson,KY,1377,50.8,18.2,32.6
29025,Caldwell,MO,958,47.2,14.6,32.6
31133,Pawnee,NE,383,62.3,29.7,32.6
48311,McMullen,TX,59,71.5,38.8,32.6
17171,Scott,IL,538,46.1,13.6,32.5
36007,Broome,NY,21900,38.7,6.2,32.5
45043,Georgetown,SC,10391,36.4,3.8,32.5
49039,Sanpete,UT,2169,59.3,26.8,32.5
01127,Walker,AL,0,35.2,2.8,32.4
12107,Putnam,FL,9040,36.2,3.8,32.4
18149,Starke,IN,2354,33.8,1.4,32.4
29113,Lincoln,MO,4590,38.2,5.8,32.4
45013,Beaufort,SC,28486,35.2,2.8,32.4
54033,Harrison,WV,7173,33.3,0.9,32.4
06063,Plumas,CA,0,56.2,23.9,32.3
18035,Delaware,IN,10946,34.3,2,32.3
26011,Arenac,MI,1926,54.7,22.4,32.3
27065,Kanabec,MN,1793,58.7,26.4,32.3
28101,Newton,MS,2063,56.7,24.3,32.3
50021,Rutland,VT,7595,35.8,3.5,32.3
17151,Pope,IL,440,54.6,22.4,32.2
21123,Larue,KY,1370,46.5,14.3,32.2
28157,Wilkinson,MS,888,57.9,25.7,32.2
27131,Rice,MN,5831,35.9,3.9,32
41057,Tillamook,OR,3894,37.8,5.9,32
45009,Bamberg,SC,1769,53.8,21.8,32
48213,Henderson,TX,9992,33.7,1.7,32
13213,Murray,GA,3293,34.1,2.2,31.9
17015,Carroll,IL,1937,49.9,18,31.9
19089,Howard,IA,1022,42,10.1,31.9
37083,Halifax,NC,5967,44.2,12.3,31.9
39157,Tuscarawas,OH,10019,36.7,4.8,31.9
45005,Allendale,SC,956,49.5,17.6,31.9
48237,Jack,TX,778,57.1,25.2,31.9
53019,Ferry,WA,1100,74.9,42.9,31.9
13237,Putnam,GA,2890,32.6,0.9,31.8
13285,Troup,GA,6242,32.1,0.3,31.8
18131,Pulaski,IN,1363,49.3,17.5,31.8
39105,Meigs,OH,2422,48.1,16.3,31.8
41007,Clatsop,OR,5243,45.3,13.5,31.8
45023,Chester,SC,3328,34.8,3,31.8
53075,Whitman,WA,2899,52.8,21.1,31.8
28025,Clay,MS,2052,39.3,7.7,31.7
39143,Sandusky,OH,6288,32.8,1.1,31.7
51165,Rockingham,VA,9068,37.3,5.7,31.7
55137,Waushara,WI,3089,49.3,17.7,31.7
06103,Tehama,CA,0,33.5,1.9,31.6
16055,Kootenai,ID,18665,34.2,2.6,31.6
18139,Rush,IN,1725,32.7,1.1,31.6
21003,Allen,KY,1973,51.4,19.8,31.6
21135,Lewis,KY,1305,36.9,5.2,31.6
26143,Roscommon,MI,3926,50.6,19,31.6
27101,Murray,MN,1063,59.6,28,31.6
12093,Okeechobee,FL,4262,40.9,9.3,31.5
29157,Perry,MO,1977,33.8,2.3,31.5
41021,Gilliam,OR,311,74.6,43.1,31.5
05111,Poinsett,AR,0,48.1,16.6,31.4
06099,Stanislaus,CA,0,36.6,5.2,31.4
17061,Greene,IL,1291,48.6,17.3,31.4
21021,Boyle,KY,3246,35.3,3.9,31.4
54045,Logan,WV,3910,34.7,3.3,31.4
55013,Burnett,WI,2551,65.4,34.1,31.4
55078,Menominee,WI,330,48.9,17.5,31.4
05023,Cleburne,AR,0,57.6,26.3,31.3
16087,Washington,ID,1399,62.3,31,31.3
23011,Kennebec,ME,14088,36.7,5.4,31.3
36109,Tompkins,NY,8914,33,1.6,31.3
37173,Swain,NC,1560,35.8,4.5,31.3
48191,Hall,TX,359,82.9,51.6,31.3
17173,Shelby,IL,2607,53.6,22.4,31.2
21083,Graves,KY,3670,33.7,2.5,31.2
28021,Claiborne,MS,915,50.4,19.2,31.2
51660,Harrisonburg,VA,2962,32.7,1.5,31.2
53001,Adams,WA,1260,61.9,30.7,31.2
26151,Sanilac,MI,4806,52.7,21.5,31.1
36065,Oneida,NY,24600,31.9,0.8,31.1
01017,Chambers,AL,0,48.5,17.5,31
25011,Franklin,MA,9122,32,0.9,31
26131,Ontonagon,MI,1076,73.4,42.4,31
29033,Carroll,MO,986,57.7,26.6,31
48063,Camp,TX,1208,35.2,4.2,31
04003,Cochise,AZ,0,66.9,36,30.9
18015,Carroll,IN,2193,47.3,16.3,30.9
32017,Lincoln,NV,393,102.1,71.2,30.9
17131,Mercer,IL,1738,52.1,21.3,30.8
37015,Bertie,NC,2422,36.8,6,30.8
48463,Uvalde,TX,2248,68.7,37.9,30.8
01075,Lamar,AL,0,49.5,18.8,30.7
21137,Lincoln,KY,2463,37.1,6.3,30.7
39063,Hancock,OH,7672,32,1.3,30.7
46097,Miner,SD,300,55.7,24.9,30.7
51017,Bath,VA,604,55.6,24.9,30.7
12015,Charlotte,FL,40823,37.4,6.9,30.6
37005,Alleghany,NC,1782,47.3,16.7,30.6
20197,Wabaunsee,KS,760,53.6,23.1,30.5
36025,Delaware,NY,5872,36,5.5,30.5
51083,Halifax,VA,4791,34.4,3.9,30.5
53027,Grays Harbor,WA,9125,42.9,12.4,30.5
20035,Cowley,KS,3506,38.4,8,30.4
48497,Wise,TX,5837,34.4,3.9,30.4
39091,Logan,OH,4696,31.3,1.1,30.2
40119,Payne,OK,5899,36.3,6.1,30.2
47097,Lauderdale,TN,2259,43.5,13.3,30.2
19109,Kossuth,IA,1953,50.8,20.7,30.1
27147,Steele,MN,3794,34.9,4.8,30.1
29021,Buchanan,MO,7984,37.2,7.1,30.1
08097,Pitkin,CO,0,35.5,5.5,30
17177,Stephenson,IL,5871,34,4,30
29223,Wayne,MO,1406,51.9,21.9,30
39111,Monroe,OH,1604,51.3,21.3,30
40085,Love,OK,943,46.5,16.5,30
48003,Andrews,TX,927,35.8,5.8,30
18009,Blackford,IN,1458,48.1,18.2,29.9
13027,Brooks,GA,1885,45.3,15.5,29.8
13183,Long,GA,892,39.2,9.4,29.8
22039,Evangeline,LA,2748,35.9,6.1,29.8
47013,Campbell,TN,4391,33.5,3.7,29.8
53049,Pacific,WA,4023,55.4,25.6,29.8
48045,Briscoe,TX,181,60.5,30.9,29.7
13123,Gilmer,GA,4311,31.1,1.5,29.6
17009,Brown,IL,518,59.5,29.9,29.6
08063,Kit Carson,CO,0,114.9,85.4,29.5
36099,Seneca,NY,3626,39.4,9.8,29.5
37139,Pasquotank,NC,4251,33.6,4.1,29.5
48117,Deaf Smith,TX,1349,43.6,14.1,29.5
55103,Richland,WI,2173,54.4,24.9,29.5
05039,Dallas,AR,0,56.5,27,29.4
39131,Pike,OH,2662,47.4,18,29.4
01019,Cherokee,AL,0,49.3,20,29.3
01027,Clay,AL,0,47.1,17.7,29.3
08041,El Paso,CO,0,41.9,12.6,29.3
13251,Screven,GA,1563,54.4,25.1,29.3
17069,Hardin,IL,610,58.4,29.1,29.3
25003,Berkshire,MA,17217,35.3,6,29.3
54017,Doddridge,WV,812,47.1,17.8,29.3
56023,Lincoln,WY,1830,98,68.7,29.3
01105,Perry,AL,0,49.5,20.3,29.2
21179,Nelson,KY,4353,29.5,0.3,29.2
30027,Fergus,MT,1428,120,90.8,29.2
40103,Noble,OK,1255,49,19.8,29.2
47121,Meigs,TN,1392,41.9,12.7,29.2
48033,Borden,TX,51,64.3,35,29.2
16079,Shoshone,ID,1597,75.2,46.1,29.1
31185,York,NE,1576,69.5,40.4,29.1
36035,Fulton,NY,5832,34.5,5.4,29.1
05093,Mississippi,AR,0,43.6,14.6,29
13281,Towns,GA,2462,41.4,12.4,29
17137,Morgan,IL,3756,30.6,1.7,29
27059,Isanti,MN,3804,32.2,3.2,29
37189,Watauga,NC,4752,31.3,2.3,29
17041,Douglas,IL,1998,48.6,19.6,28.9
19001,Adair,IA,875,47.4,18.5,28.9
26075,Jackson,MI,16032,29.6,0.8,28.9
53015,Cowlitz,WA,11444,41.4,12.5,28.9
55019,Clark,WI,3036,47.1,18.2,28.9
55095,Polk,WI,5015,39.3,10.4,28.9
01123,Tallapoosa,AL,0,39.3,10.5,28.8
13257,Stephens,GA,3057,33.9,5.1,28.8
17083,Jersey,IL,2355,30.3,1.5,28.8
18119,Owen,IN,2375,47.6,18.8,28.8
37047,Columbus,NC,5798,33,4.2,28.8
45017,Calhoun,SC,1875,29.2,0.4,28.8
55065,Lafayette,WI,1701,45.7,17,28.8
37195,Wilson,NC,8375,30.5,1.8,28.7
13039,Camden,GA,4385,39.3,10.7,28.6
17103,Lee,IL,3686,40.2,11.5,28.6
18123,Perry,IN,1916,40.1,11.5,28.6
48223,Hopkins,TX,3723,30.7,2.1,28.6
21205,Rowan,KY,1974,30.1,1.6,28.5
37061,Duplin,NC,5265,31.2,2.7,28.5
37181,Vance,NC,4588,31.5,3,28.5
40117,Pawnee,OK,1661,46.1,17.6,28.5
51061,Fauquier,VA,6633,29.7,1.2,28.5
51071,Giles,VA,1979,43.2,14.7,28.5
12067,Lafayette,FL,880,52.9,24.5,28.4
21047,Christian,KY,5208,30.4,2,28.4
41053,Polk,OR,9077,45.2,16.8,28.4
17189,Washington,IL,1496,47,18.7,28.3
26025,Calhoun,MI,13472,31.2,2.9,28.3
29143,New Madrid,MO,1778,47.3,19,28.3
40015,Caddo,OK,2325,53.2,24.9,28.3
48053,Burnet,TX,6249,32.5,4.2,28.3
13275,Thomas,GA,4784,32.1,3.9,28.2
42081,Lycoming,PA,12576,35.4,7.1,28.2
48069,Castro,TX,618,51,22.9,28.2
32023,Nye,NV,8293,143.9,115.8,28.1
37105,Lee,NC,6041,28.6,0.4,28.1
55067,Langlade,WI,2534,37,8.9,28.1
48021,Bastrop,TX,8095,28.7,0.7,28
31159,Seward,NE,1626,51.6,23.7,27.9
36037,Genesee,NY,6026,28.4,0.5,27.9
39069,Henry,OH,2935,33.2,5.3,27.9
39139,Richland,OH,13770,29.3,1.4,27.9
40005,Atoka,OK,1464,60.6,32.6,27.9
54035,Jackson,WV,3114,36.9,9,27.9
21013,Bell,KY,2524,36.8,9,27.8
42055,Franklin,PA,17096,31.3,3.5,27.8
51047,Culpeper,VA,4772,28.4,0.6,27.8
51105,Lee,VA,2641,33,5.2,27.8
40113,Osage,OK,5114,45.2,17.5,27.7
48221,Hood,TX,8603,29.2,1.5,27.7
51195,Wise,VA,3775,30.9,3.2,27.7
16043,Fremont,ID,1229,59.4,31.8,27.6
18047,Franklin,IN,2425,30.4,2.8,27.6
24043,Washington,MD,15165,33.1,5.5,27.6
37009,Ashe,NC,3915,29.8,2.2,27.6
18073,Jasper,IN,3271,55.2,27.7,27.5
21027,Breckinridge,KY,2190,49.6,22,27.5
21053,Clinton,KY,968,41.2,13.6,27.5
27171,Wright,MN,10265,32.1,4.7,27.5
55141,Wood,WI,8525,38.9,11.4,27.5
05141,Van Buren,AR,0,58.2,30.7,27.4
31097,Johnson,NE,531,53.4,26,27.4
48325,Medina,TX,4730,29.4,2,27.4
13205,Mitchell,GA,2215,51.6,24.3,27.3
18143,Scott,IN,2278,29.8,2.4,27.3
37143,Perquimans,NC,1959,41,13.7,27.3
45057,Lancaster,SC,11993,32,4.8,27.3
48343,Morris,TX,1409,41.8,14.4,27.3
06115,Yuba,CA,0,42.3,15.1,27.2
18179,Wells,IN,2879,29.8,2.6,27.2
29041,Chariton,MO,1002,57.7,30.5,27.2
42019,Butler,PA,21260,30.8,3.6,27.2
51171,Shenandoah,VA,5258,30.4,3.1,27.2
20177,Shawnee,KS,18665,29.3,2.2,27.1
36009,Cattaraugus,NY,8195,43.5,16.4,27.1
05037,Cross,AR,0,44.8,17.8,27
37011,Avery,NC,2110,29.9,2.9,27
47101,Lewis,TN,1415,48.2,21.2,27
47127,Moore,TN,747,37,10,27
51620,Franklin,VA,929,27.5,0.6,27
17105,Livingston,IL,3812,31.3,4.4,26.9
28055,Issaquena,MS,99,54.5,27.6,26.9
29071,Franklin,MO,10591,37.2,10.3,26.9
29101,Johnson,MO,3610,31.5,4.7,26.9
37127,Nash,NC,10177,34.9,8,26.9
39007,Ashtabula,OH,10283,39,12.1,26.9
53031,Jefferson,WA,6964,52.3,25.4,26.9
06009,Calaveras,CA,0,42.2,15.4,26.8
08119,Teller,CO,0,36.2,9.4,26.8
26091,Lenawee,MI,10710,27.6,0.8,26.8
28131,Stone,MS,1689,49.3,22.5,26.8
37099,Jackson,NC,4820,34.3,7.4,26.8
17077,Jackson,IL,4686,36.4,9.7,26.7
51720,Norton,VA,514,27.7,0.9,26.7
17057,Fulton,IL,3761,37.3,10.7,26.6
28051,Holmes,MS,1527,54.5,27.9,26.6
41049,Morrow,OR,995,58.6,32.1,26.6
47139,Polk,TN,1898,43.1,16.5,26.6
55111,Sauk,WI,6817,35.5,8.9,26.6
01095,Marshall,AL,0,28.7,2.1,26.5
13009,Baldwin,GA,3811,27.8,1.3,26.5
17047,Edwards,IL,749,49.5,22.9,26.5
37045,Cleveland,NC,10481,29,2.4,26.5
48337,Montague,TX,2410,58.5,32,26.5
54009,Brooke,WV,2977,33,6.5,26.5
12043,Glades,FL,1547,56.9,30.6,26.4
21229,Washington,KY,1377,40,13.5,26.4
29227,Worth,MO,276,51.6,25.2,26.4
55083,Oconto,WI,4230,39.8,13.3,26.4
06101,Sutter,CA,0,34,7.7,26.3
41003,Benton,OR,8793,36.4,10.1,26.3
01079,Lawrence,AL,0,44.8,18.6,26.2
29205,Shelby,MO,688,63,36.8,26.2
36013,Chautauqua,NY,14240,37.4,11.2,26.2
45015,Berkeley,SC,18844,28.7,2.5,26.2
54063,Monroe,WV,1579,39.9,13.7,26.2
18065,Henry,IN,5106,27.7,1.6,26.1
18151,Steuben,IN,3840,26.8,0.7,26.1
19053,Decatur,IA,863,60.5,34.4,26.1
28053,Humphreys,MS,812,58.7,32.6,26.1
36121,Wyoming,NY,4031,31.1,5,26.1
37137,Pamlico,NC,2000,38.4,12.3,26.1
37191,Wayne,NC,11137,28.1,2,26.1
42023,Cameron,PA,679,44.6,18.5,26.1
51137,Orange,VA,4083,28.9,2.7,26.1
17011,Bureau,IL,4077,44.8,18.8,26
19101,Jefferson,IA,2089,48.3,22.3,26
25019,Nantucket,MA,1126,27.4,1.4,26
37171,Surry,NC,8169,32.2,6.3,26
17095,Knox,IL,5961,34,8.1,25.9
28141,Tishomingo,MS,2217,47.1,21.2,25.9
29073,Gasconade,MO,1792,50.7,24.7,25.9
42039,Crawford,PA,9760,29.4,3.6,25.9
47055,Giles,TN,3532,42.6,16.8,25.9
47119,Maury,TN,9651,26.4,0.6,25.9
53071,Walla Walla,WA,6580,38.8,12.8,25.9
20049,Elk,KS,354,58.7,32.9,25.8
42107,Schuylkill,PA,16211,27.3,1.5,25.8
48139,Ellis,TX,14458,30.5,4.7,25.8
51175,Southampton,VA,1988,35.3,9.5,25.8
18089,Lake,IN,48546,27.5,1.8,25.7
29123,Madison,MO,1308,46.5,20.8,25.7
42005,Armstrong,PA,8104,30.8,5.1,25.7
45059,Laurens,SC,7037,29.5,3.8,25.7
47059,Greene,TN,8476,27.2,1.5,25.7
36031,Essex,NY,4948,37.5,11.9,25.6
47043,Dickson,TN,4985,30.7,5.2,25.6
13119,Franklin,GA,2493,33.6,8.1,25.5
21105,Hickman,KY,635,44.1,18.6,25.5
21159,Martin,KY,1038,39.6,14.1,25.5
48205,Hartley,TX,486,59.4,33.9,25.5
18023,Clinton,IN,2989,28.3,2.9,25.4
01111,Randolph,AL,0,27.2,1.9,25.3
37049,Craven,NC,11345,26.3,1.1,25.3
42035,Clinton,PA,4025,36.7,11.4,25.3
51173,Smyth,VA,3688,26.9,1.6,25.3
13131,Grady,GA,2649,27.4,2.2,25.2
21151,Madison,KY,7606,26.2,1,25.2
36071,Orange,NY,31724,27.2,2,25.2
42021,Cambria,PA,17036,40.9,15.8,25.2
55117,Sheboygan,WI,12031,34.9,9.7,25.2
37029,Camden,NC,956,28.8,3.7,25.1
39073,Hocking,OH,2856,41,15.9,25.1
51185,Tazewell,VA,5109,39.1,13.9,25.1
18031,Decatur,IN,2592,39.7,14.7,25
25007,Dukes,MA,2916,26.9,1.9,25
37111,McDowell,NC,5035,26.7,1.7,25
48321,Matagorda,TX,3400,36.2,11.2,25
51027,Buchanan,VA,2538,42.7,17.6,25
26133,Osceola,MI,2596,37,12.1,24.9
27141,Sherburne,MN,6370,34.9,10,24.9
39023,Clark,OH,14950,25.3,0.4,24.9
39107,Mercer,OH,4191,27.8,2.9,24.9
48437,Swisher,TX,695,47.4,22.5,24.9
17155,Putnam,IL,669,34.8,10,24.8
21045,Casey,KY,1800,46.5,21.7,24.8
36023,Cortland,NY,4212,30.3,5.5,24.8
47123,Monroe,TN,5552,34.6,9.8,24.8
50001,Addison,VT,4352,27.5,2.7,24.8
54019,Fayette,WV,4825,41.4,16.6,24.8
55105,Rock,WI,15511,27,2.3,24.8
21233,Webster,KY,1253,34.3,9.6,24.7
21235,Whitley,KY,3210,26.1,1.3,24.7
45055,Kershaw,SC,6905,30.6,5.9,24.7
17091,Kankakee,IL,10007,26,1.4,24.6
36073,Orleans,NY,3997,26.2,1.7,24.6
36123,Yates,NY,2776,41.4,16.9,24.6
47003,Bedford,TN,3957,33,8.4,24.6
16065,Madison,ID,1514,31,6.5,24.5
19087,Henry,IA,2126,46.6,22.1,24.5
21091,Hancock,KY,855,32.3,7.8,24.5
27015,Brown,MN,2987,37.9,13.4,24.5
16075,Payette,ID,2564,34.9,10.5,24.4
29141,Morgan,MO,2578,47.9,23.5,24.4
37185,Warren,NC,2789,42.3,17.9,24.4
51193,Westmoreland,VA,2594,39.4,15.1,24.4
21097,Harrison,KY,2009,28.6,4.3,24.3
42013,Blair,PA,14411,27.1,2.8,24.3
47015,Cannon,TN,1393,40.8,16.4,24.3
55039,Fond du Lac,WI,10990,27.7,3.4,24.3
12017,Citrus,FL,30211,29.7,5.5,24.2
21039,Carlisle,KY,511,42.9,18.7,24.2
24029,Kent,MD,2856,26.5,2.3,24.2
45061,Lee,SC,1884,35.1,11,24.2
45069,Marlboro,SC,2829,26.9,2.7,24.2
51183,Sussex,VA,1132,43,18.8,24.2
01083,Limestone,AL,0,24.6,0.5,24.1
12051,Hendry,FL,2840,42.3,18.2,24.1
18001,Adams,IN,3200,29.9,5.8,24.1
18069,Huntington,IN,3746,29.4,5.3,24.1
28009,Benton,MS,895,39.2,15.1,24.1
37145,Person,NC,4677,25.4,1.3,24.1
39149,Shelby,OH,4623,27.6,3.5,24.1
42087,Mifflin,PA,5489,26.5,2.3,24.1
50003,Bennington,VT,4770,32.8,8.7,24.1
51131,Northampton,VA,1934,27.6,3.6,24.1
55099,Price,WI,1953,58.7,34.5,24.1
08073,Lincoln,CO,0,75.9,51.9,24
27133,Rock,MN,1040,26.4,2.4,24
48401,Rusk,TX,4784,27.8,3.8,24
51121,Montgomery,VA,7440,26,2,24
01087,Macon,AL,0,26.5,2.6,23.9
13141,Hancock,GA,1135,42.2,18.4,23.9
37151,Randolph,NC,14447,24.5,0.6,23.9
39027,Clinton,OH,4203,24.9,1.1,23.9
39071,Highland,OH,4394,27.3,3.4,23.9
46067,Hutchinson,SD,875,52.8,28.9,23.9
48073,Cherokee,TX,4925,34.4,10.6,23.9
05117,Prairie,AR,0,45.7,21.9,23.8
13137,Habersham,GA,4816,27.2,3.4,23.8
32005,Douglas,NV,7892,41.6,17.8,23.8
32510,Carson City,NV,6507,23.9,0.2,23.8
27169,Winona,MN,4774,30.8,7.1,23.7
36049,Lewis,NY,2745,26.3,2.6,23.7
41027,Hood River,OR,2205,37.6,13.9,23.7
27043,Faribault,MN,1690,31.7,8.1,23.6
42033,Clearfield,PA,9159,26.2,2.5,23.6
47011,Bradley,TN,10493,25,1.4,23.6
48493,Wilson,TX,4490,35.4,11.8,23.6
51139,Page,VA,2773,40.9,17.3,23.6
55127,Walworth,WI,10695,30.9,7.3,23.6
17107,Logan,IL,2973,25.4,1.8,23.5
47189,Wilson,TN,13315,27.5,4,23.5
01005,Barbour,AL,0,56.7,33.3,23.4
12083,Marion,FL,60107,27.4,3.9,23.4
13129,Gordon,GA,4902,26.2,2.8,23.4
21041,Carroll,KY,944,39.4,16,23.4
21213,Simpson,KY,1824,41,17.6,23.4
22103,St. Tammany,LA,26340,30.7,7.4,23.4
39161,Van Wert,OH,3069,24,0.7,23.4
42111,Somerset,PA,9129,27,3.5,23.4
13091,Dodge,GA,2120,51.2,27.9,23.3
47039,Decatur,TN,1458,50.4,27.1,23.3
47151,Scott,TN,2020,41.6,18.3,23.3
26123,Newaygo,MI,5237,32.9,9.7,23.2
28155,Webster,MS,1083,51.2,28,23.2
30007,Broadwater,MT,819,52.5,29.3,23.2
30089,Sanders,MT,1975,69.5,46.2,23.2
51730,Petersburg,VA,3503,23.2,0.1,23.2
55045,Green,WI,3813,28.3,5.2,23.1
17117,Macoupin,IL,5151,41.7,18.6,23
21199,Pulaski,KY,6929,25.4,2.4,23
36019,Clinton,NY,7611,32.3,9.3,23
48431,Sterling,TX,108,61.5,38.6,23
51077,Grayson,VA,2040,40.1,17.1,23
53051,Pend Oreille,WA,1835,60.5,37.6,23
54029,Hancock,WV,3851,29.9,6.9,23
21231,Wayne,KY,2201,45.3,22.4,22.9
39059,Guernsey,OH,4115,27.2,4.3,22.9
42073,Lawrence,PA,10925,23.6,0.6,22.9
48255,Karnes,TX,1178,56.7,33.8,22.9
01121,Talladega,AL,0,29.1,6.3,22.8
09150,Northeastern Connecticut,CT,0,29.2,6.4,22.8
12053,Hernando,FL,28609,26.7,3.9,22.8
47041,DeKalb,TN,2061,24,1.2,22.8
48257,Kaufman,TX,9582,32.4,9.5,22.8
48313,Madison,TX,1059,34.7,11.9,22.8
48425,Somervell,TX,921,37.1,14.3,22.8
13055,Chattooga,GA,2506,38.7,16,22.7
19125,Marion,IA,3510,33.3,10.6,22.7
19113,Linn,IA,21405,29,6.3,22.6
29219,Warren,MO,3402,38.6,16.1,22.6
36043,Herkimer,NY,6958,48.6,26,22.6
39019,Carroll,OH,3063,23.6,1,22.6
45007,Anderson,SC,20929,23.1,0.5,22.6
51530,Buena Vista,VA,707,28.3,5.7,22.6
28095,Monroe,MS,3845,28.4,5.9,22.5
31039,Cuming,NE,993,36.4,14,22.5
41071,Yamhill,OR,10688,28.1,5.6,22.5
18051,Gibson,IN,3133,27.1,4.6,22.4
22097,St. Landry,LA,7596,28.3,5.9,22.4
39053,Gallia,OH,3052,26.9,4.5,22.4
47165,Sumner,TN,18148,27.9,5.4,22.4
48105,Crockett,TX,314,96.1,73.7,22.4
50011,Franklin,VT,4598,30.8,8.4,22.4
12081,Manatee,FL,62960,28.2,5.9,22.3
13103,Effingham,GA,4545,24.7,2.4,22.3
17019,Champaign,IL,15525,24,1.7,22.3
17063,Grundy,IL,4201,28.2,5.9,22.3
18091,LaPorte,IN,11665,26.7,4.4,22.3
26015,Barry,MI,6239,25.7,3.4,22.3
39037,Darke,OH,5725,25.2,2.9,22.3
47077,Henderson,TN,2805,45.1,22.8,22.3
47143,Rhea,TN,3437,43.7,21.4,22.3
13153,Houston,GA,12467,24.7,2.5,22.2
17185,Wabash,IL,1353,42.8,20.5,22.2
20115,Marion,KS,1445,48.7,26.5,22.2
24009,Calvert,MD,8126,23.3,1.1,22.2
40125,Pottawatomie,OK,6616,34.2,12.1,22.2
48477,Washington,TX,4456,25.3,3.1,22.2
01007,Bibb,AL,0,24.7,2.5,22.1
18087,LaGrange,IN,2980,37.2,15.1,22.1
30103,Treasure,MT,77,66.2,44.2,22.1
36051,Livingston,NY,6427,26,3.9,22.1
47147,Robertson,TN,5918,24.3,2.2,22.1
18137,Ripley,IN,2920,35.8,13.7,22
20073,Greenwood,KS,780,59,37,22
45087,Union,SC,3228,23.8,1.7,22
13191,McIntosh,GA,1777,39.8,17.9,21.9
21063,Elliott,KY,856,41.1,19.2,21.9
36021,Columbia,NY,8112,29.4,7.5,21.9
37085,Harnett,NC,10305,25.4,3.6,21.9
40013,Bryan,OK,4574,29.8,7.9,21.9
48419,Shelby,TX,2255,53,31.2,21.9
28041,Greene,MS,1050,42.1,20.3,21.8
28145,Union,MS,2539,22.7,0.9,21.8
42125,Washington,PA,24721,23,1.2,21.8
54071,Pendleton,WV,913,53.7,31.9,21.8
55071,Manitowoc,WI,9433,27.1,5.4,21.8
18111,Newton,IN,1477,48.1,26.4,21.7
20079,Harvey,KS,3899,27.1,5.3,21.7
23015,Lincoln,ME,5535,24.3,2.6,21.7
36069,Ontario,NY,13142,23.5,1.8,21.7
37161,Rutherford,NC,7900,25.1,3.5,21.7
06091,Sierra,CA,0,37.5,15.9,21.6
13303,Washington,GA,2083,49,27.4,21.6
21221,Trigg,KY,1659,42.9,21.3,21.6
34009,Cape May,NJ,14808,26.1,4.5,21.6
36011,Cayuga,NY,8186,23.1,1.5,21.6
16011,Bingham,ID,3711,24.5,3,21.5
29051,Cole,MO,7488,27.1,5.6,21.5
29107,Lafayette,MO,3292,32.6,11.1,21.5
48367,Parker,TX,13232,23.7,2.2,21.5
51015,Augusta,VA,9087,30.3,8.8,21.5
50023,Washington,VT,6795,25.9,4.5,21.4
54001,Barbour,WV,1691,35.8,14.5,21.4
13313,Whitfield,GA,8215,23.3,1.9,21.3
21175,Morgan,KY,1228,39,17.7,21.3
41047,Marion,OR,31306,33.1,11.8,21.3
51091,Highland,VA,432,57.3,36,21.3
51119,Middlesex,VA,1878,35.8,14.4,21.3
21033,Caldwell,KY,1420,39.5,18.3,21.2
39021,Champaign,OH,3952,33.3,12.2,21.2
55051,Iron,WI,981,35,13.8,21.2
01037,Coosa,AL,0,36.9,15.8,21.1
01041,Crenshaw,AL,0,43.2,22.1,21.1
18025,Crawford,IN,1088,37.7,16.6,21.1
19083,Hardin,IA,2104,49.7,28.6,21.1
22119,Webster,LA,4094,28,7,21.1
45035,Dorchester,SC,13511,33.3,12.1,21.1
01115,St. Clair,AL,0,28.9,8,21
18135,Randolph,IN,2722,23.3,2.2,21
21211,Shelby,KY,4282,23,2.1,21
27019,Carver,MN,8023,22.6,1.6,21
42061,Huntingdon,PA,4958,26.5,5.5,21
45001,Abbeville,SC,2957,38.5,17.5,21
47167,Tipton,TN,5114,25.1,4.1,21
49043,Summit,UT,2934,47,26,21
50015,Lamoille,VT,2404,25.3,4.3,21
51790,Staunton,VA,3146,27,6,21
19133,Monona,IA,1122,50.6,29.7,20.9
21143,Lyon,KY,1235,51.2,30.3,20.9
22125,West Feliciana,LA,1063,41.7,20.7,20.9
22091,St. Helena,LA,1221,39.6,18.8,20.8
42007,Beaver,PA,20668,23.1,2.3,20.8
54095,Tyler,WV,1012,50.4,29.6,20.8
19079,Hamilton,IA,1692,45.5,24.8,20.7
19183,Washington,IA,2441,24.3,3.6,20.7
21157,Marshall,KY,3702,39.6,18.9,20.7
40091,McIntosh,OK,2512,51.2,30.5,20.7
47081,Hickman,TN,2400,40,19.3,20.7
48443,Terrell,TX,181,111.8,91.1,20.7
16003,Adams,ID,652,85.9,65.3,20.6
19037,Chickasaw,IA,1394,45,24.4,20.6
29087,Holt,MO,593,44.2,23.6,20.6
47075,Haywood,TN,2047,41,20.4,20.6
54015,Clay,WV,858,38.3,17.7,20.6
18013,Brown,IN,2063,33.9,13.5,20.5
19073,Greene,IA,1180,44.6,24.2,20.5
26045,Eaton,MI,11559,22.6,2.2,20.5
37007,Anson,NC,2450,37.1,16.6,20.5
37013,Beaufort,NC,6040,32.5,12,20.5
47111,Macon,TN,2194,33.5,13.1,20.5
47177,Warren,TN,4108,40.6,20,20.5
48129,Donley,TX,538,63.1,42.7,20.5
19137,Montgomery,IA,1290,23.1,2.8,20.4
39031,Coshocton,OH,3905,23.9,3.5,20.4
51063,Floyd,VA,1970,33.8,13.4,20.4
01021,Chilton,AL,0,25.8,5.5,20.3
19011,Benton,IA,2586,39.4,19.1,20.3
12059,Holmes,FL,2135,50.6,30.3,20.2
13171,Lamar,GA,1791,33.7,13.4,20.2
13235,Pulaski,GA,1222,41,20.8,20.2
21069,Fleming,KY,1510,24.9,4.7,20.2
17181,Union,IL,1984,20.7,0.7,20.1
19023,Butler,IA,1723,35.8,15.7,20.1
22037,East Feliciana,LA,1983,34.4,14.3,20.1
30057,Madison,MT,1275,55.9,35.9,20.1
39045,Fairfield,OH,14573,23.5,3.4,20.1
47149,Rutherford,TN,21292,20.9,0.8,20.1
48203,Harrison,TX,6505,20.9,0.8,20.1
12019,Clay,FL,20324,25.3,5.4,20
13193,Macon,GA,1154,40.6,20.7,20
17093,Kendall,IL,8213,24.7,4.7,20
21079,Garrard,KY,1784,28.7,8.7,20
24021,Frederick,MD,23141,21.4,1.4,20
16035,Clearwater,ID,1233,78,58.1,19.9
21237,Wolfe,KY,688,33.5,13.6,19.9
48187,Guadalupe,TX,14063,20.7,0.8,19.9
51073,Gloucester,VA,4252,20.3,0.4,19.9
20013,Brown,KS,1086,58.1,38.3,19.8
32031,Washoe,NV,44299,72.9,53.2,19.8
39159,Union,OH,4553,24.7,4.9,19.8
42085,Mercer,PA,13911,29.6,9.8,19.8
51089,Henry,VA,6876,21,1.2,19.8
51149,Prince George,VA,2982,27.1,7.3,19.8
54013,Calhoun,WV,797,50.3,30.6,19.8
54053,Mason,WV,3077,28.4,8.5,19.8
19173,Taylor,IA,697,34.2,14.5,19.7
21035,Calloway,KY,3486,21.9,2.2,19.7
27017,Carlton,MN,3552,31.1,11.4,19.7
37179,Union,NC,17855,20.8,1.1,19.7
46127,Union,SD,1690,44.7,25.1,19.7
47057,Grainger,TN,2580,31.7,12,19.7
05045,Faulkner,AR,0,27.4,7.8,19.6
13255,Spalding,GA,7241,21.3,1.6,19.6
18109,Morgan,IN,6873,23.7,4.1,19.6
21051,Clay,KY,1720,22.3,2.7,19.6
55011,Buffalo,WI,1526,40.1,20.6,19.6
40131,Rogers,OK,8703,23.4,3.9,19.5
48407,San Jacinto,TX,3029,35.6,16.1,19.5
54003,Berkeley,WV,10121,21.8,2.3,19.5
17013,Calhoun,IL,562,37,17.6,19.4
21127,Lawrence,KY,1795,26.8,7.4,19.4
27025,Chisago,MN,4867,32.7,13.2,19.4
30067,Park,MT,2151,23.1,3.7,19.4
12091,Okaloosa,FL,18896,21.5,2.3,19.3
30039,Granite,MT,489,49.4,30.2,19.3
46027,Clay,SD,963,41.3,22.1,19.3
13085,Dawson,GA,2895,21.9,2.6,19.2
17135,Montgomery,IL,3203,41.8,22.6,19.2
18039,Elkhart,IN,17333,20.9,1.7,19.2
21059,Daviess,KY,9999,21.3,2.2,19.2
51097,King and Queen,VA,835,32.2,13,19.2
51690,Martinsville,VA,1397,20.2,1.1,19.2
55077,Marquette,WI,2029,37,17.8,19.2
17087,Johnson,IL,1360,38.3,19.3,19.1
29049,Clinton,MO,2052,32.6,13.5,19.1
41043,Linn,OR,13297,38,18.9,19.1
28039,George,MS,2129,24.2,5.1,19
37001,Alamance,NC,16802,19.3,0.3,19
37065,Edgecombe,NC,5765,21.3,2.4,19
39173,Wood,OH,11790,21.3,2.3,19
51570,Colonial Heights,VA,2000,19.2,0.2,19
19129,Mills,IA,1527,25.2,6.4,18.9
22013,Bienville,LA,1510,42,23,18.9
37123,Montgomery,NC,3009,35.3,16.4,18.9
06083,Santa Barbara,CA,0,23.8,5,18.8
21107,Hopkins,KY,4677,21.7,2.8,18.8
21223,Trimble,KY,842,29.5,10.7,18.8
06113,Yolo,CA,0,24.3,5.6,18.7
21073,Franklin,KY,5297,24.4,5.6,18.7
48031,Blanco,TX,1611,36.5,17.9,18.7
47053,Gibson,TN,4982,39.9,21.4,18.6
53065,Stevens,WA,5972,54.5,35.9,18.6
54077,Preston,WV,3594,19.4,0.8,18.6
13265,Taliaferro,GA,281,32.8,14.3,18.5
17133,Monroe,IL,3513,23.1,4.6,18.5
51067,Franklin,VA,6913,19,0.5,18.5
06055,Napa,CA,0,25.8,7.4,18.4
13105,Elbert,GA,2328,38.2,19.8,18.4
13165,Jenkins,GA,1090,46.8,28.4,18.4
54037,Jefferson,WV,5286,19.1,0.7,18.4
01099,Monroe,AL,0,53.7,35.4,18.3
28089,Madison,MS,9261,20.8,2.4,18.3
33013,Merrimack,NH,16275,25.8,7.5,18.3
37175,Transylvania,NC,5466,21.9,3.6,18.3
47051,Franklin,TN,4804,19.8,1.5,18.3
20003,Anderson,KS,867,56.7,38.5,18.2
26107,Mecosta,MI,4307,26.5,8.3,18.2
26149,St. Joseph,MI,6024,24.5,6.4,18.2
42001,Adams,PA,11985,21.6,3.4,18.2
48291,Liberty,TX,6187,39.2,21,18.2
51051,Dickenson,VA,1790,39.2,21,18.2
17017,Cass,IL,1314,33.6,15.4,18.1
36095,Schoharie,NY,3565,25.1,7,18.1
37031,Carteret,NC,9639,33.7,15.7,18.1
37109,Lincoln,NC,9184,19.1,0.9,18.1
06011,Colusa,CA,0,44.2,26.2,18
26127,Oceana,MI,2980,32.3,14.2,18
26145,Saginaw,MI,21030,25.8,7.8,18
35015,Eddy,NM,4697,21.3,3.4,18
36097,Schuyler,NY,2075,34,15.9,18
39083,Knox,OH,6371,19.6,1.6,18
47067,Hancock,TN,807,36.1,18.1,18
48287,Lee,TX,1904,43,25,18
17147,Piatt,IL,1832,33.5,15.6,17.9
18063,Hendricks,IN,14647,18.5,0.6,17.9
18099,Marshall,IN,4723,23.9,6,17.9
22057,Lafourche,LA,8448,33.2,15.2,17.9
40049,Garvin,OK,2551,53.9,36,17.9
45053,Jasper,SC,3602,28.9,11,17.9
06031,Kings,CA,0,33.1,15.3,17.8
06095,Solano,CA,0,19,1.3,17.8
28125,Sharkey,MS,404,53.7,35.9,17.8
37101,Johnston,NC,17086,18.7,0.9,17.8
51141,Patrick,VA,2538,39.6,21.7,17.8
04021,Pinal,AZ,0,35.9,18.3,17.7
13179,Liberty,GA,3614,23.8,6.1,17.7
18133,Putnam,IN,3347,37.2,19.5,17.7
36039,Greene,NY,5869,30.6,12.9,17.7
37087,Haywood,NC,8617,20.7,3,17.7
40087,McClain,OK,3529,32,14.4,17.7
47135,Perry,TN,1003,53.3,35.6,17.7
51019,Bedford,VA,9539,20.5,2.8,17.7
13269,Taylor,GA,965,40.8,23.2,17.6
29151,Osage,MO,1224,36.4,18.8,17.6
37117,Martin,NC,3052,20,2.3,17.6
54093,Tucker,WV,940,37.4,19.8,17.6
06107,Tulare,CA,0,33.6,16.1,17.5
45033,Dillon,SC,2802,19.7,2.2,17.5
23001,Androscoggin,ME,11534,21.8,4.3,17.4
23031,York,ME,25469,21.8,4.4,17.4
40027,Cleveland,OK,23679,20.2,2.8,17.4
51157,Rappahannock,VA,1004,34,16.5,17.4
08117,Summit,CO,0,20.8,3.5,17.3
51187,Warren,VA,3666,18.4,1.1,17.3
18183,Whitley,IN,3384,19.9,2.7,17.2
21225,Union,KY,1419,38,20.8,17.2
37077,Granville,NC,5763,20.7,3.5,17.2
45071,Newberry,SC,4141,34.4,17.2,17.2
51103,Lancaster,VA,2281,38.1,20.9,17.2
17037,DeKalb,IL,7382,19.8,2.7,17.1
18145,Shelby,IN,4419,18.3,1.2,17.1
21103,Henry,KY,1520,31.7,14.6,17.1
29133,Mississippi,MO,1286,33.6,16.5,17.1
40101,Muskogee,OK,6293,42.8,25.7,17.1
12087,Monroe,FL,9618,54.6,37.6,17
18061,Harrison,IN,3934,19.8,2.8,17
22045,Iberia,LA,6077,25.7,8.6,17
24025,Harford,MD,24726,19.6,2.6,17
39129,Pickaway,OH,5252,22.1,5.1,17
21163,Meade,KY,2358,32,15.2,16.9
26057,Gratiot,MI,3909,24.2,7.4,16.8
48397,Rockwall,TX,8028,19.1,2.2,16.8
16029,Caribou,ID,690,60.8,44,16.7
37071,Gaston,NC,21560,18.7,2,16.7
42067,Juniata,PA,2583,25.7,9,16.7
48251,Johnson,TX,14512,20.2,3.5,16.7
51095,James City,VA,11589,19.4,2.7,16.7
17119,Madison,IL,26626,22.5,5.8,16.6
39075,Holmes,OH,3421,17.2,0.6,16.6
22053,Jefferson Davis,LA,2905,26.1,9.6,16.5
26117,Montcalm,MI,6211,27.6,11.1,16.5
29207,Stoddard,MO,3227,36.5,19.9,16.5
37019,Brunswick,NC,25436,21.1,4.6,16.5
13187,Lumpkin,GA,3370,20.6,4.2,16.4
13231,Pike,GA,1722,29,12.6,16.4
13297,Walton,GA,8844,17.1,0.8,16.4
27117,Pipestone,MN,1066,42.1,25.6,16.4
51820,Waynesboro,VA,2303,16.7,0.3,16.4
19107,Keokuk,IA,1137,39.8,23.6,16.3
21161,Mason,KY,1798,19.4,3.2,16.3
22003,Allen,LA,1710,40.5,24.2,16.3
48475,Ward,TX,860,42.1,25.9,16.3
01071,Jackson,AL,0,24.5,8.3,16.2
06079,San Luis Obispo,CA,0,31.9,15.7,16.2
17111,McHenry,IL,26701,18.9,2.7,16.2
17125,Mason,IL,1609,32.2,16,16.2
24019,Dorchester,MD,4103,23.6,7.4,16.2
28137,Tate,MS,2559,31.1,14.9,16.2
30037,Golden Valley,MT,111,64.9,48.8,16.2
39047,Fayette,OH,2850,35.6,19.3,16.2
48119,Delta,TX,579,32.6,16.4,16.2
10005,Sussex,DE,38935,18.8,2.7,16.1
20131,Nemaha,KS,1069,67.4,51.3,16.1
21129,Lee,KY,731,34.8,18.7,16.1
21147,McCreary,KY,1431,33.9,17.8,16.1
39123,Ottawa,OH,5590,28.3,12.1,16.1
42119,Union,PA,4619,23.8,7.8,16.1
45003,Aiken,SC,19349,20.9,4.8,16.1
49023,Juab,UT,785,66.8,50.6,16.1
05105,Perry,AR,0,35.8,19.8,16
09160,Northwest Hills,CT,0,22,6,16
47155,Sevier,TN,10534,20.8,4.8,16
49033,Rich,UT,215,45.5,29.5,16
26155,Shiawassee,MI,7238,18.2,2.3,15.9
30097,Sweet Grass,MT,436,47.3,31.4,15.9
47137,Pickett,TN,715,34.3,18.4,15.9
54027,Hampshire,WV,2735,20.8,4.9,15.9
24035,Queen Anne's,MD,5455,18.7,2.9,15.8
31023,Butler,NE,899,36.2,20.4,15.8
40095,Marshall,OK,1757,31.6,15.7,15.8
48099,Coryell,TX,5203,33.4,17.6,15.8
18125,Pike,IN,1343,31.4,15.7,15.7
20085,Jackson,KS,1364,41,25.4,15.7
24017,Charles,MD,12527,17.1,1.4,15.7
48193,Hamilton,TX,1104,51.9,36.2,15.7
06043,Mariposa,CA,0,50.3,34.8,15.6
18095,Madison,IN,13478,18.3,2.6,15.6
47183,Weakley,TN,3288,21.6,6,15.6
01013,Butler,AL,0,48.3,32.8,15.5
01129,Washington,AL,0,46.9,31.3,15.5
08093,Park,CO,0,46.9,31.4,15.5
16009,Benewah,ID,1158,47.6,32,15.5
19169,Story,IA,6868,23,7.5,15.5
37053,Currituck,NC,2712,30.1,14.6,15.5
37097,Iredell,NC,17204,16.3,0.9,15.5
47117,Marshall,TN,3143,31.5,16,15.5
21005,Anderson,KY,2139,26.9,11.5,15.4
27099,Mower,MN,3922,26.7,11.3,15.4
34001,Atlantic,NJ,29022,18.3,2.9,15.4
42057,Fulton,PA,1709,39.6,24.2,15.4
48065,Carson,TX,648,33.3,18,15.4
18113,Noble,IN,4266,22.7,7.4,15.3
37133,Onslow,NC,11153,18.7,3.4,15.3
37159,Rowan,NC,14261,17.9,2.7,15.3
40097,Mayes,OK,3968,37.4,22.1,15.3
01009,Blount,AL,0,35.4,20.1,15.2
12071,Lee,FL,119995,15.3,0.1,15.2
18011,Boone,IN,5848,16.8,1.6,15.2
21089,Greenup,KY,4316,30.1,14.9,15.2
55015,Calumet,WI,4585,29.3,14.1,15.2
55109,St. Croix,WI,7652,22.1,6.9,15.2
21171,Monroe,KY,1135,35,19.9,15.1
27075,Lake,MN,1506,65.7,50.6,15
37057,Davidson,NC,17442,19.4,4.4,15
40107,Okfuskee,OK,1102,49.2,34.2,15
16045,Gem,ID,2287,29.8,14.9,14.9
18129,Posey,IN,2689,28.1,13.2,14.9
25015,Hampshire,MA,16848,15.5,0.6,14.9
51830,Williamsburg,VA,1425,15,0.1,14.9
12049,Hardee,FL,2159,33.5,18.7,14.8
17193,White,IL,1777,45.6,30.8,14.8
24013,Carroll,MD,16782,16.3,1.5,14.8
29099,Jefferson,MO,19864,22.9,8,14.8
31037,Colfax,NE,695,32.2,17.5,14.8
36057,Montgomery,NY,4991,26.7,11.9,14.8
18029,Dearborn,IN,5046,20.1,5.4,14.7
42069,Lackawanna,PA,24549,17.9,3.1,14.7
48381,Randall,TX,12362,16.4,1.8,14.7
50013,Grand Isle,VT,817,25.1,10.3,14.7
29139,Montgomery,MO,1242,41.7,27.1,14.6
46101,Moody,SD,680,34.8,20.2,14.6
18159,Tipton,IN,1749,24.7,10.2,14.5
22007,Assumption,LA,2129,30.8,16.4,14.5
37121,Mitchell,NC,2104,23.4,8.9,14.5
53041,Lewis,WA,9221,42.8,28.4,14.5
08123,Weld,CO,0,32.2,17.8,14.4
13227,Pickens,GA,4058,15.7,1.3,14.4
21007,Ballard,KY,898,33.5,19.1,14.4
21167,Mercer,KY,2483,26.1,11.7,14.4
22095,St. John the Baptist,LA,3274,18.6,4.3,14.4
22113,Vermilion,LA,5081,26.2,11.8,14.4
26111,Midland,MI,9088,20.5,6.2,14.4
37003,Alexander,NC,4010,28.8,14.3,14.4
39005,Ashland,OH,5775,15.6,1.1,14.4
39109,Miami,OH,11527,15.3,0.9,14.4
48315,Marion,TX,1333,29.3,14.9,14.4
51053,Dinwiddie,VA,2872,30.4,16,14.4
51113,Madison,VA,1696,29,14.6,14.4
12079,Madison,FL,2195,44.2,29.9,14.3
26159,Van Buren,MI,7679,20.7,6.4,14.3
55021,Columbia,WI,5802,24,9.7,14.3
06071,San Bernardino,CA,0,57.4,43.2,14.2
37035,Catawba,NC,16568,18.8,4.6,14.2
48071,Chambers,TX,3300,28.3,14.1,14.2
44005,Newport,RI,11315,16.9,2.8,14.1
54103,Wetzel,WV,1768,35.8,21.7,14.1
13211,Morgan,GA,2304,15.2,1.3,14
17129,Menard,IL,1334,16.4,2.4,14
22077,Pointe Coupee,LA,2454,40.1,26.2,14
39055,Geauga,OH,11026,15,1.1,14
39151,Stark,OH,41734,14.4,0.4,14
41025,Harney,OR,994,133.7,119.7,14
51115,Mathews,VA,1562,24.5,10.5,14
55047,Green Lake,WI,2325,25.6,11.6,14
17059,Gallatin,IL,692,49.5,35.6,13.9
17163,St. Clair,IL,23933,18.1,4.3,13.9
34037,Sussex,NJ,14108,20.6,6.7,13.9
36117,Wayne,NY,9659,21.4,7.5,13.9
48259,Kendall,TX,5058,25.1,11.2,13.9
01103,Morgan,AL,0,25,11.2,13.8
13035,Butts,GA,2356,23.5,9.7,13.8
39051,Fulton,OH,4339,27.2,13.4,13.8
26035,Clare,MI,3947,25.9,12.3,13.7
31131,Otoe,NE,1772,40.8,27,13.7
34019,Hunterdon,NJ,13794,17.1,3.3,13.7
45091,York,SC,23934,21.4,7.7,13.7
13015,Bartow,GA,8685,17,3.4,13.6
42129,Westmoreland,PA,45987,17.2,3.7,13.6
45077,Pickens,SC,12325,21.1,7.5,13.6
51049,Cumberland,VA,1203,30.9,17.3,13.6
13181,Lincoln,GA,1031,30.6,17.1,13.5
39085,Lake,OH,27230,15.8,2.3,13.5
39117,Morrow,OH,3547,29.1,15.6,13.5
53045,Mason,WA,8151,22.5,9.1,13.5
54091,Taylor,WV,1848,21.8,8.3,13.5
29013,Bates,MO,1653,45.6,32.1,13.4
47049,Fentress,TN,2349,35.6,22.2,13.4
51109,Louisa,VA,4141,29.3,15.9,13.4
51670,Hopewell,VA,2022,18.8,5.4,13.4
51683,Manassas,VA,2543,14.5,1.2,13.4
19077,Guthrie,IA,1338,45,31.7,13.3
13195,Madison,GA,2919,25.2,12,13.2
22005,Ascension,LA,8839,14,0.8,13.2
16027,Canyon,ID,18595,15.5,2.4,13.1
47085,Humphreys,TN,2154,36,22.8,13.1
55087,Outagamie,WI,16713,22.4,9.3,13.1
34015,Gloucester,NJ,27878,13.4,0.5,13
37157,Rockingham,NC,10469,19.6,6.6,13
42131,Wyoming,PA,3029,24.6,11.7,13
45031,Darlington,SC,6875,20,7,13
13169,Jones,GA,2896,15,2.1,12.9
19099,Jasper,IA,3977,30,17,12.9
20139,Osage,KS,1651,38.2,25.3,12.9
21121,Knox,KY,2952,22.1,9.2,12.9
22093,St. James,LA,2078,27.8,14.8,12.9
36015,Chemung,NY,9025,16.5,3.7,12.9
40011,Blaine,OK,924,52.4,39.5,12.9
47007,Bledsoe,TN,1476,38.4,25.6,12.8
12069,Lake,FL,57205,17.1,4.4,12.7
17179,Tazewell,IL,14180,18,5.3,12.7
54049,Marion,WV,6044,17.3,4.5,12.7
06025,Imperial,CA,0,22.8,10.2,12.6
13013,Barrow,GA,6167,16.3,3.7,12.6
21101,Henderson,KY,4720,16.4,3.7,12.6
36063,Niagara,NY,23162,16,3.5,12.5
39171,Williams,OH,3966,18.6,6.1,12.5
42029,Chester,PA,50887,17.9,5.4,12.5
48229,Hudspeth,TX,181,62,49.5,12.5
42109,Snyder,PA,4293,27.9,15.5,12.4
47133,Overton,TN,2476,15.9,3.5,12.4
55059,Kenosha,WI,14011,17.7,5.4,12.4
18033,DeKalb,IN,4042,15.1,2.9,12.3
21189,Owsley,KY,498,31.1,18.8,12.3
28163,Yazoo,MS,2142,33.7,21.5,12.3
39057,Greene,OH,16654,14.5,2.1,12.3
39103,Medina,OH,18947,14.2,2,12.3
51133,Northumberland,VA,2273,37.3,25,12.3
05125,Saline,AR,0,19.6,7.4,12.2
13159,Jasper,GA,1508,29.5,17.3,12.2
29183,St. Charles,MO,37320,14,1.8,12.2
39093,Lorain,OH,33528,17.7,5.6,12.2
13225,Peach,GA,2673,21.2,9.1,12.1
18175,Washington,IN,2724,30.8,18.7,12.1
45065,McCormick,SC,1875,32.4,20.3,12.1
51135,Nottoway,VA,1593,34.1,21.9,12.1
26051,Gladwin,MI,3532,33,21,12
41009,Columbia,OR,5324,26.7,14.7,12
47089,Jefferson,TN,6174,24.7,12.9,11.9
48331,Milam,TX,2850,42.5,30.7,11.9
54079,Putnam,WV,6037,15.8,3.9,11.9
13301,Warren,GA,674,34.5,22.7,11.8
19015,Boone,IA,2818,26.3,14.4,11.8
27143,Sibley,MN,1478,33.4,21.6,11.8
37167,Stanly,NC,6557,16.2,4.4,11.8
39121,Noble,OH,1542,31.7,19.9,11.8
21187,Owen,KY,1159,36.7,25,11.7
51037,Charlotte,VA,1406,35.7,24,11.7
53059,Skamania,WA,1419,40.8,29.1,11.7
01051,Elmore,AL,0,15.5,3.8,11.6
21043,Carter,KY,2846,34.9,23.2,11.6
39029,Columbiana,OH,11791,20.9,9.3,11.6
22047,Iberville,LA,2973,17.2,5.7,11.5
29047,Clay,MO,21091,13.9,2.5,11.5
37149,Polk,NC,3558,13.8,2.3,11.5
05085,Lonoke,AR,0,26.4,15.1,11.4
19155,Pottawattamie,IA,9311,27.1,15.7,11.4
28033,DeSoto,MS,14093,17.7,6.4,11.4
30095,Stillwater,MT,1099,49.8,38.5,11.4
37199,Yancey,NC,2681,25.3,13.9,11.4
48395,Robertson,TX,1904,35,23.6,11.4
49045,Tooele,UT,3652,55,43.6,11.4
08039,Elbert,CO,0,37,25.7,11.3
12113,Santa Rosa,FL,16928,16.2,4.9,11.3
18059,Hancock,IN,7601,13,1.7,11.3
24039,Somerset,MD,2304,18.1,6.8,11.3
45011,Barnwell,SC,2185,34.8,23.5,11.3
48115,Dawson,TX,930,52.4,41.1,11.3
18081,Johnson,IN,14042,12.7,1.5,11.2
19115,Louisa,IA,1127,34,22.7,11.2
19117,Lucas,IA,976,42.8,31.5,11.2
19197,Wright,IA,1553,39.7,28.6,11.2
42025,Carbon,PA,7544,20.7,9.5,11.2
47173,Union,TN,1957,26.1,14.9,11.2
22099,St. Martin,LA,4583,25.1,13.9,11.1
28059,Jackson,MS,13066,22.8,11.7,11.1
53053,Pierce,WA,73118,20.1,8.9,11.1
06065,Riverside,CA,0,25,14,11
17043,DuPage,IL,85856,12.6,1.6,11
34031,Passaic,NJ,45263,13.4,2.4,11
47009,Blount,TN,15564,15.8,4.8,11
48085,Collin,TX,70208,15.1,4.1,11
55089,Ozaukee,WI,10585,13.3,2.3,11
21219,Todd,KY,1058,28.1,17.2,10.9
26087,Lapeer,MI,8977,29.4,18.6,10.9
30065,Musselshell,MT,756,59.9,49,10.9
40017,Canadian,OK,12057,23.3,12.3,10.9
51685,Manassas Park,VA,865,13,2,10.9
19049,Dallas,IA,7287,21.3,10.5,10.8
47129,Morgan,TN,2042,34.8,23.9,10.8
09130,Lower Connecticut River Valley,CT,0,19.2,8.4,10.7
13011,Banks,GA,1686,18.3,7.6,10.7
21185,Oldham,KY,5051,14.6,3.9,10.7
22071,Orleans,LA,34841,12,1.2,10.7
45081,Saluda,SC,2050,36.1,25.4,10.7
47171,Unicoi,TN,2194,13.5,2.8,10.7
48121,Denton,TX,58436,12.3,1.6,10.7
48467,Van Zandt,TX,6720,35.7,25,10.7
54065,Morgan,WV,2224,26.7,15.9,10.7
16033,Clark,ID,42,52.9,42.3,10.6
18115,Ohio,IN,712,22.3,11.7,10.6
26147,St. Clair,MI,16830,23.8,13.2,10.6
39025,Clermont,OH,20479,12.9,2.2,10.6
19105,Jones,IA,2282,38.1,27.6,10.5
26037,Clinton,MI,7673,14.6,4.1,10.5
26115,Monroe,MI,16113,18.1,7.6,10.5
30069,Petroleum,MT,43,103,92.5,10.5
51005,Alleghany,VA,2148,36.2,25.7,10.5
53029,Island,WA,12070,18.8,8.3,10.5
05053,Grant,AR,0,32,21.6,10.4
29177,Ray,MO,2356,34.4,24,10.4
40081,Lincoln,OK,3413,30.6,20.3,10.4
49003,Box Elder,UT,3920,65.2,54.8,10.4
53035,Kitsap,WA,28270,12.6,2.2,10.4
18163,Vanderburgh,IN,17942,13.5,3.2,10.3
41045,Malheur,OR,2793,66.7,56.4,10.3
51029,Buckingham,VA,1789,30.6,20.3,10.3
01025,Clarke,AL,0,57.3,47.1,10.2
12111,St. Lucie,FL,44927,18.1,7.9,10.2
13113,Fayette,GA,12956,12.6,2.4,10.2
13311,White,GA,3458,22.9,12.8,10.2
26005,Allegan,MI,11376,26.7,16.5,10.2
10001,Kent,DE,18275,14.7,4.6,10.1
21049,Clark,KY,3734,12.8,2.7,10.1
22033,East Baton Rouge,LA,38487,13.3,3.2,10.1
36079,Putnam,NY,9805,15.5,5.3,10.1
42103,Pike,PA,7391,28.1,18,10.1
51580,Covington,VA,651,35.4,25.3,10.1
28129,Smith,MS,1619,40.5,30.5,10
30059,Meagher,MT,324,62.6,52.6,10
47103,Lincoln,TN,3851,28.5,18.5,10
12061,Indian River,FL,30000,22.8,12.9,9.9
13059,Clarke,GA,9135,11.2,1.3,9.9
21209,Scott,KY,4069,17.6,7.7,9.9
30077,Powell,MT,691,53.9,44,9.9
45021,Cherokee,SC,5291,12.8,2.9,9.9
13133,Greene,GA,3075,19.2,9.4,9.8
16019,Bonneville,ID,9252,29.4,19.6,9.8
24031,Montgomery,MD,97899,10.8,1,9.8
27139,Scott,MN,9945,18.3,8.5,9.8
29165,Platte,MO,9277,19.2,9.4,9.8
39017,Butler,OH,33195,11,1.3,9.8
42113,Sullivan,PA,902,33.3,23.5,9.8
47083,Houston,TN,904,34.2,24.4,9.8
48339,Montgomery,TX,47749,11.7,1.9,9.8
13023,Bleckley,GA,1251,30.9,21.2,9.7
17075,Iroquois,IL,3209,34.2,24.6,9.7
21201,Robertson,KY,224,25.2,15.5,9.7
22089,St. Charles,LA,4094,12.2,2.5,9.7
36111,Ulster,NY,20431,22.1,12.4,9.7
51023,Botetourt,VA,4288,21,11.3,9.7
13217,Newton,GA,8856,12.7,3.1,9.6
01011,Bullock,AL,0,31.9,22.5,9.5
25017,Middlesex,MA,145030,11.9,2.4,9.5
28143,Tunica,MS,721,39.4,30,9.5
48371,Pecos,TX,989,72.5,63,9.5
55113,Sawyer,WI,2519,48.3,38.8,9.5
37073,Gates,NC,1243,28.8,19.4,9.4
37169,Stokes,NC,5555,20.1,10.7,9.4
39041,Delaware,OH,17418,13.1,3.7,9.4
42015,Bradford,PA,6956,12.8,3.5,9.4
19039,Clarke,IA,1017,40.6,31.3,9.3
37079,Greene,NC,1928,19,9.7,9.3
51153,Prince William,VA,28750,13.2,3.9,9.3
13199,Meriwether,GA,2405,25.9,16.7,9.2
24027,Howard,MD,27052,12.4,3.1,9.2
27165,Watonwan,MN,1193,33.3,24.1,9.2
28117,Prentiss,MS,2497,31,21.8,9.2
47001,Anderson,TN,8562,15.5,6.2,9.2
54043,Lincoln,WV,2181,19.5,10.3,9.2
20005,Atchison,KS,1595,34.9,25.9,9.1
28123,Scott,MS,2400,32.4,23.3,9.1
36029,Erie,NY,100271,9.6,0.5,9.1
47163,Sullivan,TN,19352,11.7,2.6,9.1
47175,Van Buren,TN,795,36.9,27.8,9.1
49051,Wasatch,UT,2329,28.6,19.6,9.1
53043,Lincoln,WA,1435,46.2,37.1,9.1
12003,Baker,FL,2317,35.2,26.1,9
13157,Jackson,GA,6366,19,10,9
29017,Bollinger,MO,1161,27,18.1,9
39155,Trumbull,OH,24459,14.8,5.8,9
12021,Collier,FL,68175,30,21.1,8.9
34033,Salem,NJ,6777,19.4,10.5,8.9
39133,Portage,OH,15315,17.2,8.3,8.9
55055,Jefferson,WI,8153,15.7,6.8,8.9
04019,Pima,AZ,0,50.3,41.6,8.8
18155,Switzerland,IN,913,28.9,20.2,8.8
25005,Bristol,MA,56181,13.5,4.7,8.8
27037,Dakota,MN,37532,17.2,8.4,8.8
30107,Wheatland,MT,317,73.8,65,8.8
42037,Columbia,PA,7387,11.7,2.8,8.8
48015,Austin,TX,3369,28.9,20.1,8.8
49035,Salt Lake,UT,73689,10.2,1.4,8.8
54039,Kanawha,WV,21510,12.5,3.7,8.8
42075,Lebanon,PA,15979,11.3,2.6,8.7
21065,Estill,KY,1539,25.8,17.2,8.6
22081,Red River,LA,850,37,28.4,8.6
34029,Ocean,NJ,82295,12.8,4.3,8.6
36075,Oswego,NY,10757,27.5,18.9,8.6
49011,Davis,UT,21003,17.9,9.3,8.6
37037,Chatham,NC,10771,17.9,9.4,8.5
48091,Comal,TX,17083,17.6,9.1,8.5
28013,Calhoun,MS,1505,37.7,29.3,8.4
06007,Butte,CA,0,13.9,5.7,8.3
08013,Boulder,CO,0,14.2,5.9,8.3
13049,Charlton,GA,915,39.3,31.1,8.3
13063,Clayton,GA,17626,9.3,1,8.3
18041,Fayette,IN,2572,20.5,12.2,8.3
19121,Madison,IA,1515,27.5,19.2,8.3
22121,West Baton Rouge,LA,2219,15.9,7.6,8.3
25023,Plymouth,MA,56734,15.2,6.9,8.3
37197,Yadkin,NC,4308,20.4,12,8.3
48167,Galveston,TX,29271,10,1.7,8.3
48173,Glasscock,TX,82,33.9,25.6,8.3
27103,Nicollet,MN,3163,19.9,11.8,8.2
45079,Richland,SC,32726,9.8,1.7,8.2
48039,Brazoria,TX,25742,9.7,1.4,8.2
51800,Suffolk,VA,8053,12.7,4.7,8.1
55131,Washington,WI,14066,11.3,3.2,8.1
12109,St. Johns,FL,32787,15.3,7.3,8
26093,Livingston,MI,19387,9.6,1.6,8
44003,Kent,RI,19181,12.2,4.2,8
47159,Smith,TN,1747,23.2,15.2,8
48365,Panola,TX,2429,34.1,26.1,8
12035,Flagler,FL,19883,14.8,6.9,7.9
22087,St. Bernard,LA,2952,33.9,26,7.9
29137,Monroe,MO,1122,43.5,35.5,7.9
45067,Marion,SC,3608,18.4,10.5,7.9
47145,Roane,TN,6710,25.4,17.5,7.9
54087,Roane,WV,1667,35.5,27.6,7.9
12103,Pinellas,FL,136726,10,2.2,7.8
12127,Volusia,FL,76858,16,8.2,7.8
13097,Douglas,GA,9900,11,3.2,7.8
24015,Cecil,MD,9190,14.5,6.7,7.8
36053,Madison,NY,7070,18.6,10.8,7.8
01029,Cleburne,AL,0,23.3,15.6,7.7
13117,Forsyth,GA,17865,11.1,3.5,7.7
20091,Johnson,KS,52633,7.9,0.3,7.7
29135,Moniteau,MO,1346,25.5,17.8,7.7
51181,Surry,VA,857,20.4,12.7,7.7
17141,Ogle,IL,5323,23.4,15.8,7.6
20209,Wyandotte,KS,12013,9.4,1.8,7.6
33015,Rockingham,NH,33245,17.3,9.7,7.6
42017,Bucks,PA,70275,9.9,2.3,7.6
06069,San Benito,CA,0,31.2,23.7,7.5
12013,Calhoun,FL,1275,33.9,26.4,7.5
24023,Garrett,MD,3547,17.7,10.2,7.5
27003,Anoka,MN,29608,12.2,4.7,7.5
30009,Carbon,MT,1470,42.4,35,7.5
36041,Hamilton,NY,824,49.1,41.6,7.5
54031,Hardy,WV,1639,28.3,20.8,7.5
12105,Polk,FL,80799,12.1,4.6,7.4
36083,Rensselaer,NY,15730,15.8,8.4,7.4
36093,Schenectady,NY,15683,13.2,5.9,7.4
48293,Limestone,TX,2493,39.7,32.3,7.4
55101,Racine,WI,18897,17.2,9.7,7.4
13233,Polk,GA,3744,25.5,18.2,7.3
18057,Hamilton,IN,26603,9.6,2.4,7.3
26027,Cass,MI,5922,21.5,14.2,7.3
40037,Creek,OK,7235,28.4,21.1,7.3
09110,Capitol,CT,0,8.1,0.9,7.2
09180,Southeastern Connecticut,CT,0,10.6,3.4,7.2
19167,Sioux,IA,3145,38.1,30.9,7.2
21215,Spencer,KY,1517,20.2,13,7.2
47105,Loudon,TN,8131,18.4,11.2,7.2
13029,Bryan,GA,2779,15.6,8.5,7.1
42095,Northampton,PA,34887,7.5,0.4,7.1
49049,Utah,UT,28505,7.7,0.6,7.1
51199,York,VA,6648,9.1,2.1,7.1
13151,Henry,GA,16816,8.1,1.1,7
13189,McDuffie,GA,2327,23,16,7
19119,Lyon,IA,1257,25.8,18.8,7
21019,Boyd,KY,5473,14.9,7.9,7
26139,Ottawa,MI,26210,17.1,10.1,7
46087,McCook,SD,571,33.4,26.3,7
47019,Carter,TN,6810,14.1,7.1,7
51036,Charles City,VA,937,24.5,17.4,7
06087,Santa Cruz,CA,0,11.4,4.5,6.9
20103,Leavenworth,KS,6839,14.8,7.9,6.9
28057,Itawamba,MS,2382,24.1,17.1,6.9
47161,Stewart,TN,1609,30.6,23.6,6.9
04007,Gila,AZ,0,48.4,41.6,6.8
06085,Santa Clara,CA,0,12.5,5.7,6.8
20173,Sedgwick,KS,44286,9.9,3.2,6.8
39065,Hardin,OH,2688,26.8,20,6.8
51101,King William,VA,1640,22.2,15.4,6.8
13125,Glascock,GA,305,34.8,28.1,6.7
31025,Cass,NE,2607,23,16.3,6.7
42043,Dauphin,PA,28388,12.8,6.1,6.7
42099,Perry,PA,4810,15.1,8.5,6.7
13207,Monroe,GA,2941,22.3,15.7,6.6
33017,Strafford,NH,12067,10.3,3.7,6.6
55061,Kewaunee,WI,2308,20.1,13.5,6.6
47065,Hamilton,TN,37588,11.5,5,6.5
47093,Knox,TN,43874,7.6,1.1,6.5
12089,Nassau,FL,11674,18.3,11.9,6.4
12123,Taylor,FL,2315,47.2,40.8,6.4
13033,Burke,GA,2273,28.4,22.1,6.3
42027,Centre,PA,12935,14.5,8.2,6.3
12101,Pasco,FL,70396,14.5,8.2,6.2
28049,Hinds,MS,20361,17.2,11,6.2
28093,Marshall,MS,3513,27.9,21.7,6.2
30111,Yellowstone,MT,16231,21.9,15.6,6.2
39039,Defiance,OH,4023,12.4,6.2,6.2
45083,Spartanburg,SC,30490,9.9,3.7,6.2
53055,San Juan,WA,3260,23.7,17.5,6.2
19085,Harrison,IA,1514,31.5,25.4,6.1
21015,Boone,KY,10865,9.7,3.7,6.1
32003,Clark,NV,190275,8.5,2.4,6.1
37089,Henderson,NC,16826,7.4,1.2,6.1
47185,White,TN,3058,21.3,15.2,6.1
48041,Brazos,TX,12744,7.2,1.1,6.1
51590,Danville,VA,5430,6.2,0.2,6.1
12131,Walton,FL,8167,24.9,18.8,6
18043,Floyd,IN,7779,9.5,3.5,6
21031,Butler,KY,1209,26.3,20.3,6
45063,Lexington,SC,27782,12.2,6.2,6
51161,Roanoke,VA,11982,8,2,6
55091,Pepin,WI,868,27.2,21.2,6
13319,Wilkinson,GA,1012,26,20.1,5.9
22031,De Soto,LA,2766,30.2,24.3,5.9
34025,Monmouth,NJ,66012,8.7,2.7,5.9
42011,Berks,PA,41753,6.3,0.5,5.8
47027,Clay,TN,1068,22.4,16.6,5.8
51775,Salem,VA,2861,7.7,2,5.8
04005,Coconino,AZ,0,41.6,35.9,5.7
18147,Spencer,IN,2040,19.4,13.7,5.7
21197,Powell,KY,1107,17.4,11.7,5.7
29089,Howard,MO,1100,29.8,24.1,5.7
42079,Luzerne,PA,36165,11.4,5.7,5.7
42097,Northumberland,PA,10762,9.9,4.2,5.7
48145,Falls,TX,1741,26.5,20.8,5.7
48201,Harris,TX,299328,5.8,0.2,5.7
51093,Isle of Wight,VA,4151,13.5,7.7,5.7
51127,New Kent,VA,2314,24,18.4,5.7
51179,Stafford,VA,9665,8.4,2.7,5.7
22063,Livingston,LA,10765,21.8,16.2,5.6
39165,Warren,OH,20456,14.3,8.7,5.6
42009,Bedford,PA,5944,28.8,23.3,5.6
48499,Wood,TX,6565,32.4,26.8,5.6
54099,Wayne,WV,4532,15.3,9.6,5.6
17007,Boone,IL,4557,9.6,4.1,5.5
17097,Lake,IL,58885,7.4,2,5.5
19189,Winnebago,IA,1249,31,25.5,5.5
20121,Miami,KS,3241,25.5,20,5.5
21141,Logan,KY,2930,30.8,25.3,5.5
29095,Jackson,MO,62911,6.7,1.3,5.5
34021,Mercer,NJ,33634,6,0.5,5.5
39087,Lawrence,OH,5982,15.5,10,5.5
51041,Chesterfield,VA,32501,9.6,4.2,5.5
12007,Bradford,FL,2925,22.7,17.3,5.4
12077,Liberty,FL,457,42.9,37.5,5.4
37069,Franklin,NC,6709,20.8,15.4,5.4
37135,Orange,NC,12720,7.8,2.3,5.4
40073,Kingfisher,OK,1327,32.6,27.2,5.4
40111,Okmulgee,OK,3809,31.2,25.8,5.4
48141,El Paso,TX,63140,7.7,2.3,5.4
21029,Bullitt,KY,7443,17.3,12,5.3
48185,Grimes,TX,2881,17.1,11.8,5.3
27053,Hennepin,MN,105827,5.9,0.7,5.2
30031,Gallatin,MT,8369,16.3,11.1,5.2
34035,Somerset,NJ,31930,6.2,1,5.2
36107,Tioga,NY,5332,17.5,12.3,5.2
47115,Marion,TN,3170,8.6,3.4,5.2
48157,Fort Bend,TX,56170,8.7,3.5,5.2
51510,Alexandria,VA,11170,5.6,0.4,5.2
06001,Alameda,CA,0,6.3,1.2,5.1
06029,Kern,CA,0,16.6,11.5,5.1
06041,Marin,CA,0,12.5,7.3,5.1
34027,Morris,NJ,50118,5.9,0.8,5.1
55133,Waukesha,WI,44194,8.2,3.1,5.1
17153,Pulaski,IL,609,22.7,17.7,5
18019,Clark,IN,11393,15.2,10.2,5
22075,Plaquemines,LA,1677,45.8,40.8,5
27045,Fillmore,MN,2456,25.2,20.2,5
29019,Boone,MO,13516,7.4,2.4,5
06077,San Joaquin,CA,0,7,2.1,4.9
24045,Wicomico,MD,9484,6.2,1.3,4.9
29175,Randolph,MO,2349,40,35,4.9
39097,Madison,OH,3809,19.5,14.6,4.9
47141,Putnam,TN,7484,6.3,1.3,4.9
53021,Franklin,WA,5043,27.5,22.6,4.9
08049,Grand,CO,0,39.7,34.9,4.8
12133,Washington,FL,2540,32.4,27.6,4.8
13077,Coweta,GA,12099,5.3,0.5,4.8
21113,Jessamine,KY,4602,13.5,8.6,4.8
24033,Prince George's,MD,80365,6.4,1.6,4.8
37183,Wake,NC,80915,5.2,0.5,4.8
39137,Putnam,OH,3339,20.2,15.4,4.8
40145,Wagoner,OK,7587,21,16.3,4.8
47187,Williamson,TN,19518,6.8,2,4.8
48181,Grayson,TX,13675,7.7,2.9,4.8
12011,Broward,FL,189158,9.7,5,4.7
12129,Wakulla,FL,2963,23.8,19.1,4.7
21165,Menifee,KY,668,21,16.2,4.7
26081,Kent,MI,52352,7.2,2.5,4.7
51033,Caroline,VA,2827,20.1,15.4,4.7
51600,Fairfax,VA,2000,4.9,0.1,4.7
08065,Lake,CO,0,29.7,25.1,4.6
17201,Winnebago,IL,28345,8.8,4.2,4.6
21077,Gallatin,KY,704,24.7,20.1,4.6
26067,Ionia,MI,5397,23.4,18.8,4.6
29053,Cooper,MO,1799,30.6,26,4.6
51045,Craig,VA,390,21.7,17.1,4.6
53011,Clark,WA,44978,12,7.4,4.6
13163,Jefferson,GA,1661,34.3,29.9,4.5
17113,McLean,IL,13372,7.8,3.3,4.5
20191,Sumner,KS,2313,31.7,27.2,4.5
21017,Bourbon,KY,2207,17.6,13,4.5
39001,Adams,OH,2672,23.6,19.1,4.5
08037,Eagle,CO,0,10,5.6,4.4
12125,Union,FL,1141,25.4,21,4.4
13073,Columbia,GA,12936,11.6,7.1,4.4
20107,Linn,KS,1091,48.7,44.3,4.4
26049,Genesee,MI,41394,4.5,0.1,4.4
34011,Cumberland,NJ,13204,10.1,5.7,4.4
36119,Westchester,NY,100289,4.9,0.5,4.4
01001,Autauga,AL,0,26,21.7,4.3
21181,Nicholas,KY,681,19,14.7,4.3
31055,Douglas,NE,44688,5.1,0.8,4.3
37033,Caswell,NC,2833,17,12.7,4.3
39011,Auglaize,OH,4744,12.2,7.9,4.3
44007,Providence,RI,59369,9.3,5,4.3
47153,Sequatchie,TN,1822,23.2,18.9,4.3
06021,Glenn,CA,0,30.8,26.5,4.2
20015,Butler,KS,5755,25.4,21.2,4.2
20045,Douglas,KS,8749,11.2,7,4.2
21037,Campbell,KY,8684,9,4.8,4.2
28081,Lee,MS,7381,7.2,3,4.2
42077,Lehigh,PA,36263,6.6,2.3,4.2
51009,Amherst,VA,3723,17.3,13.1,4.2
51107,Loudoun,VA,24227,8.3,4.1,4.2
22015,Bossier,LA,10755,14.6,10.5,4.1
29037,Cass,MO,10634,18.3,14.2,4.1
37147,Pitt,NC,14023,4.3,0.2,4.1
51167,Russell,VA,3198,20.7,16.6,4.1
06037,Los Angeles,CA,0,9.4,5.4,4
21191,Pendleton,KY,1307,25.5,21.6,4
26125,Oakland,MI,126566,8.2,4.3,4
29007,Audrain,MO,2628,30.9,26.9,4
48029,Bexar,TX,144908,5,0.9,4
16085,Valley,ID,1501,81.5,77.6,3.9
17167,Sangamon,IL,20921,4.7,0.8,3.9
20059,Franklin,KS,2413,32.6,28.7,3.9
51191,Washington,VA,7047,4.8,0.9,3.9
53067,Thurston,WA,30102,12.3,8.4,3.9
13245,Richmond,GA,17640,7.8,4.1,3.8
26121,Muskegon,MI,17225,8.3,4.5,3.8
48217,Hill,TX,3882,33,29.2,3.8
55093,Pierce,WI,3523,15.2,11.5,3.8
12041,Gilchrist,FL,2037,25.8,22,3.7
13047,Catoosa,GA,6882,11.8,8.1,3.7
36087,Rockland,NY,29675,4.7,1,3.7
37059,Davie,NC,5187,15.3,11.6,3.7
39089,Licking,OH,16774,5.8,2.1,3.7
13079,Crawford,GA,1292,22.2,18.6,3.6
13089,DeKalb,GA,59256,5.9,2.4,3.6
17143,Peoria,IL,17950,8.4,4.8,3.6
22051,Jefferson,LA,43629,12.7,9,3.6
29031,Cape Girardeau,MO,7941,11,7.5,3.6
31153,Sarpy,NE,13287,9,5.3,3.6
45041,Florence,SC,13914,13.3,9.7,3.6
48055,Caldwell,TX,3901,22,18.4,3.6
51810,Virginia Beach,VA,39694,7,3.4,3.6
12029,Dixie,FL,1891,47.3,43.8,3.5
17175,Stark,IL,638,25.2,21.6,3.5
19095,Iowa,IA,1725,26.9,23.4,3.5
29201,Scott,MO,3945,15.1,11.6,3.5
33011,Hillsborough,NH,38504,9.6,6.1,3.5
34005,Burlington,NJ,46751,12,8.5,3.5
42059,Greene,PA,3784,19.8,16.3,3.5
45037,Edgefield,SC,2759,20.9,17.5,3.5
12039,Gadsden,FL,4728,24.8,21.4,3.4
12075,Levy,FL,5602,32.6,29.2,3.4
17021,Christian,IL,3642,27.2,23.7,3.4
37115,Madison,NC,2729,19.9,16.6,3.4
13289,Twiggs,GA,1016,14.5,11.3,3.3
23005,Cumberland,ME,33584,12.9,9.7,3.3
23023,Sagadahoc,ME,4789,7.1,3.7,3.3
26065,Ingham,MI,22946,7.5,4.1,3.3
48491,Williamson,TX,45839,7.1,3.7,3.3
51177,Spotsylvania,VA,11673,12,8.7,3.3
12005,Bay,FL,17768,8.9,5.7,3.2
13057,Cherokee,GA,23088,3.7,0.5,3.2
18003,Allen,IN,33136,5.2,2,3.2
46083,Lincoln,SD,5247,13.8,10.6,3.2
48473,Waller,TX,3544,20.8,17.6,3.2
06081,San Mateo,CA,0,8.6,5.5,3.1
31021,Burt,NE,877,29.8,26.7,3.1
48011,Armstrong,TX,246,34.4,31.3,3.1
08001,Adams,CO,0,28,25,3
13045,Carroll,GA,9485,3.1,0.1,3
36091,Saratoga,NY,24730,6.8,3.8,3
06111,Ventura,CA,0,13.4,10.5,2.9
13083,Dade,GA,1803,17.8,14.9,2.9
51550,Chesapeake,VA,19956,7,4.1,2.9
51740,Portsmouth,VA,8698,3.5,0.5,2.9
08014,Broomfield,CO,0,4.4,1.5,2.8
13051,Chatham,GA,27516,3.9,1.1,2.8
21149,McLean,KY,967,20.6,17.7,2.8
28127,Simpson,MS,2622,30.9,28.1,2.8
34017,Hudson,NJ,50821,3.3,0.6,2.8
37107,Lenoir,NC,6669,6.6,3.8,2.8
47157,Shelby,TN,76729,7.1,4.4,2.8
51680,Lynchburg,VA,6632,3.9,1,2.8
12037,Franklin,FL,1640,54.9,52.2,2.7
12073,Leon,FL,23824,3.8,1.1,2.7
21081,Grant,KY,1877,26.4,23.7,2.7
51013,Arlington,VA,14712,2.8,0.1,2.7
21239,Woodford,KY,2915,13.2,10.6,2.6
36067,Onondaga,NY,47739,3.7,1.1,2.6
39127,Perry,OH,3303,20,17.4,2.6
39169,Wayne,OH,11758,5,2.5,2.6
48209,Hays,TX,16457,12.4,9.8,2.6
48309,McLennan,TX,22215,3.7,1.1,2.6
51007,Amelia,VA,1449,21.6,19.1,2.6
51125,Nelson,VA,2360,21.9,19.3,2.6
13295,Walker,GA,7336,20.4,17.9,2.5
27161,Waseca,MN,1801,20.8,18.3,2.5
48051,Burleson,TX,2143,20.9,18.5,2.5
53057,Skagit,WA,15330,28.2,25.6,2.5
55079,Milwaukee,WI,75068,3.9,1.4,2.5
17031,Cook,IL,458142,3,0.6,2.4
19181,Warren,IA,4768,19.1,16.7,2.4
35001,Bernalillo,NM,66519,4.4,2,2.4
39095,Lucas,OH,40974,4.1,1.7,2.4
45045,Greenville,SC,49284,5.1,2.7,2.4
51065,Fluvanna,VA,3126,17.7,15.3,2.4
09190,Western Connecticut,CT,0,3.8,1.5,2.3
27031,Cook,MN,859,95,92.7,2.3
37103,Jones,NC,1202,17.7,15.4,2.3
39099,Mahoning,OH,27889,6,3.8,2.3
51710,Norfolk,VA,16947,3.2,0.9,2.3
01085,Lowndes,AL,0,26.7,24.5,2.2
06067,Sacramento,CA,0,5.7,3.5,2.2
19153,Polk,IA,37947,4.2,2,2.2
48035,Bosque,TX,2460,34.3,32.1,2.2
11001,District of Columbia,DC,49945,2.1,0,2.1
42049,Erie,PA,28271,8.9,6.7,2.1
51520,Bristol,VA,2283,5.7,3.6,2.1
51770,Roanoke,VA,10300,2.5,0.4,2.1
08031,Denver,CO,0,2.3,0.3,2
12086,Miami-Dade,FL,261647,12.4,10.4,2
13219,Oconee,GA,3663,4.4,2.4,2
26099,Macomb,MI,87682,3.7,1.7,2
31177,Washington,NE,2128,15.4,13.4,2
36059,Nassau,NY,140742,2.5,0.5,2
37063,Durham,NC,26479,2.5,0.5,2
45019,Charleston,SC,40284,3.2,1.2,2
48459,Upshur,TX,4100,20.3,18.3,2
54011,Cabell,WV,10325,5.2,3.2,2
36055,Monroe,NY,76789,4.8,2.8,1.9
39003,Allen,OH,10451,4.1,2.2,1.9
44001,Bristol,RI,5669,7.9,6,1.9
48461,Upton,TX,311,39.3,37.4,1.9
49057,Weber,UT,17230,5.4,3.5,1.9
09170,South Central Connecticut,CT,0,5.2,3.3,1.8
13021,Bibb,GA,14861,5,3.2,1.8
13247,Rockdale,GA,8264,3.4,1.7,1.8
18161,Union,IN,759,14.5,12.7,1.8
36077,Otsego,NY,6711,8.7,6.9,1.8
48113,Dallas,TX,167319,2.5,0.7,1.8
48231,Hunt,TX,8800,3.9,2.1,1.8
48359,Oldham,TX,118,42.4,40.6,1.8
51169,Scott,VA,2877,12.9,11.1,1.8
51760,Richmond,VA,17938,2.2,0.4,1.8
55009,Brown,WI,23217,2.2,0.4,1.8
01097,Mobile,AL,0,8.8,7.1,1.7
05035,Crittenden,AR,0,18,16.3,1.7
05119,Pulaski,AR,0,2.8,1.1,1.7
09140,Naugatuck Valley,CT,0,2.6,0.8,1.7
10003,New Castle,DE,53174,7.3,5.6,1.7
37081,Guilford,NC,48085,2.3,0.6,1.7
37119,Mecklenburg,NC,75928,2,0.4,1.7
47005,Benton,TN,1989,22,20.3,1.7
48183,Gregg,TX,11187,5.7,4,1.7
51099,King George,VA,1932,17.9,16.3,1.7
51610,Falls Church,VA,1180,1.7,0,1.7
01073,Jefferson,AL,0,6.2,4.7,1.6
09120,Greater Bridgeport,CT,0,2.3,0.7,1.6
17123,Marshall,IL,1477,23.3,21.7,1.6
39061,Hamilton,OH,75888,3.9,2.4,1.6
39153,Summit,OH,57042,2.9,1.3,1.6
48423,Smith,TX,22663,4,2.4,1.6
51059,Fairfax,VA,89520,3.3,1.7,1.6
53073,Whatcom,WA,22597,34.5,32.9,1.6
06039,Madera,CA,0,24.6,23.1,1.5
13121,Fulton,GA,75956,4.6,3.1,1.5
13135,Gwinnett,GA,58322,2,0.5,1.5
27079,Le Sueur,MN,2779,20.8,19.3,1.5
34007,Camden,NJ,48185,2.9,1.4,1.5
36001,Albany,NY,31564,8.3,6.9,1.5
54061,Monongalia,WV,7434,3.9,2.5,1.5
12033,Escambia,FL,32159,13.4,12,1.4
12057,Hillsborough,FL,122634,2.2,0.7,1.4
16001,Ada,ID,42869,11.7,10.3,1.4
21117,Kenton,KY,14358,6.4,5,1.4
29189,St. Louis,MO,106526,1.6,0.2,1.4
34013,Essex,NJ,69245,2.2,0.8,1.4
42071,Lancaster,PA,58856,4.3,2.9,1.4
46125,Turner,SD,929,25,23.7,1.4
51087,Henrico,VA,32344,1.8,0.3,1.4
51650,Hampton,VA,12788,3.1,1.7,1.4
06059,Orange,CA,0,3,1.7,1.3
41005,Clackamas,OR,44262,21.9,20.6,1.3
41039,Lane,OR,42443,11.8,10.5,1.3
45039,Fairfield,SC,2577,20.6,19.4,1.3
48317,Martin,TX,276,23,21.6,1.3
53063,Spokane,WA,50288,3.2,1.9,1.3
01101,Montgomery,AL,0,9.4,8.1,1.2
25021,Norfolk,MA,71233,1.9,0.7,1.2
27123,Ramsey,MN,47093,4.5,3.2,1.2
36047,Kings,NY,230881,1.5,0.2,1.2
36103,Suffolk,NY,147479,8.5,7.3,1.2
37067,Forsyth,NC,36548,3.4,2.1,1.2
47179,Washington,TN,13464,6.2,5,1.2
51069,Frederick,VA,9197,4.9,3.7,1.2
55007,Bayfield,WI,2464,16.5,15.3,1.2
01089,Madison,AL,0,2.7,1.7,1.1
12099,Palm Beach,FL,204808,13.3,12.2,1.1
21183,Ohio,KY,2285,23.3,22.2,1.1
25001,Barnstable,MA,40943,4.8,3.7,1.1
36085,Richmond,NY,46407,1.3,0.2,1.1
39049,Franklin,OH,95185,1.4,0.3,1.1
46099,Minnehaha,SD,14690,10.9,9.8,1.1
47073,Hawkins,TN,6709,21.7,20.6,1.1
04013,Maricopa,AZ,0,12.3,11.3,1
19103,Johnson,IA,10977,2.4,1.4,1
19131,Mitchell,IA,1216,25,23.9,1
25027,Worcester,MA,77963,7.2,6.2,1
39113,Montgomery,OH,55681,5.7,4.8,1
51001,Accomack,VA,4522,7.8,6.7,1
51143,Pittsylvania,VA,7899,17.1,16.2,1
55031,Douglas,WI,4491,26.8,25.8,1
08047,Gilpin,CO,0,18.3,17.4,0.9
12045,Gulf,FL,1756,29.5,28.7,0.9
19071,Fremont,IA,814,13.2,12.2,0.9
19081,Hancock,IA,1393,27.4,26.5,0.9
26077,Kalamazoo,MI,22999,4.5,3.6,0.9
26163,Wayne,MI,162512,2.1,1.2,0.9
34041,Warren,NJ,11393,8.6,7.8,0.9
36081,Queens,NY,226601,1.2,0.3,0.9
37141,Pender,NC,6110,16.5,15.6,0.9
41067,Washington,OR,47887,7.6,6.7,0.9
47047,Fayette,TN,5055,20.3,19.4,0.9
51079,Greene,VA,2152,18.3,17.5,0.9
54005,Boone,WV,2456,20.4,19.6,0.9
12009,Brevard,FL,80747,2.6,1.8,0.8
12117,Seminole,FL,43727,4.3,3.5,0.8
47037,Davidson,TN,51375,1.3,0.5,0.8
47079,Henry,TN,4193,2.4,1.7,0.8
48453,Travis,TX,75888,3.1,2.3,0.8
49029,Morgan,UT,764,18.6,17.8,0.8
51075,Goochland,VA,3205,16.3,15.6,0.8
19033,Cerro Gordo,IA,5426,5.9,5.1,0.7
19139,Muscatine,IA,4063,25.5,24.8,0.7
24510,Baltimore,MD,50895,0.8,0.1,0.7
25013,Hampden,MA,46181,1.7,1,0.7
28121,Rankin,MS,14713,9.7,9,0.7
47061,Grundy,TN,1555,21.6,21,0.7
48375,Potter,TX,8916,13.7,13,0.7
48439,Tarrant,TX,142794,3.4,2.7,0.7
50007,Chittenden,VT,15343,2.5,1.8,0.7
51540,Charlottesville,VA,3381,1,0.3,0.7
53061,Snohomish,WA,65518,22,21.2,0.7
12085,Martin,FL,27340,13.7,13.1,0.6
13149,Heard,GA,1067,19.4,18.8,0.6
17203,Woodford,IL,3826,20.8,20.2,0.6
19031,Cedar,IA,2011,22.5,21.9,0.6
24005,Baltimore,MD,86542,1.7,1.1,0.6
27109,Olmsted,MN,14867,2.9,2.2,0.6
34003,Bergen,NJ,94865,1,0.3,0.6
41051,Multnomah,OR,63587,2.6,2,0.6
47017,Carroll,TN,3120,24,23.5,0.6
51700,Newport News,VA,14746,2.3,1.8,0.6
06019,Fresno,CA,0,5,4.5,0.5
12031,Duval,FL,85849,1.2,0.7,0.5
17039,De Witt,IL,1695,21.3,20.8,0.5
17053,Ford,IL,1436,11.7,11.2,0.5
18097,Marion,IN,71290,1.2,0.6,0.5
21125,Laurel,KY,5686,1.7,1.1,0.5
24001,Allegany,MD,7786,3.6,3.1,0.5
24041,Talbot,MD,6131,2.3,1.8,0.5
27157,Wabasha,MN,2539,21.5,21,0.5
36061,New York,NY,168653,0.8,0.3,0.5
39035,Cuyahoga,OH,135300,2.4,1.9,0.5
40143,Tulsa,OK,56479,1.8,1.3,0.5
42101,Philadelphia,PA,134068,0.7,0.1,0.5
51003,Albemarle,VA,12699,2.6,2.1,0.5
08059,Jefferson,CO,0,9,8.7,0.4
12001,Alachua,FL,23411,1,0.6,0.4
19069,Franklin,IA,1131,29.3,28.8,0.4
27163,Washington,MN,23686,3.2,2.8,0.4
36005,Bronx,NY,118339,0.6,0.1,0.4
39115,Morgan,OH,1607,24.6,24.2,0.4
06075,San Francisco,CA,0,1.3,1,0.3
12095,Orange,FL,102546,2.4,2.1,0.3
13067,Cobb,GA,57075,2.4,2,0.3
21011,Bath,KY,1163,12.3,12,0.3
21023,Bracken,KY,774,15.4,15.1,0.3
22001,Acadia,LA,5096,6.2,5.9,0.3
25025,Suffolk,MA,58104,0.8,0.5,0.3
36045,Jefferson,NY,9197,5.3,5.1,0.3
18177,Wayne,IN,7187,6.7,6.5,0.2
21067,Fayette,KY,26216,2.3,2.1,0.2
26021,Berrien,MI,17421,6.9,6.7,0.2
35057,Torrance,NM,1637,49.4,49.2,0.2
42133,York,PA,46045,0.9,0.7,0.2
51011,Appomattox,VA,1837,18.9,18.7,0.2
51043,Clarke,VA,1758,10.7,10.5,0.2
51735,Poquoson,VA,1278,6.5,6.2,0.2
55025,Dane,WI,45287,1,0.8,0.2
55069,Lincoln,WI,3409,25.7,25.5,0.2
18141,St. Joseph,IN,24999,4.2,4.1,0.1
24011,Caroline,MD,3093,14.7,14.6,0.1
29510,St. Louis,MO,24488,0.7,0.6,0.1
34039,Union,NJ,47966,0.3,0.2,0.1
36113,Warren,NY,8135,20,19.9,0.1
42045,Delaware,PA,55564,0.9,0.8,0.1
47021,Cheatham,TN,3418,16.7,16.5,0.1
12097,Osceola,FL,30070,19.9,19.9,0
21173,Montgomery,KY,2773,2.9,2.9,0
24003,Anne Arundel,MD,50586,2.9,2.9,0
25009,Essex,MA,81638,6.6,6.6,0
31053,Dodge,NE,3944,13.1,13.1,0
36115,Washington,NY,6623,10.8,10.9,0
39135,Preble,OH,4293,14.3,14.3,0
40109,Oklahoma,OK,63455,6.1,6,0
51630,Fredericksburg,VA,1809,0,0,0
51840,Winchester,VA,2691,0.2,0.2,0
01003,Baldwin,AL,0,9,9.2,-0.1
21111,Jefferson,KY,74205,2.9,3,-0.1
21177,Muhlenberg,KY,3411,2.3,2.4,-0.1
22017,Caddo,LA,24618,8.9,9,-0.1
34023,Middlesex,NJ,75173,0.7,0.8,-0.1
42003,Allegheny,PA,138777,1.3,1.3,-0.1
42093,Montour,PA,2214,5.3,5.4,-0.1
44009,Washington,RI,15915,4.5,4.6,-0.1
13139,Hall,GA,18086,0.3,0.5,-0.2
19195,Worth,IA,853,15.8,16,-0.2
37021,Buncombe,NC,31677,2,2.2,-0.2
48329,Midland,TX,10237,9,9.2,-0.2
13221,Oglethorpe,GA,1558,18.3,18.6,-0.3
31155,Saunders,NE,2127,16.3,16.6,-0.3
42041,Cumberland,PA,27489,2.2,2.5,-0.3
54023,Grant,WV,1385,23.7,24,-0.3
06073,San Diego,CA,0,17.2,17.6,-0.4
35043,Sandoval,NM,15992,29.1,29.4,-0.4
12065,Jefferson,FL,1931,19.4,20,-0.5
21109,Jackson,KY,1255,20.7,21.3,-0.5
31127,Nemaha,NE,744,35.6,36.1,-0.5
39015,Brown,OH,4342,5.1,5.6,-0.5
01117,Shelby,AL,0,8.2,8.8,-0.6
12119,Sumter,FL,41817,9.8,10.4,-0.6
16073,Owyhee,ID,1174,69.6,70.2,-0.6
31147,Richardson,NE,1035,46,46.6,-0.6
51145,Powhatan,VA,3102,12.7,13.3,-0.6
19067,Floyd,IA,1908,21.7,22.4,-0.7
22055,Lafayette,LA,19529,1.1,1.8,-0.7
28115,Pontotoc,MS,2588,14.9,15.6,-0.7
42091,Montgomery,PA,88807,3.6,4.2,-0.7
48383,Reagan,TX,156,54.3,55,-0.7
53005,Benton,WA,17322,10.6,11.3,-0.7
42051,Fayette,PA,15472,3.3,4.1,-0.8
19145,Page,IA,1925,10.5,11.5,-0.9
39125,Paulding,OH,1842,15.7,16.6,-0.9
48379,Rains,TX,1565,21.8,22.6,-0.9
55073,Marathon,WI,13642,5.3,6.3,-0.9
08069,Larimer,CO,0,20,21,-1
28017,Chickasaw,MS,1748,23.1,24.1,-1
39119,Muskingum,OH,8809,2.6,3.6,-1
06053,Monterey,CA,0,36.6,37.7,-1.1
13143,Haralson,GA,2615,15.3,16.5,-1.1
29027,Callaway,MO,4070,17.7,18.8,-1.1
51085,Hanover,VA,11360,9.4,10.4,-1.1
36027,Dutchess,NY,30231,8.8,10.1,-1.3
08019,Clear Creek,CO,0,22.1,23.5,-1.4
37129,New Hanover,NC,24328,0.5,1.8,-1.4
53033,King,WA,170709,7.9,9.4,-1.4
06013,Contra Costa,CA,0,3.8,5.3,-1.5
29005,Atchison,MO,707,20.9,22.4,-1.5
17003,Alexander,IL,663,13.3,14.8,-1.6
21203,Rockcastle,KY,1683,19.3,21,-1.6
27013,Blue Earth,MN,5545,8.1,9.7,-1.6
27049,Goodhue,MN,5132,11.5,13.3,-1.7
17197,Will,IL,53775,4.4,6.2,-1.8
40083,Logan,OK,4448,15.2,17,-1.8
26073,Isabella,MI,4767,3.1,5,-1.9
26161,Washtenaw,MI,30834,0.4,2.4,-1.9
35061,Valencia,NM,7525,23.2,25.1,-1.9
18173,Warrick,IN,6630,10.3,12.4,-2.1
27039,Dodge,MN,1667,16.9,19,-2.1
45051,Horry,SC,49975,4,6.2,-2.2
48147,Fannin,TX,3435,25.3,27.5,-2.2
20087,Jefferson,KS,1851,16.8,19,-2.3
35053,Socorro,NM,1713,71.5,73.9,-2.3
08035,Douglas,CO,0,2.8,5.5,-2.7
17089,Kane,IL,42239,2,4.7,-2.7
42089,Monroe,PA,16526,6.6,9.2,-2.7
37025,Cabarrus,NC,17385,1.5,4.3,-2.8
48103,Crane,TX,373,26.1,28.9,-2.8
51031,Campbell,VA,6345,10.9,13.7,-2.8
30061,Mineral,MT,644,45.6,48.6,-3
30063,Missoula,MT,10488,7.8,10.8,-3
16039,Elmore,ID,2135,37.2,40.4,-3.1
55003,Ashland,WI,1736,17.8,20.9,-3.1
08005,Arapahoe,CO,0,21,24.2,-3.2
13223,Paulding,GA,11220,6.6,9.9,-3.2
16023,Butte,ID,273,52,55.3,-3.3
16015,Boise,ID,999,31,34.5,-3.5
47091,Johnson,TN,2241,14.9,18.5,-3.7
48135,Ector,TX,8815,6.1,9.9,-3.8
47087,Jackson,TN,1436,12.1,16.2,-4.1
24047,Worcester,MD,8101,9.6,14.1,-4.5
16051,Jefferson,ID,1905,21.4,26,-4.7
48495,Winkler,TX,555,34.2,39.5,-5.2
32029,Storey,NV,794,6.1,12.1,-5.9
55027,Dodge,WI,8727,8,14.8,-6.9
54057,Mineral,WV,3234,2.3,12.3,-10
